g CH0069_Cutin_Face_Outline
v -0.031453215 -0.09588783 0.7561302
v -0.026414387 -0.09454227 0.7522214
v -0.031960443 -0.0930146 0.75530225
v -0.10120034 -0.06322232 0.73936063
v -0.096480004 -0.063897334 0.7342225
v -0.09975086 -0.063282296 0.74023587
v 0.07050263 -0.0754524 0.71721303
v 0.070337914 -0.0752175 0.71790236
v 0.07324593 -0.07393745 0.7181443
v 0.06371183 -0.077957265 0.7177858
v 0.0639318 -0.07833104 0.7165452
v 0.05608511 -0.08010219 0.7180818
v 0.05596005 -0.08041114 0.71682304
v 0.048325103 -0.08169327 0.7180089
v 0.048737545 -0.08144008 0.71876717
v 0.046278276 -0.08183567 0.7192452
v 0.091384426 -0.003345046 0.70551795
v 0.08931617 -0.016218912 0.697611
v 0.09545242 -0.0089178225 0.7100721
v 0.08634936 -0.00496753 0.6992318
v 0.07214958 -0.008820893 0.68595433
v 0.07886328 -0.027500868 0.6843384
v 0.0557787 -0.014380695 0.6752259
v 0.06354678 -0.0401533 0.6710799
v 0.035499137 -0.021427292 0.6660591
v 0.049228996 -0.05117993 0.66306686
v 0.02022102 -0.028919281 0.6615779
v 0.03519015 -0.057572033 0.65821487
v -0 -0.03975942 0.6568359
v 0.029155068 -0.0073136254 0.6692697
v 0.023588499 -0.06275681 0.65495765
v 0.009245039 -0.06890767 0.6514514
v -0 -0.07192407 0.65004593
v -0.009245039 -0.06890767 0.6514514
v -0.023588499 -0.06275681 0.65495765
v -0.03519015 -0.057572033 0.65821487
v -0.02022102 -0.028919281 0.6615779
v -0.049228996 -0.05117993 0.66306686
v 0.049938057 0.002669935 0.677891
v 0.01824501 0.014358926 0.675894
v -0.035499137 -0.021427292 0.6660591
v -0.06354678 -0.0401533 0.6710799
v -0.029155068 -0.0073136254 0.6692697
v -0.0557787 -0.014380695 0.6752259
v -0.07886328 -0.027500868 0.6843384
v 0.02798551 0.028774314 0.6840581
v -0 0.02122991 0.6769
v 0.057631504 0.027038269 0.69340485
v 0.07640384 0.025882792 0.7123297
v 0.09795753 0.00964807 0.7214803
v 0.10428634 0.0038790416 0.70683223
v 0.11670591 0.016093431 0.714701
v 0.10464878 0.019429607 0.74287343
v 0.12930334 0.025387147 0.73244274
v 0.13476466 0.026221136 0.75471944
v 0.13294096 0.01953206 0.76877135
v 0.12691212 0.00690238 0.77380896
v 0.11619957 -0.0063680434 0.7690967
v 0.008223181 0.029937485 0.6838584
v -0 0.031145519 0.6843169
v -0.008223181 0.029937485 0.6838584
v -0.02798551 0.028774314 0.6840581
v -0.01824501 0.014358926 0.675894
v -0.049938057 0.002669935 0.677891
v -0.057631504 0.027038269 0.69340485
v -0.07214958 -0.008820893 0.68595433
v -0.08931617 -0.016218912 0.697611
v -0.08634936 -0.00496753 0.6992318
v -0.07640384 0.025882792 0.7123297
v -0.091384426 -0.003345046 0.70551795
v -0.09545242 -0.0089178225 0.7100721
v -0.09795753 0.00964807 0.7214803
v -0.10428634 0.0038790416 0.70683223
v -0.11670591 0.016093431 0.714701
v -0.10464878 0.019429607 0.74287343
v -0.12930334 0.025387147 0.73244274
v -0.13476466 0.026221136 0.75471944
v -0.13294096 0.01953206 0.76877135
v -0.12691212 0.00690238 0.77380896
v -0.11619957 -0.0063680434 0.7690967
v 0.03505977 -0.10273243 0.77420485
v 0.039935905 -0.10267995 0.776202
v 0.04004102 -0.10237947 0.77519095
v 0.047426358 -0.10140242 0.77787787
v 0.04751856 -0.10083595 0.7761618
v 0.05497216 -0.099274516 0.77839726
v 0.05492505 -0.09865831 0.77667165
v 0.06377075 -0.09627861 0.7779753
v 0.06335239 -0.095964104 0.7768736
v 0.07100153 -0.09281486 0.7767809
v 0.11619957 -0.0063680434 0.7690967
v 0.12691212 0.00690238 0.77380896
v 0.10885877 -0.0060326885 0.74087447
v 0.13294096 0.01953206 0.76877135
v 0.13476466 0.026221136 0.75471944
v 0.12930334 0.025387147 0.73244274
v 0.11670591 0.016093431 0.714701
v 0.10428634 0.0038790416 0.70683223
v 0.09545242 -0.0089178225 0.7100721
v 0.091384426 -0.003345046 0.70551795
v 0.054180916 -0.09152233 0.7705566
v 0.05419567 -0.09553528 0.76685005
v 0.047508698 -0.09710659 0.76723766
v 0.04788428 -0.09398886 0.76945275
v 0.03974034 -0.097042784 0.76732147
v 0.039818846 -0.09827099 0.7661942
v 0.033948023 -0.099070646 0.7649215
v 0.10148474 -0.063917115 0.74809414
v 0.106587805 -0.06418803 0.7485704
v 0.101933986 -0.06648675 0.7548379
v 0.10429544 -0.06345225 0.7435624
v 0.10120034 -0.06322232 0.73936063
v 0.09975086 -0.063282296 0.74023587
v 0.096480004 -0.063897334 0.7342225
v 0.09808954 -0.06875245 0.73922944
v 0.09504452 -0.066738814 0.7346271
v 0.09052426 -0.06565522 0.72928196
v 0.093509436 -0.06552902 0.73510534
v 0.09542473 -0.06584451 0.7396364
v 0.09653337 -0.066374056 0.74348265
v 0.10026896 -0.07097165 0.74297416
v 0.096644916 -0.06737339 0.7462897
v 0.10164581 -0.07291182 0.74596846
v 0.10194336 -0.07438903 0.74807966
v 0.094358444 -0.07023678 0.7497571
v 0.10592548 -0.07015637 0.7457426
v 0.10817294 -0.0641655 0.74343693
v 0.106587805 -0.06418803 0.7485704
v 0.101933986 -0.06648675 0.7548379
v 0.099045426 -0.078981996 0.7533494
v 0.09497293 -0.072070144 0.760864
v 0.09392777 -0.08291944 0.75722104
v 0.08989185 -0.073733784 0.75307304
v 0.08666151 -0.07810267 0.7659821
v 0.08316862 -0.07952971 0.7572324
v 0.085430704 -0.087494485 0.76182944
v 0.07595745 -0.083911896 0.76933604
v 0.07450677 -0.08313463 0.7599871
v 0.07526548 -0.09112869 0.7652266
v 0.06427056 -0.08848869 0.7707948
v 0.06400412 -0.08646782 0.76168394
v 0.06411999 -0.09356844 0.7667506
v 0.05622917 -0.091213256 0.7708168
v 0.05701658 -0.08844633 0.7622102
v 0.056505755 -0.09522806 0.7669777
v 0.04828661 -0.09278764 0.769379
v 0.049974993 -0.0901111 0.7618352
v 0.048997752 -0.09663824 0.7658998
v 0.042755134 -0.09378164 0.7669999
v 0.045674514 -0.090893626 0.7609287
v 0.04400419 -0.09728176 0.7640174
v 0.03906429 -0.09432456 0.7646197
v 0.041522767 -0.09133289 0.75968057
v 0.040185563 -0.097257115 0.76210743
v 0.035632398 -0.09439466 0.7618005
v 0.037493452 -0.09178539 0.75808376
v 0.036553357 -0.0968503 0.75985616
v 0.03510537 -0.09203745 0.75689626
v 0.033027496 -0.09439612 0.7594031
v 0.033962455 -0.0964315 0.75803524
v 0.031960443 -0.0930146 0.75530225
v 0.031453215 -0.09588783 0.7561302
v 0.030638117 -0.09445178 0.75704855
v 0.026414387 -0.09454227 0.7522214
v 0.04030638 -0.09627512 0.7679949
v 0.040444277 -0.096611366 0.7674899
v 0.034587417 -0.09737892 0.76552135
v 0.047286127 -0.095152125 0.76945585
v 0.04705859 -0.09469953 0.7702213
v 0.0542175 -0.09331823 0.7706712
v 0.054161385 -0.0928451 0.771442
v 0.064214535 -0.09064285 0.770992
v 0.06422325 -0.09006477 0.77194107
v 0.0747879 -0.08737005 0.7699169
v 0.075266935 -0.08671587 0.7706373
v 0.08465522 -0.08352823 0.76779544
v 0.084939055 -0.082762584 0.7684065
v 0.091002546 -0.080599666 0.7656711
v 0.0912276 -0.08023279 0.76601416
v 0.09736611 -0.0776792 0.7631449
v -0.07050263 -0.0754524 0.71721303
v -0.07324593 -0.07393745 0.7181443
v -0.070337914 -0.0752175 0.71790236
v -0.06371183 -0.077957265 0.7177858
v -0.0639318 -0.07833104 0.7165452
v -0.05608511 -0.08010219 0.7180818
v -0.05596005 -0.08041114 0.71682304
v -0.048325103 -0.08169327 0.7180089
v -0.048737545 -0.08144008 0.71876717
v -0.046278276 -0.08183567 0.7192452
v -0.03505977 -0.10273243 0.77420485
v -0.04004102 -0.10237947 0.77519095
v -0.039935905 -0.10267995 0.776202
v -0.047426358 -0.10140242 0.77787787
v -0.04751856 -0.10083595 0.7761618
v -0.05497216 -0.099274516 0.77839726
v -0.05492505 -0.09865831 0.77667165
v -0.06377075 -0.09627861 0.7779753
v -0.06335239 -0.095964104 0.7768736
v -0.07100153 -0.09281486 0.7767809
v -0.11619957 -0.0063680434 0.7690967
v -0.10885877 -0.0060326885 0.74087447
v -0.12691212 0.00690238 0.77380896
v -0.13294096 0.01953206 0.76877135
v -0.13476466 0.026221136 0.75471944
v -0.12930334 0.025387147 0.73244274
v -0.11670591 0.016093431 0.714701
v -0.10428634 0.0038790416 0.70683223
v -0.09545242 -0.0089178225 0.7100721
v -0.091384426 -0.003345046 0.70551795
v -0.09504452 -0.066738814 0.7346271
v -0.09542473 -0.06584451 0.7396364
v -0.093509436 -0.06552902 0.73510534
v -0.09808954 -0.06875245 0.73922944
v -0.09653337 -0.066374056 0.74348265
v -0.10026896 -0.07097165 0.74297416
v -0.096644916 -0.06737339 0.7462897
v -0.09653337 -0.066374056 0.74348265
v -0.10026896 -0.07097165 0.74297416
v -0.10164581 -0.07291182 0.74596846
v -0.10429544 -0.06345225 0.7435624
v -0.09808954 -0.06875245 0.73922944
v -0.10194336 -0.07438903 0.74807966
v -0.094358444 -0.07023678 0.7497571
v -0.10120034 -0.06322232 0.73936063
v -0.096480004 -0.063897334 0.7342225
v -0.09504452 -0.066738814 0.7346271
v -0.09052426 -0.06565522 0.72928196
v -0.093509436 -0.06552902 0.73510534
v -0.10592548 -0.07015637 0.7457426
v -0.099045426 -0.078981996 0.7533494
v -0.09392777 -0.08291944 0.75722104
v -0.08989185 -0.073733784 0.75307304
v -0.08316862 -0.07952971 0.7572324
v -0.085430704 -0.087494485 0.76182944
v -0.07450677 -0.08313463 0.7599871
v -0.07526548 -0.09112869 0.7652266
v -0.06400412 -0.08646782 0.76168394
v -0.06411999 -0.09356844 0.7667506
v -0.05701658 -0.08844633 0.7622102
v -0.056505755 -0.09522806 0.7669777
v -0.101933986 -0.06648675 0.7548379
v -0.09497293 -0.072070144 0.760864
v -0.08666151 -0.07810267 0.7659821
v -0.07595745 -0.083911896 0.76933604
v -0.06427056 -0.08848869 0.7707948
v -0.05622917 -0.091213256 0.7708168
v -0.106587805 -0.06418803 0.7485704
v -0.04828661 -0.09278764 0.769379
v -0.048997752 -0.09663824 0.7658998
v -0.042755134 -0.09378164 0.7669999
v -0.10922429 -0.06413141 0.7471036
v -0.10897194 -0.069191866 0.7451811
v -0.10817294 -0.0641655 0.74343693
v -0.10922429 -0.06413141 0.7471036
v -0.1128392 -0.068544894 0.74458265
v -0.11267352 -0.06459628 0.7433814
v -0.049974993 -0.0901111 0.7618352
v -0.05701658 -0.08844633 0.7622102
v -0.045674514 -0.090893626 0.7609287
v -0.04400419 -0.09728176 0.7640174
v -0.03906429 -0.09432456 0.7646197
v -0.041522767 -0.09133289 0.75968057
v -0.040185563 -0.097257115 0.76210743
v -0.035632398 -0.09439466 0.7618005
v -0.037493452 -0.09178539 0.75808376
v -0.036553357 -0.0968503 0.75985616
v -0.03510537 -0.09203745 0.75689626
v -0.033027496 -0.09439612 0.7594031
v -0.033962455 -0.0964315 0.75803524
v -0.031960443 -0.0930146 0.75530225
v -0.031453215 -0.09588783 0.7561302
v -0.030638117 -0.09445178 0.75704855
v -0.026414387 -0.09454227 0.7522214
v -0.054180916 -0.09152233 0.7705566
v -0.047508698 -0.09710659 0.76723766
v -0.05419567 -0.09553528 0.76685005
v -0.04788428 -0.09398886 0.76945275
v -0.03974034 -0.097042784 0.76732147
v -0.039818846 -0.09827099 0.7661942
v -0.033948023 -0.099070646 0.7649215
v -0.10817294 -0.0641655 0.74343693
v -0.10922429 -0.06413141 0.7471036
v -0.11300271 -0.0645335 0.74554825
v -0.10897194 -0.069191866 0.7451811
v -0.11683216 -0.06553735 0.74454147
v -0.11701618 -0.06541647 0.7433838
v -0.11691882 -0.06830087 0.7441323
v -0.12299971 -0.068271324 0.7438529
v -0.10148474 -0.063917115 0.74809414
v -0.101933986 -0.06648675 0.7548379
v -0.106587805 -0.06418803 0.7485704
v -0.10120034 -0.06322232 0.73936063
v -0.09975086 -0.063282296 0.74023587
v -0.04030638 -0.09627512 0.7679949
v -0.034587417 -0.09737892 0.76552135
v -0.040444277 -0.096611366 0.7674899
v -0.047286127 -0.095152125 0.76945585
v -0.04705859 -0.09469953 0.7702213
v -0.0542175 -0.09331823 0.7706712
v -0.054161385 -0.0928451 0.771442
v -0.064214535 -0.09064285 0.770992
v -0.06422325 -0.09006477 0.77194107
v -0.0747879 -0.08737005 0.7699169
v -0.075266935 -0.08671587 0.7706373
v -0.08465522 -0.08352823 0.76779544
v -0.084939055 -0.082762584 0.7684065
v -0.091002546 -0.080599666 0.7656711
v -0.0912276 -0.08023279 0.76601416
v -0.09736611 -0.0776792 0.7631449
v 0.10922429 -0.06413141 0.7471036
v 0.10897194 -0.069191866 0.7451811
v 0.1128392 -0.068544894 0.74458265
v 0.11300271 -0.0645335 0.74554825
v 0.11267352 -0.06459628 0.7433814
v 0.11683216 -0.06553735 0.74454147
v 0.11701618 -0.06541647 0.7433838
v 0.11691882 -0.06830087 0.7441323
v 0.12299971 -0.068271324 0.7438529
v -0.0044325623 -0.10410705 0.68196106
v -0.0067451517 -0.103420846 0.6821587
v -0.0075296164 -0.09484126 0.67868316
v -0.0021168306 -0.10475853 0.681864
v -0 -0.09613154 0.67667496
v -0 -0.1053528 0.6818235
v -0.0084670065 -0.10308716 0.6823362
v 0.0021168306 -0.10475853 0.681864
v -0.012441227 -0.09458042 0.68236923
v -0.008636874 -0.10305204 0.6823878
v -0.007634673 -0.0954763 0.6871221
v -0.008467693 -0.10312298 0.68239063
v -0.006748294 -0.10361757 0.68227154
v -0.0044325623 -0.104307495 0.68209136
v -0 -0.097504735 0.68907636
v -0.0021168306 -0.10495893 0.6819943
v -0 -0.10554744 0.6819972
v 0.0021168306 -0.10495893 0.6819943
v 0.0044325623 -0.104307495 0.68209136
v 0.007634673 -0.0954763 0.6871221
v 0.006748294 -0.10361757 0.68227154
v 0.008467693 -0.10312298 0.68239063
v 0.008636874 -0.10305204 0.6823878
v -0.006798006 -0.08979261 0.68237865
v -0 -0.08820627 0.6823808
v 0.012441227 -0.09458042 0.68236923
v 0.0084670065 -0.10308716 0.6823362
v 0.006798006 -0.08979261 0.68237865
v 0.0075296164 -0.09484126 0.67868316
v 0.0067451517 -0.103420846 0.6821587
v 0.0044325623 -0.10410705 0.68196106
v -0.07050263 -0.0754524 0.71721303
v -0.08228732 -0.07445425 0.7103919
v -0.07324593 -0.07393745 0.7181443
v -0.078828275 -0.07135687 0.7197121
v -0.091030605 -0.06762436 0.7155907
v -0.08510464 -0.068099104 0.7238861
v -0.09792953 -0.061059207 0.7234258
v -0.09052426 -0.065655224 0.7292819
v -0.103197955 -0.057703804 0.73252195
v -0.096480004 -0.063897334 0.7342225
v -0.09975086 -0.063282296 0.74023587
v -0.10531153 -0.0568585 0.7395453
v -0.10148474 -0.063917115 0.74809414
v -0.107675344 -0.056313455 0.74808043
v -0.101933986 -0.06648675 0.7548379
v -0.09643856 -0.062058028 0.7057551
v -0.103459135 -0.05356755 0.71796805
v -0.10773638 -0.048229054 0.7299054
v -0.08660417 -0.07070809 0.69797176
v -0.073690936 -0.07920682 0.69129187
v -0.09800773 -0.0514138 0.69853646
v -0.10941656 -0.04520235 0.7382661
v -0.10440919 -0.039181203 0.7125103
v -0.09583546 -0.034967877 0.6960423
v -0.08848039 -0.06193056 0.686961
v -0.10797706 -0.028645586 0.7264149
v -0.07219112 -0.080865145 0.7075346
v -0.06474532 -0.08486128 0.7060059
v -0.0639318 -0.07833104 0.7165452
v -0.05596005 -0.08041114 0.71682304
v -0.055977404 -0.08855379 0.7056984
v -0.048325103 -0.08169327 0.7180089
v -0.10011527 -0.02181335 0.7104346
v -0.06411845 -0.08458732 0.68837637
v -0.04547288 -0.09269037 0.70675254
v -0.046278276 -0.08183567 0.7192452
v -0.037451677 -0.09419317 0.7103548
v -0.030521456 -0.098312244 0.6949673
v -0.040961273 -0.08296049 0.7232817
v -0.044592287 -0.09099655 0.6850553
v -0.05520515 -0.08755031 0.6867978
v -0.059906065 -0.07653018 0.6709281
v -0.030238586 -0.095101334 0.714953
v -0.037614197 -0.08356909 0.72794724
v -0.051248692 -0.07909702 0.6685808
v -0.07394802 -0.0706999 0.67668676
v -0.08658991 -0.047864236 0.68213624
v -0.07084374 -0.05885155 0.67142236
v -0.024869632 -0.091785654 0.72731906
v -0.035428494 -0.08481346 0.7362454
v -0.056355808 -0.06614365 0.6646596
v -0.07886328 -0.027500868 0.6843384
v -0.08931617 -0.016218912 0.697611
v -0.06354678 -0.0401533 0.6710799
v -0.09545242 -0.0089178225 0.7100721
v -0.049228996 -0.05117993 0.66306686
v -0.10152249 -0.007611511 0.7240187
v -0.046877947 -0.06965076 0.6615448
v -0.03519015 -0.057572033 0.65821487
v -0.11006788 -0.024748577 0.73643917
v -0.10885877 -0.0060326885 0.74087447
v -0.040891755 -0.08220012 0.6658813
v -0.03715676 -0.07323692 0.6585921
v -0.023588499 -0.06275681 0.65495765
v -0.111301884 -0.042625196 0.7479123
v -0.11222141 -0.021771898 0.7477632
v -0.03446087 -0.09458189 0.6840786
v -0.030283744 -0.08554725 0.66368294
v -0.029052481 -0.07618993 0.6569388
v -0.11344325 -0.043350153 0.76057595
v -0.11434446 -0.021252304 0.76032364
v -0.11619957 -0.0063680434 0.7690967
v -0.1164622 -0.023156602 0.7734188
v -0.11870069 -0.011804001 0.79360324
v -0.018038109 -0.07961553 0.65384734
v -0.009245039 -0.06890767 0.6514514
v -0.01789967 -0.08902023 0.66110665
v -0.010058418 -0.09019785 0.65966606
v -0.010274327 -0.08170245 0.6514571
v -0 -0.07192407 0.65004593
v -0 -0.084765926 0.64965063
v -0.11877105 -0.02722194 0.78987074
v -0.119328514 -0.017557556 0.8195415
v -0.01765478 -0.09699396 0.6762036
v -0.0129074715 -0.09601671 0.6719067
v -0.11498841 -0.04810675 0.77238476
v -0.12016663 -0.035925027 0.81946516
v -0.111043975 -0.03247612 0.85938734
v -0.021025363 -0.09906725 0.6830606
v -0.109069824 -0.05916356 0.75865805
v -0.1086674 -0.06724832 0.7719003
v -0.09497293 -0.072070144 0.760864
v -0.08666151 -0.07810267 0.7659821
v -0.11732953 -0.05672445 0.7921242
v -0.11054085 -0.05702052 0.8545263
v -0.08814115 -0.046283707 0.8924073
v -0.11394943 -0.067131296 0.7942904
v -0.11594328 -0.06278323 0.8169069
v -0.09607485 -0.08046002 0.78095615
v -0.08718748 -0.07402623 0.879481
v -0.06789204 -0.050725084 0.90226614
v -0.10565892 -0.07425848 0.8498748
v -0.104894504 -0.08155807 0.81735814
v -0.08236795 -0.09268665 0.7843415
v -0.07595745 -0.083911896 0.76933604
v -0.06427056 -0.08848869 0.7707948
v -0.101736344 -0.08245713 0.79914397
v -0.08621828 -0.09446674 0.80159634
v -0.06528958 -0.09786425 0.784913
v -0.05622917 -0.091213256 0.7708168
v -0.08706852 -0.0951259 0.81722003
v -0.08645275 -0.09192979 0.84795636
v -0.06684698 -0.102145135 0.8013846
v -0.04834146 -0.10206987 0.7826677
v -0.04828661 -0.09278764 0.769379
v -0.042755134 -0.09378164 0.7669999
v -0.030708306 -0.10482212 0.7772668
v -0.03906429 -0.09432456 0.7646197
v -0.035632398 -0.09439466 0.7618005
v -0.08712068 -0.08590105 0.8654334
v -0.06859689 -0.10242515 0.84617925
v -0.048309583 -0.107093886 0.7992371
v -0.070442006 -0.09477653 0.87060046
v -0.0676921 -0.10386484 0.8164356
v -0.051141415 -0.10954727 0.8456726
v -0.049670346 -0.11015083 0.8153971
v -0.032167774 -0.11024051 0.79576606
v -0.015786136 -0.1135383 0.7926587
v -0.033360224 -0.11483322 0.8146448
v -0.0690476 -0.08124607 0.88814723
v -0.041306265 -0.056546196 0.911956
v -0.053005937 -0.10029838 0.8743755
v -0.039670516 -0.088383555 0.8962973
v -0.021028528 -0.059315242 0.9164987
v -0.034618374 -0.11399436 0.84531754
v -0.03767048 -0.10428177 0.87521565
v -0.020956967 -0.090689294 0.8991253
v -0 -0.05980778 0.91719985
v -0.019826934 -0.107194476 0.87675995
v -0.018776054 -0.11675748 0.8451247
v -0 -0.091114216 0.8991225
v -0.017447863 -0.118268184 0.81440574
v -0 -0.10734981 0.87671494
v 0.020956967 -0.090689294 0.8991253
v 0.021028528 -0.059315242 0.9164987
v -0 -0.11706325 0.84511113
v 0.019826934 -0.107194476 0.87675995
v 0.039670516 -0.088383555 0.8962973
v 0.041306265 -0.056546196 0.911956
v -0 -0.119037546 0.81459403
v 0.018776054 -0.11675748 0.8451247
v 0.03767048 -0.10428177 0.87521565
v 0.0690476 -0.08124607 0.88814723
v 0.06789204 -0.050725084 0.90226614
v 0.017447863 -0.118268184 0.81440574
v 0.015786136 -0.1135383 0.7926587
v 0.034618374 -0.11399436 0.84531754
v 0.033360224 -0.11483322 0.8146448
v 0.053005937 -0.10029838 0.8743755
v 0.08718748 -0.07402623 0.879481
v 0.08814115 -0.046283707 0.8924073
v 0.051141415 -0.10954727 0.8456726
v 0.070442006 -0.09477653 0.87060046
v -0 -0.11432674 0.78953636
v -0 -0.108775295 0.7731751
v 0.11054085 -0.05702052 0.8545263
v 0.111043975 -0.03247612 0.85938734
v 0.049670346 -0.11015083 0.8153971
v -0.014161991 -0.107048646 0.77416486
v -0.025128594 -0.1001572 0.76494026
v -0.03510537 -0.09203745 0.7568962
v -0.013356227 -0.10375162 0.7661527
v -0.023771951 -0.09673307 0.7576286
v 0.12016663 -0.035925027 0.81946516
v 0.119328514 -0.017557556 0.8195415
v -0.022907035 -0.094351806 0.7510867
v -0.03425156 -0.088711165 0.7500504
v 0.11877105 -0.02722194 0.78987074
v 0.11870069 -0.011804001 0.79360324
v -0.022734184 -0.09237482 0.7443444
v -0.034247335 -0.086425 0.74370575
v 0.1164622 -0.023156602 0.7734188
v 0.11619957 -0.0063680434 0.7690967
v -0.02352346 -0.09130962 0.73628414
v 0.11434446 -0.021252304 0.76032364
v 0.10885877 -0.0060326885 0.74087447
v 0.11732953 -0.05672445 0.7921242
v 0.11498841 -0.04810675 0.77238476
v 0.11344325 -0.043350153 0.76057595
v 0.11222141 -0.021771898 0.7477632
v 0.11594328 -0.06278323 0.8169069
v 0.11006788 -0.024748577 0.73643917
v 0.10129803 -0.007659807 0.7235029
v 0.11394943 -0.067131296 0.7942904
v 0.10565892 -0.07425848 0.8498748
v 0.111301884 -0.042625196 0.7479123
v 0.104894504 -0.08155807 0.81735814
v 0.08712068 -0.08590105 0.8654334
v 0.08645275 -0.09192979 0.84795636
v 0.06859689 -0.10242515 0.84617925
v 0.08706852 -0.0951259 0.81722003
v 0.0676921 -0.10386484 0.8164356
v 0.101736344 -0.08245713 0.79914397
v 0.08621828 -0.09446674 0.80159634
v 0.06684698 -0.102145135 0.8013846
v 0.09607485 -0.08046002 0.78095615
v 0.048309583 -0.107093886 0.7992371
v 0.08236795 -0.09268665 0.7843415
v 0.1086674 -0.06724832 0.7719003
v 0.032167774 -0.11024051 0.79576606
v 0.030708306 -0.10482212 0.7772668
v 0.06528958 -0.09786425 0.784913
v 0.04834146 -0.10206987 0.7826677
v 0.08666151 -0.07810267 0.7659821
v 0.07595745 -0.083911896 0.76933604
v 0.06427056 -0.08848869 0.7707948
v 0.05622917 -0.091213256 0.7708168
v 0.04828661 -0.09278764 0.769379
v 0.042755134 -0.09378164 0.7669999
v 0.09497293 -0.072070144 0.760864
v 0.03906429 -0.09432456 0.7646197
v 0.101933986 -0.06648675 0.7548379
v 0.035632398 -0.09439466 0.7618005
v 0.109069824 -0.05916356 0.75865805
v 0.107675344 -0.056313455 0.74808043
v 0.10148474 -0.063917115 0.74809414
v 0.025128594 -0.1001572 0.76494026
v 0.03510537 -0.09203745 0.7568962
v 0.10531153 -0.0568585 0.7395453
v 0.09975086 -0.063282296 0.74023587
v 0.10941656 -0.04520235 0.7382661
v 0.103197955 -0.057703804 0.73252195
v 0.096480004 -0.063897334 0.7342225
v 0.09052426 -0.065655224 0.7292819
v 0.10797706 -0.028645586 0.7264149
v 0.10773638 -0.048229054 0.7299054
v 0.09792953 -0.061059207 0.7234258
v 0.08510464 -0.068099104 0.7238861
v 0.10011527 -0.02181335 0.7104346
v 0.09545242 -0.0089178225 0.7100721
v 0.09583546 -0.034967877 0.6960423
v 0.08931617 -0.016218912 0.697611
v 0.07886328 -0.027500868 0.6843384
v 0.10440919 -0.039181203 0.7125103
v 0.103459135 -0.05356755 0.71796805
v 0.091030605 -0.06762436 0.7155907
v 0.078828275 -0.07135687 0.7197121
v 0.09800773 -0.0514138 0.69853646
v 0.09643856 -0.062058028 0.7057551
v 0.08228732 -0.07445425 0.7103919
v 0.07324593 -0.07393745 0.7181443
v 0.07050263 -0.0754524 0.71721303
v 0.08660417 -0.07070809 0.69797176
v 0.073690936 -0.07920682 0.69129187
v 0.08848039 -0.06193056 0.686961
v 0.07219112 -0.080865145 0.7075346
v 0.06474532 -0.08486128 0.7060059
v 0.0639318 -0.07833104 0.7165452
v 0.05596005 -0.08041114 0.71682304
v 0.08658991 -0.047864236 0.68213624
v 0.055977404 -0.08855379 0.7056984
v 0.048325103 -0.08169327 0.7180089
v 0.07394802 -0.0706999 0.67668676
v 0.07084374 -0.05885155 0.67142236
v 0.06354678 -0.0401533 0.6710799
v 0.049228996 -0.05117993 0.66306686
v 0.06411845 -0.08458732 0.68837637
v 0.059906065 -0.07653018 0.6709281
v 0.056355808 -0.06614365 0.6646596
v 0.05520515 -0.08755031 0.6867978
v 0.04547288 -0.09269037 0.70675254
v 0.046278276 -0.08183567 0.7192452
v 0.046877947 -0.06965076 0.6615448
v 0.03519015 -0.057572033 0.65821487
v 0.051248692 -0.07909702 0.6685808
v 0.044592287 -0.09099655 0.6850553
v 0.030521456 -0.098312244 0.6949673
v 0.037451677 -0.09419317 0.7103548
v 0.040961273 -0.08296049 0.7232817
v 0.03715676 -0.07323692 0.6585921
v 0.023588499 -0.06275681 0.65495765
v 0.040891755 -0.08220012 0.6658813
v 0.03446087 -0.09458189 0.6840786
v 0.030283744 -0.08554725 0.66368294
v 0.029052481 -0.07618993 0.6569388
v 0.018038109 -0.07961553 0.65384734
v 0.009245039 -0.06890767 0.6514514
v 0.01789967 -0.08902023 0.66110665
v 0.010058418 -0.09019785 0.65966606
v 0.010274327 -0.08170245 0.6514571
v -0 -0.07192407 0.65004593
v 0.01765478 -0.09699396 0.6762036
v 0.021025363 -0.09906725 0.6830606
v 0.0129074715 -0.09601671 0.6719067
v -0 -0.09210604 0.6585573
v 0.013858373 -0.10144163 0.6826233
v 0.018899638 -0.10127536 0.68794775
v 0.0126387095 -0.100132346 0.6791376
v 0.007495236 -0.09630104 0.6696808
v 0.0034076525 -0.096862085 0.6687734
v 0.009526688 -0.099850535 0.6764162
v -0.0034076525 -0.096862085 0.6687734
v -0 -0.097789876 0.6686025
v -0 -0.101157494 0.6745279
v 0.002847112 -0.10030111 0.6746306
v 0.006078721 -0.09984682 0.6752475
v -0.007495236 -0.09630104 0.6696808
v 0.00728647 -0.102861784 0.6807392
v 0.0023387242 -0.10344631 0.67972106
v -0.002847112 -0.10030111 0.6746306
v 0.004776801 -0.10301178 0.68000966
v -0.009526688 -0.099850535 0.6764162
v -0.006078721 -0.09984682 0.6752475
v -0.0023387242 -0.10344631 0.67972106
v -0.0126387095 -0.100132346 0.6791376
v -0.00728647 -0.102861784 0.6807392
v -0 -0.10398842 0.679636
v -0.013858373 -0.10144163 0.6826233
v -0.004776801 -0.10301178 0.68000966
v -0.018899638 -0.10127536 0.68794775
v -0.0044325623 -0.10410705 0.68196106
v -0.0067451517 -0.103420846 0.6821587
v -0.0021168306 -0.10475853 0.681864
v -0 -0.1053528 0.6818235
v 0.0021168306 -0.10475853 0.681864
v 0.0044325623 -0.10410705 0.68196106
v 0.0067451517 -0.103420846 0.6821587
v -0.0084670065 -0.10308716 0.6823362
v 0.0084670065 -0.10308716 0.6823362
v -0.0085672885 -0.102805994 0.6818856
v -0.008636874 -0.10305204 0.6823878
v 0.0085672885 -0.102805994 0.6818856
v 0.008636874 -0.10305204 0.6823878
v -0.013085635 -0.10248516 0.68499124
v 0.013085635 -0.10248516 0.68499124
v -0.008569613 -0.10320776 0.6827658
v -0.008467693 -0.10312298 0.68239063
v -0.0073430305 -0.10374935 0.6834257
v -0.006748294 -0.10361757 0.68227154
v -0.011072676 -0.10363001 0.6875703
v -0.0048767435 -0.10498226 0.68416196
v -0.0044325623 -0.104307495 0.68209136
v -0.007505487 -0.105884284 0.68967396
v -0.0021542758 -0.10603098 0.68429697
v -0.0021168306 -0.10495893 0.6819943
v -0 -0.10674923 0.68431693
v -0 -0.10554744 0.6819972
v 0.0021168306 -0.10495893 0.6819943
v -0.015286379 -0.10365286 0.6922897
v -0.0035648234 -0.10817062 0.69054544
v -0.010762095 -0.10639345 0.69497585
v -0.02423104 -0.10223276 0.70253724
v -0.0055527757 -0.10972658 0.6966028
v -0.014720898 -0.107643545 0.7056221
v -0.02363114 -0.1009263 0.7100297
v -0.014336531 -0.10600086 0.7109533
v -0 -0.11696012 0.7137215
v -0.013234083 -0.10142466 0.71795493
v -0 -0.117054075 0.70874107
v -0 -0.11260687 0.6970613
v -0.011502453 -0.09701465 0.72766495
v -0 -0.10706793 0.7214162
v -0.011106782 -0.09533239 0.73621804
v -0 -0.109830186 0.6907476
v 0.0035648234 -0.10817062 0.69054544
v 0.0055527757 -0.10972658 0.6966028
v 0.0021542758 -0.10603098 0.68429697
v 0.0044325623 -0.104307495 0.68209136
v 0.007505487 -0.105884284 0.68967396
v 0.0048767435 -0.10498226 0.68416196
v 0.006748294 -0.10361757 0.68227154
v 0.0073430305 -0.10374935 0.6834257
v 0.008467693 -0.10312298 0.68239063
v 0.014720898 -0.107643545 0.7056221
v 0.010762095 -0.10639345 0.69497585
v 0.011072676 -0.10363001 0.6875703
v 0.008569613 -0.10320776 0.6827658
v 0.015286379 -0.10365286 0.6922897
v 0.02423104 -0.10223276 0.70253724
v 0.014336531 -0.10600086 0.7109533
v 0.02363114 -0.1009263 0.7100297
v 0.013234083 -0.10142466 0.71795493
v 0.030238586 -0.095101334 0.714953
v 0.037614197 -0.08356909 0.72794724
v 0.024869632 -0.091785654 0.72731906
v 0.035428494 -0.08481346 0.7362454
v 0.011502453 -0.09701465 0.72766495
v 0.02352346 -0.09130962 0.73628414
v 0.034247335 -0.086425 0.74370575
v -0 -0.101696126 0.72856903
v 0.011106782 -0.09533239 0.73621804
v 0.022734184 -0.09237482 0.7443444
v 0.03425156 -0.088711165 0.7500504
v -0 -0.0982625 0.73663795
v 0.011234451 -0.09602465 0.74479836
v 0.022907035 -0.094351806 0.7510867
v -0.011234451 -0.09602465 0.74479836
v -0 -0.09852804 0.7455535
v -0.011764957 -0.09793348 0.75172794
v 0.023771951 -0.09673307 0.7576286
v 0.011764957 -0.09793348 0.75172794
v -0.012480223 -0.1003532 0.7580423
v -0 -0.10019272 0.75168395
v 0.012480223 -0.1003532 0.7580423
v -0 -0.10264696 0.757645
v 0.013356227 -0.10375162 0.7661527
v -0 -0.10603648 0.76591665
v 0.014161991 -0.107048646 0.77416486
v -0.09184702 -0.07635241 0.75969267
v -0.0944149 -0.07892637 0.7558488
v -0.09839447 -0.07840052 0.7563481
v -0.09646336 -0.07458595 0.75406927
v -0.097292304 -0.07659018 0.7589637
v -0.10066613 -0.07462879 0.7550046
v -0.100786775 -0.07674721 0.7585587
v -0.10188774 -0.07800138 0.75675553
v -0.103653654 -0.07492108 0.7557073
v -0.10473102 -0.07693235 0.75821346
v -0.10583319 -0.07766116 0.757161
v -0.10704576 -0.07589258 0.75659764
v -0.111107126 -0.07723406 0.7576895
v -0 -0.10276918 0.6819559
v -0 -0.09235773 0.6866312
v 0.0025775763 -0.09211588 0.68645626
v -0.0025775763 -0.09211588 0.68645626
v 0.0027299048 -0.102507554 0.6819511
v 0.006348713 -0.09176801 0.6860697
v 0.005261341 -0.10152933 0.68201554
v 0.009306598 -0.09110406 0.68532777
v -0.0027299048 -0.102507554 0.6819511
v -0.006348713 -0.09176801 0.6860697
v -0.005261341 -0.10152933 0.68201554
v -0.009306598 -0.09110406 0.68532777
v 0.0026643884 -0.10261658 0.68096495
v 0.007395398 -0.09843868 0.6824878
v 0.009367759 -0.09055599 0.6844936
v -0.0026643884 -0.10261658 0.68096495
v -0.007395398 -0.09843868 0.6824878
v -0.009367759 -0.09055599 0.6844936
v 0.0049175313 -0.101605184 0.6810545
v 0.006984788 -0.098119296 0.68154305
v -0 -0.10279315 0.6810366
v -0.0049175313 -0.101605184 0.6810545
v -0.006984788 -0.098119296 0.68154305
v 0.006622408 -0.09776653 0.68114114
v 0.008570864 -0.090594836 0.6837241
v 0.00456117 -0.10085918 0.6805426
v 0.0056455233 -0.091117896 0.6845875
v 0.0024583477 -0.10195022 0.6804976
v 0.0022458658 -0.091457896 0.68490887
v -0 -0.10221302 0.6804916
v -0 -0.0916851 0.68508565
v -0.0022458658 -0.091457896 0.68490887
v -0.0024583477 -0.10195022 0.6804976
v -0.0056455233 -0.091117896 0.6845875
v -0.00456117 -0.10085918 0.6805426
v -0.008570864 -0.090594836 0.6837241
v -0.006622408 -0.09776653 0.68114114
v 0.09184702 -0.07635241 0.75969267
v 0.09839447 -0.07840052 0.7563481
v 0.0944149 -0.07892637 0.7558488
v 0.09646336 -0.07458595 0.75406927
v 0.097292304 -0.07659018 0.7589637
v 0.10066613 -0.07462879 0.7550046
v 0.100786775 -0.07674721 0.7585587
v 0.10188774 -0.07800138 0.75675553
v 0.103653654 -0.07492108 0.7557073
v 0.10473102 -0.07693235 0.75821346
v 0.10583319 -0.07766116 0.757161
v 0.10704576 -0.07589258 0.75659764
v 0.111107126 -0.07723406 0.7576895
v -0.07280939 -0.09268497 0.76863325
v -0.07187373 -0.08950169 0.7700687
v -0.06359698 -0.088418156 0.7690342
v -0.066821955 -0.09027864 0.76662564
v -0.07169039 -0.087530576 0.76434433
v -0.07560581 -0.088259675 0.7669896
v -0.07483331 -0.09084726 0.7707232
v -0.077839755 -0.0901182 0.76857245
v -0.075525194 -0.09375038 0.7698226
v -0.0775786 -0.09327202 0.77160656
v -0.079455115 -0.09288023 0.77023596
v -0.078139216 -0.09527138 0.7712077
v -0.08127718 -0.09780521 0.7730556
v 0.07280939 -0.09268497 0.76863325
v 0.066821955 -0.09027864 0.76662564
v 0.06359698 -0.088418156 0.7690342
v 0.07560581 -0.088259675 0.7669896
v 0.07169039 -0.087530576 0.76434433
v 0.07187373 -0.08950169 0.7700687
v 0.07483331 -0.09084726 0.7707232
v 0.077839755 -0.0901182 0.76857245
v 0.075525194 -0.09375038 0.7698226
v 0.0775786 -0.09327202 0.77160656
v 0.079455115 -0.09288023 0.77023596
v 0.078139216 -0.09527138 0.7712077
v 0.08127718 -0.09780521 0.7730556
v -0.078828245 -0.07135688 0.71971214
v -0.08157227 -0.07210079 0.71993506
v -0.080847636 -0.0734325 0.71911037
v -0.08155959 -0.072347045 0.7203419
v -0.08094001 -0.07365336 0.7195316
v -0.083068684 -0.07237994 0.7194152
v -0.083286084 -0.072714604 0.7198634
v -0.08223675 -0.07458068 0.719055
v -0.08220372 -0.074323684 0.71858954
v -0.08391593 -0.07284165 0.7184528
v -0.084196344 -0.07306699 0.71876264
v -0.08355902 -0.07454382 0.71844625
v -0.083306566 -0.07435368 0.7180648
v -0.08472134 -0.07351046 0.7171722
v -0.08266757 -0.06937374 0.72108924
v -0.08451272 -0.070414044 0.72093403
v -0.084173 -0.07098297 0.72044075
v -0.0844732 -0.07055969 0.7211291
v -0.08413762 -0.071122035 0.7206414
v -0.085322216 -0.07068202 0.7206527
v -0.08537623 -0.070900895 0.72094405
v -0.08509047 -0.071864106 0.72031987
v -0.08502324 -0.07166789 0.7200154
v -0.086048305 -0.07086646 0.7201844
v -0.08616639 -0.07098873 0.72036314
v -0.08603983 -0.0720154 0.7198307
v -0.08591924 -0.071904756 0.71964616
v -0.08668189 -0.071253344 0.7193695
v -0.07511869 -0.07506438 0.7177117
v -0.075657375 -0.07405203 0.71816474
v -0.073245935 -0.07393747 0.71814436
v -0.075050265 -0.07484259 0.71729785
v -0.075888164 -0.07537208 0.7174118
v -0.0756157 -0.07382294 0.7177512
v -0.07578067 -0.07502689 0.7169327
v -0.07664176 -0.07417385 0.71742576
v -0.07669276 -0.074535616 0.71790177
v -0.07661885 -0.07553251 0.71692646
v -0.076541774 -0.07519121 0.71660596
v -0.077440724 -0.07477108 0.71693254
v -0.07749526 -0.07512779 0.7172406
v -0.07818856 -0.075722076 0.7157201
v 0.07661885 -0.07553251 0.71692646
v 0.07669276 -0.074535616 0.71790177
v 0.07749526 -0.07512779 0.7172406
v 0.07818856 -0.075722076 0.7157201
v 0.077440724 -0.07477108 0.71693254
v 0.076541774 -0.07519121 0.71660596
v 0.07664176 -0.07417385 0.71742576
v 0.07578067 -0.07502689 0.7169327
v 0.075888164 -0.07537208 0.7174118
v 0.075657375 -0.07405203 0.71816474
v 0.0756157 -0.07382294 0.7177512
v 0.075050265 -0.07484259 0.71729785
v 0.07511869 -0.07506438 0.7177117
v 0.073245935 -0.07393747 0.71814436
v 0.08094001 -0.07365336 0.7195316
v 0.078828245 -0.07135688 0.71971214
v 0.08155959 -0.072347045 0.7203419
v 0.080847636 -0.0734325 0.71911037
v 0.08157227 -0.07210079 0.71993506
v 0.083068684 -0.07237994 0.7194152
v 0.083286084 -0.072714604 0.7198634
v 0.08223675 -0.07458068 0.719055
v 0.08220372 -0.074323684 0.71858954
v 0.08391593 -0.07284165 0.7184528
v 0.084196344 -0.07306699 0.71876264
v 0.08355902 -0.07454382 0.71844625
v 0.083306566 -0.07435368 0.7180648
v 0.08472134 -0.07351046 0.7171722
v 0.08603983 -0.0720154 0.7198307
v 0.08591924 -0.071904756 0.71964616
v 0.08502324 -0.07166789 0.7200154
v 0.08668189 -0.071253344 0.7193695
v 0.086048305 -0.07086646 0.7201844
v 0.08616639 -0.07098873 0.72036314
v 0.08509047 -0.071864106 0.72031987
v 0.08537623 -0.070900895 0.72094405
v 0.085322216 -0.07068202 0.7206527
v 0.084173 -0.07098297 0.72044075
v 0.08413762 -0.071122035 0.7206414
v 0.0844732 -0.07055969 0.7211291
v 0.08266757 -0.06937374 0.72108924
v 0.08451272 -0.070414044 0.72093403
v 0.034247335 -0.086425 0.74370575
v 0.018671434 -0.06971379 0.7442385
v 0.035428494 -0.08481346 0.7362454
v 0.030487746 -0.06270231 0.71758157
v 0.059444673 -0.04422326 0.7455011
v 0.06164854 -0.052468713 0.7117288
v 0.037614197 -0.08356909 0.72794724
v 0.040961273 -0.08296049 0.7232817
v 0.046278276 -0.08183567 0.7192452
v 0.048737545 -0.08144008 0.71876717
v 0.05608511 -0.08010219 0.7180818
v 0.06371183 -0.077957265 0.7177858
v 0.070337914 -0.0752175 0.71790236
v 0.07324593 -0.07393745 0.7181443
v 0.09099512 -0.043548014 0.71891457
v 0.078828275 -0.07135687 0.7197121
v 0.08510464 -0.068099104 0.7238861
v 0.09052426 -0.065655224 0.7292819
v 0.093509436 -0.06552902 0.73510534
v 0.09542473 -0.06584451 0.7396364
v 0.104920805 -0.04314743 0.7454897
v 0.09155046 -0.05597259 0.77178466
v 0.09653337 -0.066374056 0.74348265
v 0.096644916 -0.06737339 0.7462897
v 0.09653337 -0.066374056 0.74348265
v 0.094358444 -0.07023678 0.7497571
v 0.08989185 -0.073733784 0.75307304
v 0.08316862 -0.07952971 0.7572324
v 0.07450677 -0.08313463 0.7599871
v 0.062401645 -0.06894781 0.7772819
v 0.06400412 -0.08646782 0.76168394
v 0.05701658 -0.08844633 0.7622102
v 0.034397744 -0.076036364 0.7707858
v 0.049974993 -0.0901111 0.7618352
v 0.045674514 -0.090893626 0.7609287
v 0.041522767 -0.09133289 0.75968057
v 0.037493456 -0.09178539 0.75808376
v 0.03510537 -0.09203745 0.7568962
v 0.03425156 -0.088711165 0.7500504
v 0.034247335 -0.086425 0.74370575
v -0.034247335 -0.086425 0.74370575
v -0.035428494 -0.08481346 0.7362454
v -0.018671434 -0.06971379 0.7442385
v -0.030487746 -0.06270231 0.71758157
v -0.059444673 -0.04422326 0.7455011
v -0.06164854 -0.052468713 0.7117288
v -0.037614197 -0.08356909 0.72794724
v -0.040961273 -0.08296049 0.7232817
v -0.046278276 -0.08183567 0.7192452
v -0.048737545 -0.08144008 0.71876717
v -0.05608511 -0.08010219 0.7180818
v -0.06371183 -0.077957265 0.7177858
v -0.070337914 -0.0752175 0.71790236
v -0.07324593 -0.07393745 0.7181443
v -0.09099512 -0.043548014 0.71891457
v -0.078828275 -0.07135687 0.7197121
v -0.08510464 -0.068099104 0.7238861
v -0.09052426 -0.065655224 0.7292819
v -0.093509436 -0.06552902 0.73510534
v -0.09542473 -0.06584451 0.7396364
v -0.104920805 -0.04314743 0.7454897
v -0.09155046 -0.05597259 0.77178466
v -0.09653337 -0.066374056 0.74348265
v -0.096644916 -0.06737339 0.7462897
v -0.09653337 -0.066374056 0.74348265
v -0.094358444 -0.07023678 0.7497571
v -0.08989185 -0.073733784 0.75307304
v -0.08316862 -0.07952971 0.7572324
v -0.07450677 -0.08313463 0.7599871
v -0.062401645 -0.06894781 0.7772819
v -0.06400412 -0.08646782 0.76168394
v -0.05701658 -0.08844633 0.7622102
v -0.034397744 -0.076036364 0.7707858
v -0.049974993 -0.0901111 0.7618352
v -0.045674514 -0.090893626 0.7609287
v -0.041522767 -0.09133289 0.75968057
v -0.037493456 -0.09178539 0.75808376
v -0.03510537 -0.09203745 0.7568962
v -0.03425156 -0.088711165 0.7500504
v -0.034247335 -0.086425 0.74370575
vt 0.4697261 0.865512
vt 0.45426232 0.8498634
vt 0.4710381 0.8628062
vt 0.92952657 0.8111683
vt 0.9166887 0.7671933
vt 0.9252473 0.79651
vt 0.97034246 0.0910078
vt 0.97019905 0.09339669
vt 0.9705537 0.09336226
vt 0.96937746 0.09347646
vt 0.9693822 0.09057978
vt 0.96903515 0.09371549
vt 0.96898985 0.09068252
vt 0.968453 0.0908231
vt 0.96852005 0.09407523
vt 0.96835375 0.09419134
vt 0.971664 0.036719788
vt 0.9713516 0.036602575
vt 0.9716382 0.03693133
vt 0.97151935 0.0365183
vt 0.97112644 0.03606589
vt 0.9708874 0.036250804
vt 0.9706502 0.03568055
vt 0.97028744 0.03587005
vt 0.97005695 0.03531811
vt 0.96974325 0.035627306
vt 0.9695648 0.035131812
vt 0.9693012 0.0354314
vt 0.9688943 0.034926437
vt 0.97020954 0.035222173
vt 0.968938 0.03528931
vt 0.9684942 0.035125587
vt 0.96822786 0.035034865
vt 0.9684942 0.035125587
vt 0.968938 0.03528931
vt 0.9693012 0.0354314
vt 0.9695648 0.035131812
vt 0.96974325 0.035627306
vt 0.97087467 0.03554699
vt 0.97041804 0.03511139
vt 0.97005695 0.03531811
vt 0.97028744 0.03587005
vt 0.97020954 0.035222173
vt 0.9706502 0.03568055
vt 0.9708874 0.036250804
vt 0.97093153 0.035287708
vt 0.9701581 0.034918636
vt 0.9715493 0.0358165
vt 0.9719393 0.036509708
vt 0.9720782 0.037096392
vt 0.97209823 0.03680092
vt 0.97262514 0.03701242
vt 0.97242844 0.037652913
vt 0.97309554 0.0375239
vt 0.9732332 0.038176253
vt 0.9730544 0.03860853
vt 0.9726598 0.038811065
vt 0.9721486 0.038710825
vt 0.97051984 0.03510108
vt 0.9703635 0.035031676
vt 0.97051984 0.03510108
vt 0.97093153 0.035287708
vt 0.97041804 0.03511139
vt 0.97087467 0.03554699
vt 0.9715493 0.0358165
vt 0.97112644 0.03606589
vt 0.9713516 0.036602575
vt 0.97151935 0.0365183
vt 0.9719393 0.036509708
vt 0.971664 0.036719788
vt 0.9716382 0.03693133
vt 0.9720782 0.037096392
vt 0.97209823 0.03680092
vt 0.97262514 0.03701242
vt 0.97242844 0.037652913
vt 0.97309554 0.0375239
vt 0.9732332 0.038176253
vt 0.9730544 0.03860853
vt 0.9726598 0.038811065
vt 0.9721486 0.038710825
vt 0.8912276 0.038388703
vt 0.8913093 0.039020974
vt 0.89164346 0.03837926
vt 0.8915598 0.039291907
vt 0.8917703 0.03812365
vt 0.89190197 0.038793117
vt 0.89188254 0.037754867
vt 0.8921381 0.038640495
vt 0.8920562 0.037597135
vt 0.892237 0.03816001
vt 0.33107924 0.8483061
vt 0.32381028 0.9299592
vt 0.19235699 0.7695829
vt 0.274577 0.9843239
vt 0.1974061 0.98941845
vt 0.0998436 0.93198544
vt 0.04107906 0.83115584
vt 0.031997845 0.73730415
vt 0.06668357 0.6694344
vt 0.021253832 0.66499436
vt 0.5801612 0.96448696
vt 0.58435595 0.92708415
vt 0.5262885 0.916148
vt 0.5259889 0.9426024
vt 0.497213 0.92619365
vt 0.5052447 0.9098443
vt 0.47908574 0.9096368
vt 0.92952657 0.8111683
vt 0.9406136 0.8484
vt 0.92952657 0.8111683
vt 0.9406136 0.8484
vt 0.92952657 0.8111683
vt 0.9252473 0.79651
vt 0.9166887 0.7671933
vt 0.89641535 0.81391764
vt 0.892795 0.7744787
vt 0.87075096 0.7339993
vt 0.88075465 0.77463377
vt 0.8832977 0.81248695
vt 0.8817246 0.8332572
vt 0.89621234 0.8431381
vt 0.88064843 0.8474666
vt 0.92795986 0.8581877
vt 0.8959269 0.88421184
vt 0.8484457 0.88013655
vt 0.9417599 0.8736756
vt 0.95326406 0.86095303
vt 0.92992085 0.9042569
vt 0.89453876 0.9292475
vt 0.8583356 0.9037431
vt 0.8352664 0.9485642
vt 0.81446475 0.9296939
vt 0.8164407 0.89224315
vt 0.76665014 0.9732223
vt 0.77720433 0.90708506
vt 0.75473034 0.9436782
vt 0.68269175 0.97962385
vt 0.7019582 0.92063856
vt 0.6835712 0.94665873
vt 0.63341445 0.9718131
vt 0.6526554 0.9133801
vt 0.6332073 0.94048536
vt 0.5842621 0.9642523
vt 0.60273415 0.9094961
vt 0.5832388 0.93537647
vt 0.5435815 0.9327238
vt 0.5600592 0.8972988
vt 0.5435651 0.9146151
vt 0.50214696 0.9076381
vt 0.5177051 0.8882274
vt 0.5044497 0.90026796
vt 0.4900293 0.8927764
vt 0.5010854 0.8791948
vt 0.49136972 0.88756007
vt 0.47866616 0.87823
vt 0.4854597 0.86936593
vt 0.47761133 0.8753848
vt 0.47777903 0.86493444
vt 0.47402933 0.87039304
vt 0.473351 0.8691385
vt 0.4710381 0.8628062
vt 0.4697261 0.865512
vt 0.4697523 0.8655431
vt 0.45426232 0.8498634
vt 0.50214696 0.9076381
vt 0.5044497 0.90026796
vt 0.4781368 0.87681097
vt 0.5435651 0.9146151
vt 0.5435815 0.9327238
vt 0.5832388 0.93537647
vt 0.5842621 0.9642523
vt 0.6332073 0.94048536
vt 0.63341445 0.9718131
vt 0.6835712 0.94665873
vt 0.68269175 0.97962385
vt 0.75473034 0.9436782
vt 0.76665014 0.9732223
vt 0.81446475 0.9296939
vt 0.8352664 0.9485642
vt 0.8583356 0.9037431
vt 0.97034246 0.0910078
vt 0.9705537 0.09336226
vt 0.97019905 0.09339669
vt 0.96937746 0.09347646
vt 0.9693822 0.09057978
vt 0.96903515 0.09371549
vt 0.96898985 0.09068252
vt 0.968453 0.0908231
vt 0.96852005 0.09407523
vt 0.96835375 0.09419134
vt 0.8912276 0.038388703
vt 0.89164346 0.03837926
vt 0.8913093 0.039020974
vt 0.8915598 0.039291907
vt 0.8917703 0.03812365
vt 0.89190197 0.038793117
vt 0.89188254 0.037754867
vt 0.8921381 0.038640495
vt 0.8920562 0.037597135
vt 0.892237 0.03816001
vt 0.33107924 0.8483061
vt 0.19235699 0.7695829
vt 0.32381028 0.9299592
vt 0.274577 0.9843239
vt 0.1974061 0.98941845
vt 0.0998436 0.93198544
vt 0.04107906 0.83115584
vt 0.031997845 0.73730415
vt 0.06668357 0.6694344
vt 0.021253832 0.66499436
vt 0.892795 0.7744787
vt 0.8832977 0.81248695
vt 0.88075465 0.77463377
vt 0.89641535 0.81391764
vt 0.8817246 0.8332572
vt 0.89621234 0.8431381
vt 0.88064843 0.8474666
vt 0.8817246 0.8332572
vt 0.89621234 0.8431381
vt 0.92795986 0.8581877
vt 0.9406136 0.8484
vt 0.89641535 0.81391764
vt 0.8959269 0.88421184
vt 0.8484457 0.88013655
vt 0.92952657 0.8111683
vt 0.9166887 0.7671933
vt 0.892795 0.7744787
vt 0.87075096 0.7339993
vt 0.88075465 0.77463377
vt 0.9417599 0.8736756
vt 0.8583356 0.9037431
vt 0.81446475 0.9296939
vt 0.8164407 0.89224315
vt 0.77720433 0.90708506
vt 0.75473034 0.9436782
vt 0.7019582 0.92063856
vt 0.6835712 0.94665873
vt 0.6526554 0.9133801
vt 0.6332073 0.94048536
vt 0.60273415 0.9094961
vt 0.5832388 0.93537647
vt 0.89453876 0.9292475
vt 0.8352664 0.9485642
vt 0.76665014 0.9732223
vt 0.68269175 0.97962385
vt 0.63341445 0.9718131
vt 0.5842621 0.9642523
vt 0.92992085 0.9042569
vt 0.5435815 0.9327238
vt 0.5435651 0.9146151
vt 0.50214696 0.9076381
vt 0.93733746 0.900968
vt 0.94769657 0.8742094
vt 0.95326406 0.86095303
vt 0.93733746 0.900968
vt 0.9536333 0.87474316
vt 0.96226144 0.86520123
vt 0.5600592 0.8972988
vt 0.60273415 0.9094961
vt 0.5177051 0.8882274
vt 0.5044497 0.90026796
vt 0.4900293 0.8927764
vt 0.5010854 0.8791948
vt 0.49136972 0.88756007
vt 0.47866616 0.87823
vt 0.4854597 0.86936593
vt 0.47761133 0.8753848
vt 0.47777903 0.86493444
vt 0.47402933 0.87039304
vt 0.473351 0.8691385
vt 0.4710381 0.8628062
vt 0.4697261 0.865512
vt 0.4697523 0.8655431
vt 0.45426232 0.8498634
vt 0.5801612 0.96448696
vt 0.5262885 0.916148
vt 0.58435595 0.92708415
vt 0.5259889 0.9426024
vt 0.497213 0.92619365
vt 0.5052447 0.9098443
vt 0.47908574 0.9096368
vt 0.95326406 0.86095303
vt 0.93733746 0.900968
vt 0.944754 0.89767915
vt 0.94769657 0.8742094
vt 0.95958716 0.89110136
vt 0.97125876 0.86944944
vt 0.9655067 0.87581074
vt 0.98925346 0.87794584
vt 0.92952657 0.8111683
vt 0.92952657 0.8111683
vt 0.9406136 0.8484
vt 0.92952657 0.8111683
vt 0.9252473 0.79651
vt 0.50214696 0.9076381
vt 0.4781368 0.87681097
vt 0.5044497 0.90026796
vt 0.5435651 0.9146151
vt 0.5435815 0.9327238
vt 0.5832388 0.93537647
vt 0.5842621 0.9642523
vt 0.6332073 0.94048536
vt 0.63341445 0.9718131
vt 0.6835712 0.94665873
vt 0.68269175 0.97962385
vt 0.75473034 0.9436782
vt 0.76665014 0.9732223
vt 0.81446475 0.9296939
vt 0.8352664 0.9485642
vt 0.8583356 0.9037431
vt 0.93733746 0.900968
vt 0.94769657 0.8742094
vt 0.9536333 0.87474316
vt 0.944754 0.89767915
vt 0.96226144 0.86520123
vt 0.95958716 0.89110136
vt 0.97125876 0.86944944
vt 0.9655067 0.87581074
vt 0.98925346 0.87794584
vt 0.9193223 0.09004626
vt 0.9200879 0.08998492
vt 0.9223964 0.08984846
vt 0.9185644 0.090144664
vt 0.92075074 0.08960201
vt 0.91787183 0.09025094
vt 0.9206145 0.08993447
vt 0.9185644 0.090144664
vt 0.9233828 0.09045328
vt 0.92066693 0.089941174
vt 0.9222676 0.09188521
vt 0.92060584 0.08994973
vt 0.9200404 0.09000602
vt 0.9192731 0.09007317
vt 0.91979825 0.09302387
vt 0.9185152 0.090171576
vt 0.9178241 0.09029296
vt 0.9185152 0.090171576
vt 0.9192731 0.09007317
vt 0.9222676 0.09188521
vt 0.9200404 0.09000602
vt 0.92060584 0.08994973
vt 0.92066693 0.089941174
vt 0.92311007 0.09128207
vt 0.92235535 0.09162378
vt 0.9233828 0.09045328
vt 0.9206145 0.08993447
vt 0.92311007 0.09128207
vt 0.9223964 0.08984846
vt 0.9200879 0.08998492
vt 0.9193223 0.09004626
vt 0.28117025 0.23409599
vt 0.25292957 0.21001922
vt 0.27224815 0.23641852
vt 0.25426692 0.23866999
vt 0.22112486 0.22148554
vt 0.23249221 0.24700317
vt 0.1917722 0.23931755
vt 0.21349636 0.2586211
vt 0.17083174 0.26181602
vt 0.19519752 0.26993233
vt 0.18522456 0.28527611
vt 0.16208053 0.28038907
vt 0.18082151 0.30617082
vt 0.15371114 0.30357146
vt 0.18377307 0.32475287
vt 0.20384023 0.19233201
vt 0.16869926 0.22027448
vt 0.14375982 0.24921049
vt 0.24115092 0.17526762
vt 0.28336322 0.15890849
vt 0.18179557 0.16579199
vt 0.12902814 0.2704615
vt 0.13525108 0.19384442
vt 0.14542839 0.13892564
vt 0.22540233 0.14171866
vt 0.094750255 0.22383247
vt 0.2855904 0.20347977
vt 0.3076154 0.19938806
vt 0.30066717 0.2330301
vt 0.32217944 0.2353678
vt 0.3320763 0.19825488
vt 0.34156305 0.24064392
vt 0.09383395 0.16595966
vt 0.31180274 0.15120687
vt 0.3608508 0.20050924
vt 0.34577125 0.24421255
vt 0.38099927 0.21069182
vt 0.40376794 0.16678068
vt 0.3608994 0.2544738
vt 0.36402667 0.13963376
vt 0.3353111 0.1455848
vt 0.3128941 0.09760781
vt 0.3998202 0.22392358
vt 0.3718924 0.26483387
vt 0.33691442 0.08878915
vt 0.27230698 0.115275055
vt 0.20009777 0.11229411
vt 0.25676447 0.084116876
vt 0.41369796 0.25948197
vt 0.3813926 0.28381264
vt 0.30402237 0.06484243
vt 0.15989223 0.09053926
vt 0.099614084 0.12349895
vt 0.23221812 0.061139107
vt 0.061803922 0.1578253
vt 0.29364705 0.044683326
vt 0.045634393 0.21112591
vt 0.33383638 0.054284133
vt 0.3461429 0.03187829
vt 0.07533853 0.25052947
vt 0.02546025 0.26685423
vt 0.36671245 0.07985653
vt 0.36534554 0.046332963
vt 0.39086825 0.022641378
vt 0.11504668 0.2964084
vt 0.05870353 0.2841639
vt 0.3922134 0.13630627
vt 0.39823943 0.07323766
vt 0.39215404 0.04197158
vt 0.10901113 0.33309478
vt 0.048857965 0.3230275
vt 0.013977408 0.35210675
vt 0.04681966 0.36502773
vt 0.019121964 0.42915767
vt 0.42817116 0.035954107
vt 0.44095898 0.015402146
vt 0.43599123 0.06741312
vt 0.4600652 0.063433856
vt 0.4549501 0.031605482
vt 0.4705636 0.012244012
vt 0.49040067 0.028740663
vt 0.051638182 0.41809577
vt 0.0339938 0.5152009
vt 0.4395162 0.11391127
vt 0.45265937 0.10138041
vt 0.11550686 0.369201
vt 0.07348016 0.5076204
vt 0.09814569 0.6382691
vt 0.4306969 0.13375336
vt 0.15495938 0.3339787
vt 0.17061555 0.37288004
vt 0.20843613 0.33964854
vt 0.23792347 0.35222608
vt 0.13158533 0.42795944
vt 0.14502564 0.6085215
vt 0.1768676 0.7229728
vt 0.15918317 0.43517357
vt 0.14530292 0.4975978
vt 0.21952632 0.39805144
vt 0.22914767 0.6764236
vt 0.24508533 0.76871246
vt 0.18833879 0.5884854
vt 0.20188573 0.49898624
vt 0.26790905 0.4101169
vt 0.2732057 0.35976225
vt 0.30947012 0.36327016
vt 0.21003309 0.4497624
vt 0.2610042 0.4574932
vt 0.31514734 0.41012442
vt 0.3336082 0.364061
vt 0.26012677 0.49935198
vt 0.25731426 0.5834324
vt 0.31532818 0.45710838
vt 0.36150306 0.4051628
vt 0.35601962 0.36061263
vt 0.3711089 0.3554392
vt 0.40896523 0.39270955
vt 0.38068974 0.35086983
vt 0.3895635 0.34536266
vt 0.24779522 0.63190836
vt 0.31136328 0.5793013
vt 0.3650623 0.45212924
vt 0.29823595 0.647337
vt 0.31501353 0.4981438
vt 0.35966802 0.57905895
vt 0.36380833 0.49656838
vt 0.40741867 0.44382226
vt 0.45048016 0.43676203
vt 0.40653682 0.49591708
vt 0.28463566 0.7056902
vt 0.3380474 0.80392486
vt 0.34665126 0.66000205
vt 0.3710444 0.73381394
vt 0.4138469 0.81959075
vt 0.4028284 0.57933766
vt 0.38847697 0.6641286
vt 0.4276107 0.7439857
vt 0.49080604 0.8243738
vt 0.43704057 0.66928095
vt 0.44300205 0.5796321
vt 0.4907487 0.7466586
vt 0.44703704 0.49636555
vt 0.4907027 0.6708153
vt 0.55388635 0.74391025
vt 0.5677611 0.8195024
vt 0.49064857 0.5803203
vt 0.544365 0.66921943
vt 0.6104501 0.7336684
vt 0.64354616 0.80374867
vt 0.49060094 0.49719107
vt 0.5382964 0.57958144
vt 0.59293014 0.6640102
vt 0.6968462 0.70543975
vt 0.73647374 0.76843435
vt 0.53416353 0.496324
vt 0.53066427 0.43672764
vt 0.57847756 0.57924455
vt 0.5746611 0.49583638
vt 0.6347677 0.65983194
vt 0.75233525 0.676112
vt 0.8046623 0.72262865
vt 0.62165433 0.57892054
vt 0.68319994 0.64711255
vt 0.49057007 0.42848605
vt 0.49055737 0.38262326
vt 0.83641917 0.6081452
vt 0.88331956 0.6378111
vt 0.61738473 0.49644512
vt 0.45307648 0.38444233
vt 0.42113543 0.35798383
vt 0.38942838 0.3330999
vt 0.4542032 0.3624918
vt 0.42310488 0.3376807
vt 0.9076274 0.5070202
vt 0.94712657 0.51457804
vt 0.42424637 0.3205104
vt 0.3892998 0.31531477
vt 0.92940146 0.41751373
vt 0.9619306 0.42857635
vt 0.42322206 0.30318046
vt 0.3870995 0.3005811
vt 0.93417794 0.36446387
vt 0.9670064 0.35154974
vt 0.41925383 0.28270656
vt 0.93210715 0.32248092
vt 0.9554449 0.26633954
vt 0.84944826 0.42746282
vt 0.8654873 0.36870402
vt 0.8719582 0.3326007
vt 0.92223066 0.2836361
vt 0.83576316 0.49712837
vt 0.905572 0.25001937
vt 0.9347096 0.20927374
vt 0.82184964 0.43472856
vt 0.79309374 0.5881619
vt 0.8658976 0.29592377
vt 0.7792161 0.49865544
vt 0.7336635 0.63163143
vt 0.7240841 0.5831967
vt 0.66998905 0.5791151
vt 0.72102636 0.49912512
vt 0.6661679 0.49797273
vt 0.77102405 0.44941336
vt 0.7200919 0.4572386
vt 0.6657993 0.456926
vt 0.76149505 0.39770555
vt 0.6160796 0.45200866
vt 0.71314424 0.40985286
vt 0.81037587 0.37245023
vt 0.57372564 0.4437487
vt 0.5721372 0.3926469
vt 0.6659307 0.40993297
vt 0.61959237 0.40504175
vt 0.74304587 0.35190207
vt 0.707782 0.35950077
vt 0.67153674 0.3630671
vt 0.64741296 0.3638957
vt 0.6250145 0.36048383
vt 0.6099451 0.35533732
vt 0.7725232 0.33926654
vt 0.60038966 0.35079283
vt 0.7971832 0.32432967
vt 0.5915355 0.34530473
vt 0.8260065 0.33352882
vt 0.82723683 0.30311656
vt 0.80012685 0.30573326
vt 0.55996925 0.35793608
vt 0.59168404 0.3330527
vt 0.81886035 0.27993464
vt 0.79571754 0.28483003
vt 0.85190576 0.2699855
vt 0.8101118 0.26136166
vt 0.7857476 0.26948214
vt 0.7674615 0.2581734
vt 0.8861781 0.22332397
vt 0.83717734 0.24873869
vt 0.78918177 0.23886612
vt 0.7484855 0.24657032
vt 0.8870906 0.16545253
vt 0.915163 0.156207
vt 0.83547455 0.138446
vt 0.8772318 0.120165825
vt 0.8129901 0.09074141
vt 0.8456821 0.19335884
vt 0.81224436 0.21981049
vt 0.7598403 0.22104847
vt 0.7267316 0.23826025
vt 0.7991279 0.16533451
vt 0.7771041 0.19188648
vt 0.7280517 0.2096115
vt 0.7087752 0.23603472
vt 0.6998834 0.23373067
vt 0.7397924 0.1748562
vt 0.69757384 0.1585555
vt 0.7555062 0.1412995
vt 0.6954072 0.2031249
vt 0.6733989 0.1990795
vt 0.68041736 0.23270674
vt 0.6589326 0.23509583
vt 0.78078145 0.11185725
vt 0.6489596 0.1980006
vt 0.63956803 0.24042442
vt 0.7085777 0.114913315
vt 0.72408456 0.08374168
vt 0.750946 0.06549159
vt 0.68712384 0.044378158
vt 0.66913944 0.15090477
vt 0.66797525 0.09730786
vt 0.6768045 0.064531624
vt 0.645641 0.14532936
vt 0.6202124 0.20032042
vt 0.63536173 0.24402225
vt 0.6469812 0.054020576
vt 0.6346093 0.031648792
vt 0.6439524 0.08853172
vt 0.61693615 0.13943313
vt 0.57726043 0.1666593
vt 0.60008603 0.21055299
vt 0.6202372 0.25433147
vt 0.61546654 0.046122286
vt 0.58988136 0.022481741
vt 0.6141531 0.07965188
vt 0.58876365 0.13615529
vt 0.58263034 0.07308559
vt 0.588659 0.041805923
vt 0.55263764 0.03584824
vt 0.5397902 0.015322007
vt 0.54487556 0.06732185
vt 0.520799 0.06338233
vt 0.52585495 0.03154472
vt 0.5101811 0.012212083
vt 0.54143876 0.11383191
vt 0.5502917 0.13366383
vt 0.528276 0.101320535
vt 0.49043202 0.06228389
vt 0.5308555 0.13292679
vt 0.5442174 0.14711632
vt 0.52795744 0.12029435
vt 0.5126023 0.09556542
vt 0.5005631 0.09374282
vt 0.5186639 0.11582282
vt 0.48036194 0.09375885
vt 0.4904638 0.094509915
vt 0.49014628 0.11149296
vt 0.49905515 0.11169268
vt 0.5086233 0.11272384
vt 0.46832502 0.09560047
vt 0.51462334 0.12778221
vt 0.49832845 0.12617251
vt 0.4819079 0.11170533
vt 0.5064062 0.12617251
vt 0.46230334 0.11586504
vt 0.4723401 0.11275092
vt 0.4827546 0.12617251
vt 0.45302176 0.12036961
vt 0.4664604 0.12780435
vt 0.49054193 0.12617251
vt 0.45014232 0.13300632
vt 0.4746759 0.12617251
vt 0.43679476 0.1471914
vt 0.47522584 0.13216393
vt 0.46724823 0.13216393
vt 0.48321137 0.13216393
vt 0.4905489 0.13216393
vt 0.49788487 0.13216393
vt 0.5058687 0.13216393
vt 0.5138445 0.13216393
vt 0.46097007 0.13216393
vt 0.51952577 0.13216393
vt 0.46038407 0.12876318
vt 0.4588213 0.13286246
vt 0.5197254 0.12876318
vt 0.5219272 0.13286246
vt 0.45174575 0.1423673
vt 0.5292637 0.14229596
vt 0.46000564 0.13742809
vt 0.46097007 0.13329522
vt 0.4652406 0.13950953
vt 0.46724823 0.13329522
vt 0.45727587 0.1463064
vt 0.47401547 0.14148976
vt 0.47522584 0.13329522
vt 0.46801025 0.1525199
vt 0.48328733 0.14148976
vt 0.48321137 0.13329522
vt 0.49055463 0.14148976
vt 0.4905489 0.13329522
vt 0.49788487 0.13329522
vt 0.4467736 0.15878296
vt 0.47999346 0.15591615
vt 0.45939642 0.16623665
vt 0.4210927 0.18670376
vt 0.4742756 0.17132285
vt 0.44726562 0.19494721
vt 0.4205668 0.2080375
vt 0.44705856 0.20991261
vt 0.49054533 0.2101926
vt 0.44914 0.23193233
vt 0.49054456 0.20606479
vt 0.49052924 0.17478842
vt 0.45424992 0.25962245
vt 0.49055636 0.23649375
vt 0.4565584 0.2819684
vt 0.49052095 0.1579211
vt 0.5010458 0.1559031
vt 0.5067782 0.17130364
vt 0.49781996 0.14148976
vt 0.5058687 0.13329522
vt 0.5130226 0.15249136
vt 0.5070881 0.14148976
vt 0.5138445 0.13329522
vt 0.515432 0.1393463
vt 0.51952577 0.13329522
vt 0.5338101 0.19489713
vt 0.5216497 0.16619822
vt 0.52374613 0.14626263
vt 0.5196023 0.13742809
vt 0.534259 0.15872575
vt 0.55996794 0.18661658
vt 0.5340311 0.20986483
vt 0.5605195 0.20795602
vt 0.53196913 0.23188949
vt 0.58128196 0.22382449
vt 0.6092437 0.26473176
vt 0.5674321 0.25941026
vt 0.5997445 0.28374124
vt 0.52687734 0.25958776
vt 0.5618815 0.28264898
vt 0.5940326 0.30052763
vt 0.49056268 0.25855875
vt 0.5245743 0.28193897
vt 0.5579098 0.30313206
vt 0.5918239 0.3152691
vt 0.49056596 0.28201485
vt 0.52368313 0.3042946
vt 0.55687755 0.32046622
vt 0.45744824 0.3043211
vt 0.49056596 0.30637622
vt 0.45691842 0.32281744
vt 0.5580091 0.337637
vt 0.52420676 0.32279164
vt 0.45566875 0.33997875
vt 0.4905628 0.32326537
vt 0.52544826 0.33995205
vt 0.49055892 0.33996886
vt 0.52690774 0.36246294
vt 0.49055684 0.36310083
vt 0.52803516 0.38441133
vt 0.80769527 0.9416041
vt 0.82999927 0.9141502
vt 0.84772986 0.92430526
vt 0.84443635 0.9027533
vt 0.8356381 0.94397277
vt 0.86209744 0.91680914
vt 0.8534065 0.9460054
vt 0.8633743 0.9329676
vt 0.874553 0.92710954
vt 0.87317044 0.94921285
vt 0.88118607 0.942306
vt 0.88845426 0.9395599
vt 0.90503067 0.95467705
vt 0.9739462 0.09034781
vt 0.97188747 0.09190049
vt 0.9721279 0.09245395
vt 0.9721279 0.09245395
vt 0.9742369 0.090930745
vt 0.9725167 0.093217455
vt 0.9745632 0.0915739
vt 0.97285706 0.093825616
vt 0.9742369 0.090930745
vt 0.9725167 0.093217455
vt 0.9745632 0.0915739
vt 0.97285706 0.093825616
vt 0.9742369 0.090930745
vt 0.97487503 0.092243895
vt 0.97285706 0.093825616
vt 0.9742369 0.090930745
vt 0.97487503 0.092243895
vt 0.97285706 0.093825616
vt 0.9745632 0.0915739
vt 0.97487503 0.092243895
vt 0.9739462 0.09034781
vt 0.9745632 0.0915739
vt 0.97487503 0.092243895
vt 0.97487503 0.092243895
vt 0.97285706 0.093825616
vt 0.9745632 0.0915739
vt 0.9725167 0.093217455
vt 0.9742369 0.090930745
vt 0.9721279 0.09245395
vt 0.9739462 0.09034781
vt 0.97188747 0.09190049
vt 0.9721279 0.09245395
vt 0.9742369 0.090930745
vt 0.9725167 0.093217455
vt 0.9745632 0.0915739
vt 0.97285706 0.093825616
vt 0.97487503 0.092243895
vt 0.80769527 0.9416041
vt 0.84772986 0.92430526
vt 0.82999927 0.9141502
vt 0.84443635 0.9027533
vt 0.8356381 0.94397277
vt 0.86209744 0.91680914
vt 0.8534065 0.9460054
vt 0.8633743 0.9329676
vt 0.874553 0.92710954
vt 0.87317044 0.94921285
vt 0.88118607 0.942306
vt 0.88845426 0.9395599
vt 0.90503067 0.95467705
vt 0.6394149 0.95166314
vt 0.63468957 0.95757866
vt 0.6134801 0.94545233
vt 0.6259598 0.9371215
vt 0.64276844 0.9306636
vt 0.64956945 0.9464047
vt 0.641847 0.96325076
vt 0.65333945 0.95579636
vt 0.64510006 0.9596311
vt 0.64807194 0.96980846
vt 0.65528727 0.96502364
vt 0.6502116 0.96842897
vt 0.6560702 0.9798589
vt 0.6394149 0.95166314
vt 0.6259598 0.9371215
vt 0.6134801 0.94545233
vt 0.64956945 0.9464047
vt 0.64276844 0.9306636
vt 0.63468957 0.95757866
vt 0.641847 0.96325076
vt 0.65333945 0.95579636
vt 0.64510006 0.9596311
vt 0.64807194 0.96980846
vt 0.65528727 0.96502364
vt 0.6502116 0.96842897
vt 0.6560702 0.9798589
vt 0.89460516 0.79419816
vt 0.89641535 0.81391764
vt 0.892795 0.7744787
vt 0.89641535 0.81391764
vt 0.892795 0.7744787
vt 0.91297096 0.812543
vt 0.91297096 0.812543
vt 0.9047419 0.770836
vt 0.9047419 0.770836
vt 0.92952657 0.8111683
vt 0.92952657 0.8111683
vt 0.9166887 0.7671933
vt 0.9166887 0.7671933
vt 0.9231076 0.7891808
vt 0.89460516 0.79419816
vt 0.89641535 0.81391764
vt 0.892795 0.7744787
vt 0.89641535 0.81391764
vt 0.892795 0.7744787
vt 0.91297096 0.812543
vt 0.91297096 0.812543
vt 0.9047419 0.770836
vt 0.9047419 0.770836
vt 0.92952657 0.8111683
vt 0.92952657 0.8111683
vt 0.9166887 0.7671933
vt 0.9166887 0.7671933
vt 0.9231076 0.7891808
vt 0.892795 0.7744787
vt 0.89641535 0.81391764
vt 0.89460516 0.79419816
vt 0.892795 0.7744787
vt 0.9047419 0.770836
vt 0.89641535 0.81391764
vt 0.9047419 0.770836
vt 0.91297096 0.812543
vt 0.91297096 0.812543
vt 0.9166887 0.7671933
vt 0.9166887 0.7671933
vt 0.92952657 0.8111683
vt 0.92952657 0.8111683
vt 0.9231076 0.7891808
vt 0.9166887 0.7671933
vt 0.91297096 0.812543
vt 0.92952657 0.8111683
vt 0.9231076 0.7891808
vt 0.92952657 0.8111683
vt 0.9166887 0.7671933
vt 0.91297096 0.812543
vt 0.9047419 0.770836
vt 0.9047419 0.770836
vt 0.89641535 0.81391764
vt 0.89641535 0.81391764
vt 0.892795 0.7744787
vt 0.892795 0.7744787
vt 0.89460516 0.79419816
vt 0.892795 0.7744787
vt 0.89460516 0.79419816
vt 0.89641535 0.81391764
vt 0.892795 0.7744787
vt 0.89641535 0.81391764
vt 0.91297096 0.812543
vt 0.91297096 0.812543
vt 0.9047419 0.770836
vt 0.9047419 0.770836
vt 0.92952657 0.8111683
vt 0.92952657 0.8111683
vt 0.9166887 0.7671933
vt 0.9166887 0.7671933
vt 0.9231076 0.7891808
vt 0.9166887 0.7671933
vt 0.9166887 0.7671933
vt 0.9047419 0.770836
vt 0.9231076 0.7891808
vt 0.92952657 0.8111683
vt 0.92952657 0.8111683
vt 0.9047419 0.770836
vt 0.91297096 0.812543
vt 0.91297096 0.812543
vt 0.892795 0.7744787
vt 0.892795 0.7744787
vt 0.89641535 0.81391764
vt 0.89460516 0.79419816
vt 0.89641535 0.81391764
vt 0.028632402 0.23920359
vt 0.02714169 0.48010156
vt 0.08749163 0.20093864
vt 0.16899288 0.18459882
vt 0.49319112 0.4979535
vt 0.5230421 0.10638814
vt 0.15942836 0.14416276
vt 0.21062148 0.09919872
vt 0.274675 0.0693893
vt 0.29780304 0.058026932
vt 0.37488484 0.04275862
vt 0.4595456 0.03309369
vt 0.53849465 0.032069653
vt 0.5742736 0.033105485
vt 0.82386434 0.1799277
vt 0.63406664 0.05013661
vt 0.7148199 0.07257352
vt 0.79542696 0.09639473
vt 0.85837644 0.120788895
vt 0.90264654 0.13694626
vt 0.9735173 0.49645156
vt 0.8134872 0.76732475
vt 0.936501 0.14501932
vt 0.91700727 0.75879556
vt 0.9407896 0.7460407
vt 0.8762863 0.7976791
vt 0.82035685 0.8488156
vt 0.7313982 0.9165945
vt 0.6353874 0.9465548
vt 0.4941132 0.84145445
vt 0.5064782 0.9520269
vt 0.42347777 0.9458683
vt 0.18456602 0.7914667
vt 0.34885085 0.934702
vt 0.3033707 0.914056
vt 0.26051128 0.89045906
vt 0.21920979 0.86522716
vt 0.19473088 0.84930885
vt 0.13183415 0.7934423
vt 0.07964933 0.75793886
vt 0.028632402 0.23920359
vt 0.08749163 0.20093864
vt 0.02714169 0.48010156
vt 0.16899288 0.18459882
vt 0.49319112 0.4979535
vt 0.5230421 0.10638814
vt 0.15942836 0.14416276
vt 0.21062148 0.09919872
vt 0.274675 0.0693893
vt 0.29780304 0.058026932
vt 0.37488484 0.04275862
vt 0.4595456 0.03309369
vt 0.53849465 0.032069653
vt 0.5742736 0.033105485
vt 0.82386434 0.1799277
vt 0.63406664 0.05013661
vt 0.7148199 0.07257352
vt 0.79542696 0.09639473
vt 0.85837644 0.120788895
vt 0.90264654 0.13694626
vt 0.9735173 0.49645156
vt 0.8134872 0.76732475
vt 0.936501 0.14501932
vt 0.91700727 0.75879556
vt 0.9407896 0.7460407
vt 0.8762863 0.7976791
vt 0.82035685 0.8488156
vt 0.7313982 0.9165945
vt 0.6353874 0.9465548
vt 0.4941132 0.84145445
vt 0.5064782 0.9520269
vt 0.42347777 0.9458683
vt 0.18456602 0.7914667
vt 0.34885085 0.934702
vt 0.3033707 0.914056
vt 0.26051128 0.89045906
vt 0.21920979 0.86522716
vt 0.19473088 0.84930885
vt 0.13183415 0.7934423
vt 0.07964933 0.75793886
vn -0.1999956 -0.8254347 -0.52788186
vn -0.19284026 -0.8242716 -0.53234285
vn -0.51868117 -0.32002142 -0.79281527
vn -0.7644897 -0.11549548 -0.6342052
vn -0.7102798 -0.17826404 -0.6809732
vn 0.03324813 0.99935704 0.013420286
vn 0.29888982 -0.8145628 0.49714428
vn -0.115958735 0.18804711 0.9752907
vn -0.11678837 -0.20117769 0.97256774
vn -0.04887001 0.17869551 0.98269
vn 0.26646954 -0.82117057 0.50465137
vn 0.023903534 0.17459206 0.9843507
vn 0.22496337 -0.8057058 0.5479323
vn 0.2638443 -0.73881054 0.62011707
vn 0.097224325 0.11356892 0.9887616
vn 0.53341246 -0.099070996 0.8400333
vn 0.47637552 0.49754354 -0.7249253
vn 0.6954213 0.28980166 -0.6575745
vn 0.8465707 -0.22022985 -0.48457894
vn 0.58480406 0.4216246 -0.69299126
vn 0.522753 0.32976386 -0.78612024
vn 0.54979444 0.28029338 -0.7868683
vn 0.38848722 0.2638782 -0.8828624
vn 0.4434975 0.22445512 -0.8677153
vn 0.25645298 0.24940321 -0.93382543
vn 0.31413037 0.16373809 -0.9351535
vn 0.15031688 0.20820244 -0.966466
vn 0.23889546 0.14168213 -0.9606535
vn -0 0.21098095 -0.97749025
vn 0.19496006 0.33645913 -0.92129576
vn 0.1972355 0.13288248 -0.97130865
vn 0.15818973 0.14032514 -0.97738683
vn -0 0.15765348 -0.9874945
vn -0.15818973 0.14032514 -0.97738683
vn -0.1972355 0.13288248 -0.97130865
vn -0.23889546 0.14168213 -0.9606535
vn -0.15031688 0.20820244 -0.966466
vn -0.31413037 0.16373809 -0.9351535
vn 0.31589347 0.36770773 -0.87464404
vn 0.17734224 0.38979995 -0.9036623
vn -0.25645298 0.24940321 -0.93382543
vn -0.4434975 0.22445512 -0.8677153
vn -0.19496006 0.33645913 -0.92129576
vn -0.38848722 0.2638782 -0.8828624
vn -0.54979444 0.28029338 -0.7868683
vn 0.20521517 0.44394475 -0.8722384
vn -0 0.51642287 -0.8563337
vn 0.49769574 0.4101869 -0.7642288
vn 0.6392566 0.50218976 -0.5823714
vn 0.19387944 0.79784894 -0.57083076
vn 0.6764901 -0.3131712 -0.66654706
vn 0.54108477 0.3592588 -0.7603686
vn -0.33817837 0.9338275 0.11662628
vn 0.8787261 0.17999771 -0.4420872
vn 0.9831744 0.16816135 -0.071343675
vn 0.8761879 0.107994884 0.46971476
vn 0.11129448 -0.05947809 0.992006
vn 0.98747826 -0.041763384 0.15212654
vn -0 1 0
vn -0 0.59897137 -0.80077046
vn -0 1 0
vn -0.20521517 0.44394475 -0.8722384
vn -0.17734224 0.38979995 -0.9036623
vn -0.31589347 0.36770773 -0.87464404
vn -0.49769574 0.4101869 -0.7642288
vn -0.522753 0.32976386 -0.78612024
vn -0.6954213 0.28980166 -0.6575745
vn -0.58480406 0.4216246 -0.69299126
vn -0.6392566 0.50218976 -0.5823714
vn -0.47637552 0.49754354 -0.7249253
vn -0.8475579 -0.21662189 -0.48447973
vn -0.19387944 0.79784894 -0.57083076
vn -0.6764901 -0.3131712 -0.66654706
vn -0.54108477 0.3592588 -0.7603686
vn 0.33817837 0.9338275 0.11662628
vn -0.8787261 0.17999771 -0.4420872
vn -0.9831744 0.16816135 -0.071343675
vn -0.8761879 0.107994884 0.46971476
vn -0.11129448 -0.05947809 0.992006
vn -0.98747826 -0.041763384 0.15212654
vn 0.121338785 -0.95485324 -0.27116805
vn 0.18004946 -0.9478513 -0.2629833
vn 0.18534347 -0.947049 -0.26219448
vn 0.25155407 -0.92300886 -0.291162
vn 0.2591788 -0.9212132 -0.29015958
vn 0.28423837 -0.9004286 -0.32929763
vn 0.2912035 -0.8983964 -0.32876208
vn 0.31509417 -0.8742863 -0.3692414
vn 0.3195443 -0.8722052 -0.37033716
vn 0.34865385 -0.857945 -0.37732047
vn 0.98747826 -0.041763384 0.15212654
vn 0.11129448 -0.05947809 0.992006
vn 0.8509807 -0.46180043 -0.25014445
vn 0.8761879 0.107994884 0.46971476
vn 0.9831744 0.16816135 -0.071343675
vn 0.8787261 0.17999771 -0.4420872
vn 0.54108477 0.3592588 -0.7603686
vn 0.6764901 -0.3131712 -0.66654706
vn 0.8465707 -0.22022985 -0.48457894
vn 0.47637552 0.49754354 -0.7249253
vn 0.13558777 -0.67197543 0.72805554
vn 0.19795291 -0.66469085 0.720417
vn 0.07414084 -0.5835003 0.8087214
vn 0.040502176 -0.581937 0.8122247
vn 0.0068635773 -0.6759248 0.73693866
vn -0.027603647 -0.6768784 0.73557717
vn -0.066689655 -0.67698383 0.7329702
vn 0.009201776 0.9783729 0.20664434
vn 0.7349156 0.16237386 0.65843284
vn 0.82798415 -0.16598739 0.5356215
vn 0.53272456 0.22011796 -0.8171613
vn 0.7644897 -0.11549548 -0.6342052
vn -0.03324813 0.99935704 0.013420286
vn 0.7102798 -0.17826404 -0.6809732
vn 0.3141704 -0.7528249 -0.57840455
vn 0.30494642 -0.8185642 -0.48678574
vn 0.32600614 -0.8341885 -0.4448029
vn -0.55138594 -0.79703766 0.2463828
vn -0.7108136 -0.6777305 0.18821688
vn -0.7762438 -0.63042796 -0.0025072158
vn 0.2851896 -0.74104804 -0.6078772
vn -0.60151714 -0.6009581 -0.52633303
vn 0.04897905 -0.64525104 -0.762399
vn 0.60756564 -0.79217696 -0.05761629
vn -0.3763443 -0.5144717 -0.7705088
vn 0.60020334 -0.7169636 -0.35456896
vn 0.028112872 0.35376817 -0.93491054
vn 0.7349156 0.16237386 0.65843284
vn 0.82798415 -0.16598739 0.5356215
vn 0.7457489 -0.64664036 0.16035832
vn 0.6975472 -0.27613425 0.66119426
vn 0.47114128 -0.8737621 -0.12068847
vn -0.18517421 -0.47086775 -0.8625509
vn 0.5674927 -0.3940381 0.72297025
vn -0.07048548 -0.51357925 -0.8551422
vn 0.3991089 -0.91685116 -0.009790036
vn 0.39237976 -0.4832708 0.7826158
vn 0.0040457346 -0.54789937 -0.8365345
vn 0.24682584 -0.9618163 -0.11826376
vn 0.27929237 -0.6031261 0.747151
vn 0.07243017 -0.5785293 -0.8124394
vn 0.18889457 -0.95751476 -0.21790862
vn 0.1194613 -0.6818475 0.72167367
vn 0.14101991 -0.5764462 -0.80487466
vn 0.20607765 -0.9369142 -0.2823539
vn -0.07856837 -0.6762935 0.7324303
vn 0.20854878 -0.53929096 -0.81588763
vn 0.22018471 -0.93379694 -0.28203186
vn -0.24472162 -0.67797434 0.6931538
vn 0.28122833 -0.47633013 -0.83307874
vn 0.20918258 -0.91825795 -0.3362215
vn -0.3930517 -0.68027717 0.6186545
vn 0.3385186 -0.4211226 -0.8414635
vn 0.19280961 -0.878871 -0.43635994
vn -0.49475732 -0.64589626 0.5814063
vn 0.40379494 -0.36803743 -0.8375548
vn 0.20831117 -0.84648883 -0.48996225
vn 0.4815594 -0.33516893 -0.80979145
vn -0.53334314 -0.62676793 0.56807315
vn 0.2483847 -0.7997292 -0.54656935
vn 0.51868117 -0.32002142 -0.79281527
vn 0.1999956 -0.8254347 -0.52788186
vn -0.5533962 -0.6484244 0.5227795
vn 0.19284026 -0.8242716 -0.53234285
vn -0.027337376 -0.8354813 0.54883856
vn -0.023827564 -0.8351177 0.54955494
vn -0.07128108 -0.8391174 0.5392597
vn 0.08127635 -0.84716976 0.5250692
vn 0.079281755 -0.84757686 0.52471703
vn 0.17443834 -0.8334709 0.5243066
vn 0.17260459 -0.83380693 0.5243793
vn 0.25731635 -0.82634115 0.50094765
vn 0.25896114 -0.82597256 0.5007079
vn 0.3539708 -0.79739106 0.4887455
vn 0.3632736 -0.7971224 0.48231542
vn 0.43519378 -0.6546315 0.6181134
vn 0.44320574 -0.65377057 0.6133129
vn 0.5041915 -0.73431486 0.45450252
vn 0.4961696 -0.73562425 0.46116453
vn 0.5135435 -0.7326733 0.44661283
vn -0.29888982 -0.8145628 0.49714428
vn 0.11678837 -0.20117769 0.97256774
vn 0.115958735 0.18804711 0.9752907
vn 0.04887001 0.17869551 0.98269
vn -0.26646954 -0.82117057 0.50465137
vn -0.023903534 0.17459206 0.9843507
vn -0.22496337 -0.8057058 0.5479323
vn -0.2638443 -0.73881054 0.62011707
vn -0.097224325 0.11356892 0.9887616
vn -0.53341246 -0.099070996 0.8400333
vn -0.121338785 -0.95485324 -0.27116805
vn -0.18534347 -0.947049 -0.26219448
vn -0.18004946 -0.9478513 -0.2629833
vn -0.25155407 -0.92300886 -0.291162
vn -0.2591788 -0.9212132 -0.29015958
vn -0.28423837 -0.9004286 -0.32929763
vn -0.2912035 -0.8983964 -0.32876208
vn -0.31509417 -0.8742863 -0.3692414
vn -0.3195443 -0.8722052 -0.37033716
vn -0.34865385 -0.857945 -0.37732047
vn -0.98747826 -0.041763384 0.15212654
vn -0.8505479 -0.46281427 -0.24974225
vn -0.11129448 -0.05947809 0.992006
vn -0.8761879 0.107994884 0.46971476
vn -0.9831744 0.16816135 -0.071343675
vn -0.8787261 0.17999771 -0.4420872
vn -0.54108477 0.3592588 -0.7603686
vn -0.6764901 -0.3131712 -0.66654706
vn -0.8475579 -0.21662189 -0.48447973
vn -0.47637552 0.49754354 -0.7249253
vn -0.30494642 -0.8185642 -0.48678574
vn 0.7108136 -0.6777305 0.18821688
vn 0.55138594 -0.79703766 0.2463828
vn -0.3141704 -0.7528249 -0.57840455
vn 0.7762438 -0.63042796 -0.0025072158
vn -0.2851896 -0.74104804 -0.6078772
vn 0.60151714 -0.6009581 -0.52633303
vn 0.7762438 -0.63042796 -0.0025072158
vn -0.2851896 -0.74104804 -0.6078772
vn -0.04897905 -0.64525104 -0.762399
vn -0.53272456 0.22011796 -0.8171613
vn -0.3141704 -0.7528249 -0.57840455
vn -0.60756564 -0.79217696 -0.05761629
vn 0.3763443 -0.5144717 -0.7705088
vn -0.7644897 -0.11549548 -0.6342052
vn -0.7102798 -0.17826404 -0.6809732
vn -0.30494642 -0.8185642 -0.48678574
vn -0.32600614 -0.8341885 -0.4448029
vn 0.55138594 -0.79703766 0.2463828
vn -0.60020334 -0.7169636 -0.35456896
vn -0.7457489 -0.64664036 0.16035832
vn -0.47114128 -0.8737621 -0.12068847
vn 0.18517421 -0.47086775 -0.8625509
vn 0.07048548 -0.51357925 -0.8551422
vn -0.3991089 -0.91685116 -0.009790036
vn -0.0040457346 -0.54789937 -0.8365345
vn -0.24682584 -0.9618163 -0.11826376
vn -0.07243017 -0.5785293 -0.8124394
vn -0.18889457 -0.95751476 -0.21790862
vn -0.14101991 -0.5764462 -0.80487466
vn -0.20607765 -0.9369142 -0.2823539
vn -0.82798415 -0.16598739 0.5356215
vn -0.6975472 -0.27613425 0.66119426
vn -0.5674927 -0.3940381 0.72297025
vn -0.39237976 -0.4832708 0.7826158
vn -0.27929237 -0.6031261 0.747151
vn -0.1194613 -0.6818475 0.72167367
vn -0.7349156 0.16237386 0.65843284
vn 0.07856837 -0.6762935 0.7324303
vn -0.22018471 -0.93379694 -0.28203186
vn 0.24472162 -0.67797434 0.6931538
vn -0.41383326 0.3564548 0.8376647
vn -0.21815401 -0.97444737 -0.053490497
vn -0.028112872 0.35376817 -0.93491054
vn -0.41383326 0.3564548 0.8376647
vn -0.11292872 -0.99353504 0.01162973
vn -0.027107699 0.23289366 -0.9721244
vn -0.20854878 -0.53929096 -0.81588763
vn -0.14101991 -0.5764462 -0.80487466
vn -0.28122833 -0.47633013 -0.83307874
vn -0.20918258 -0.91825795 -0.3362215
vn 0.3930517 -0.68027717 0.6186545
vn -0.3385186 -0.4211226 -0.8414635
vn -0.19280961 -0.878871 -0.43635994
vn 0.49475732 -0.64589626 0.5814063
vn -0.40379494 -0.36803743 -0.8375548
vn -0.20831117 -0.84648883 -0.48996225
vn -0.4815594 -0.33516893 -0.80979145
vn 0.53334314 -0.62676793 0.56807315
vn -0.2483847 -0.7997292 -0.54656935
vn -0.51868117 -0.32002142 -0.79281527
vn -0.1999956 -0.8254347 -0.52788186
vn 0.5533962 -0.6484244 0.5227795
vn -0.19284026 -0.8242716 -0.53234285
vn -0.13558777 -0.67197543 0.72805554
vn -0.07414084 -0.5835003 0.8087214
vn -0.19795291 -0.66469085 0.720417
vn -0.040502176 -0.581937 0.8122247
vn -0.0068635773 -0.6759248 0.73693866
vn 0.027603647 -0.6768784 0.73557717
vn 0.066689655 -0.67698383 0.7329702
vn -0.028112872 0.35376817 -0.93491054
vn -0.41383326 0.3564548 0.8376647
vn -0.35286722 0.28584844 0.8909407
vn -0.21815401 -0.97444737 -0.053490497
vn -0.24744044 0.23551752 0.9398429
vn -0.097873986 0.14876178 -0.98401755
vn -0.01954592 -0.99471813 -0.10076609
vn -0.9874473 0.0076064337 0.15776543
vn -0.009201776 0.9783729 0.20664434
vn -0.82798415 -0.16598739 0.5356215
vn -0.7349156 0.16237386 0.65843284
vn -0.7644897 -0.11549548 -0.6342052
vn 0.03324813 0.99935704 0.013420286
vn 0.027337376 -0.8354813 0.54883856
vn 0.07128108 -0.8391174 0.5392597
vn 0.023827564 -0.8351177 0.54955494
vn -0.08127635 -0.84716976 0.5250692
vn -0.079281755 -0.84757686 0.52471703
vn -0.17443834 -0.8334709 0.5243066
vn -0.17260459 -0.83380693 0.5243793
vn -0.25731635 -0.82634115 0.50094765
vn -0.25896114 -0.82597256 0.5007079
vn -0.3539708 -0.79739106 0.4887455
vn -0.3632736 -0.7971224 0.48231542
vn -0.43519378 -0.6546315 0.6181134
vn -0.44320574 -0.65377057 0.6133129
vn -0.5041915 -0.73431486 0.45450252
vn -0.4961696 -0.73562425 0.46116453
vn -0.5135435 -0.7326733 0.44661283
vn 0.41383326 0.3564548 0.8376647
vn 0.21815401 -0.97444737 -0.053490497
vn 0.11292872 -0.99353504 0.01162973
vn 0.35286722 0.28584844 0.8909407
vn 0.027107699 0.23289366 -0.9721244
vn 0.24744044 0.23551752 0.9398429
vn 0.097873986 0.14876178 -0.98401755
vn 0.01954592 -0.99471813 -0.10076609
vn 0.9874473 0.0076064337 0.15776543
vn 0.11921362 0.19812053 0.9729011
vn 0.15205653 0.24975432 0.9562957
vn 0.3798163 0.0432521 0.9240502
vn 0.12627584 0.34667796 0.9294454
vn -0 0.018759858 0.9998241
vn -0 0.3526598 0.9357516
vn 0.17912062 0.34684035 0.9206615
vn -0.12627584 0.34667796 0.9294454
vn 0.99051815 -0.13736734 0.0019939996
vn -0.21778673 -0.8911234 -0.3980803
vn 0.4240274 0.080410026 -0.90207255
vn 0.09020639 0.4805865 -0.87229556
vn 0.05245849 0.40890807 -0.91106653
vn 0.031504452 0.30548695 -0.951675
vn -0 0.09208449 -0.99575114
vn 0.1112501 0.4644038 -0.8786082
vn -0 0.45774135 -0.8890854
vn -0.1112501 0.4644038 -0.8786082
vn -0.031504452 0.30548695 -0.951675
vn -0.4240274 0.080410026 -0.90207255
vn -0.05245849 0.40890807 -0.91106653
vn -0.09020639 0.4805865 -0.87229556
vn 0.21778673 -0.8911234 -0.3980803
vn 0.4551696 -0.8883005 -0.061179016
vn -0 -0.9939254 -0.11005586
vn -0.99051815 -0.13736734 0.0019939996
vn -0.17912062 0.34684035 0.9206615
vn -0.4551696 -0.8883005 -0.061179016
vn -0.3798163 0.0432521 0.9240502
vn -0.15205653 0.24975432 0.9562957
vn -0.11921362 0.19812053 0.9729011
vn -0.29888982 -0.8145628 0.49714428
vn -0.49412766 -0.84555066 0.20219328
vn 0.11678837 -0.20117769 0.97256774
vn 0.3708659 -0.14831369 0.91676694
vn -0.594378 -0.7971771 0.10594159
vn 0.59651124 -0.11062279 0.79494464
vn -0.66369337 -0.7469729 -0.03927664
vn 0.763889 -0.19135183 0.6163264
vn -0.77042276 -0.60710484 -0.1946086
vn -0.5901445 -0.7329967 -0.33829737
vn -0.71623844 -0.6478802 -0.25933346
vn -0.85415167 -0.4787553 -0.2030232
vn -0.7513042 -0.61212826 -0.24665964
vn -0.8844566 -0.40970775 -0.22332971
vn -0.7306985 -0.6799251 -0.061495222
vn -0.80535185 -0.55778486 -0.20070955
vn -0.90407574 -0.37238753 -0.209701
vn -0.95938313 -0.19967006 -0.19928831
vn -0.6689725 -0.71444446 -0.20504862
vn -0.5795186 -0.78325516 -0.225099
vn -0.8905042 -0.13585846 -0.43421757
vn -0.97677535 -0.15862104 -0.14404619
vn -0.93725127 0.016069515 -0.34828424
vn -0.8093575 0.1852199 -0.55734545
vn -0.7689915 -0.36386827 -0.5255968
vn -0.952028 0.10393186 -0.28782105
vn -0.46743223 -0.86492896 0.18277021
vn -0.40102315 -0.893711 0.20114964
vn -0.26646954 -0.82117057 0.50465137
vn -0.22496337 -0.8057058 0.5479323
vn -0.375155 -0.90389866 0.20548946
vn -0.2638443 -0.73881054 0.62011707
vn -0.88535684 0.22945426 -0.40434402
vn -0.4494328 -0.8532137 -0.26464415
vn -0.38156518 -0.91071254 0.15814784
vn -0.53341246 -0.099070996 0.8400333
vn -0.3796012 -0.7962148 0.47111022
vn -0.4000855 -0.9036466 -0.15282153
vn -0.71344024 -0.06211163 0.6979579
vn -0.3406418 -0.9007762 -0.2693798
vn -0.34160113 -0.8994211 -0.27267256
vn -0.4571397 -0.6233578 -0.6343882
vn -0.4294113 -0.7889912 0.43943024
vn -0.9211399 -0.048639562 0.3861807
vn -0.37075672 -0.6956352 -0.61533004
vn -0.6041843 -0.51172876 -0.61081487
vn -0.6363396 0.11969765 -0.7620658
vn -0.4960893 0.009556252 -0.8682189
vn -0.43583062 -0.8524593 0.28872943
vn -0.96422255 0.13194922 0.22992255
vn -0.41852823 -0.10352665 -0.90228397
vn -0.54979444 0.28029338 -0.7868683
vn -0.6954213 0.28980166 -0.6575745
vn -0.4434975 0.22445512 -0.8677153
vn -0.8475579 -0.21662189 -0.48447973
vn -0.31413037 0.16373809 -0.9351535
vn -0.9032535 0.22806437 -0.3634829
vn -0.34217966 -0.10657408 -0.9335711
vn -0.23889546 0.14168213 -0.9606535
vn -0.9577016 0.092950076 -0.27233773
vn -0.8505479 -0.46281427 -0.24974225
vn -0.36019933 -0.72462887 -0.5875113
vn -0.31726944 -0.21413001 -0.92384434
vn -0.1972355 0.13288248 -0.97130865
vn -0.977558 -0.13017914 -0.16563147
vn -0.98308027 0.030910997 -0.18054838
vn -0.3294497 -0.87332284 -0.3588455
vn -0.33699125 -0.77322596 -0.53717643
vn -0.31293005 -0.2580149 -0.9140587
vn -0.9760718 -0.1280819 -0.17572372
vn -0.98568106 -0.035483275 -0.16484514
vn -0.98747826 -0.041763384 0.15212654
vn -0.98688936 -0.040936068 -0.15612088
vn -0.9981559 0.018547097 -0.05779866
vn -0.31668904 -0.20347121 -0.9264488
vn -0.15818973 0.14032514 -0.97738683
vn -0.29051155 -0.7479793 -0.59676623
vn -0.21859302 -0.7855687 -0.5788773
vn -0.30283397 -0.33298007 -0.89298147
vn -0 0.15765348 -0.9874945
vn -0 -0.38858742 -0.9214118
vn -0.9957639 -0.027506188 -0.087736584
vn -0.990595 0.044663627 0.12933218
vn -0.30147532 -0.84092116 -0.44940436
vn -0.24270749 -0.8495926 -0.4682794
vn -0.96806973 -0.1646307 -0.18904375
vn -0.9927862 -0.07953835 0.08971684
vn -0.92797375 -0.09061018 0.3614616
vn -0.31784704 -0.87945634 -0.35430187
vn -0.8944203 -0.3911556 -0.21681686
vn -0.7711313 -0.5826661 -0.2566258
vn -0.48019165 -0.84768504 -0.22549061
vn -0.36878806 -0.8542839 -0.3663253
vn -0.9899575 -0.12657282 -0.06295582
vn -0.9067633 -0.20122406 0.3705255
vn -0.7329686 -0.30784342 0.6066213
vn -0.8420365 -0.53295773 -0.08325115
vn -0.9433272 -0.31593457 0.101583086
vn -0.5590201 -0.7504189 -0.35265845
vn -0.7066448 -0.41056338 0.57627314
vn -0.42564332 -0.36659342 0.8273071
vn -0.7986613 -0.55808175 0.2251331
vn -0.7452808 -0.66488636 0.049826734
vn -0.41186008 -0.81923366 -0.399033
vn -0.24408147 -0.7880757 -0.5651202
vn -0.25392848 -0.79719335 -0.5477254
vn -0.66527367 -0.7238196 -0.18301962
vn -0.48059037 -0.8667985 -0.1330163
vn -0.26184973 -0.86661386 -0.42475298
vn -0.26248193 -0.7965883 -0.54456437
vn -0.5129331 -0.8572838 0.044318672
vn -0.5885006 -0.7942094 0.15132256
vn -0.32081383 -0.92564356 -0.2006552
vn -0.27359372 -0.8648685 -0.42089066
vn -0.30358213 -0.78052753 -0.5464564
vn -0.3203901 -0.79781413 -0.5107278
vn -0.2531211 -0.88385147 -0.39336517
vn -0.38243657 -0.8192331 -0.4273165
vn -0.33601668 -0.8422103 -0.4216334
vn -0.6216069 -0.68727976 0.37583438
vn -0.43620014 -0.8907967 0.12732098
vn -0.25752708 -0.9356153 -0.24146177
vn -0.44337142 -0.80212176 0.40002814
vn -0.37357283 -0.9273767 -0.020390872
vn -0.3160313 -0.9385247 0.13890885
vn -0.3068623 -0.94925916 -0.06886717
vn -0.23899382 -0.93359035 -0.26700377
vn -0.17378654 -0.94484097 -0.27762154
vn -0.24586034 -0.9655443 -0.0853053
vn -0.41266108 -0.54366976 0.73084474
vn -0.33360064 -0.42980585 0.8390337
vn -0.3174705 -0.8226209 0.47170675
vn -0.2812835 -0.6066911 0.74350893
vn -0.14767607 -0.4793828 0.86509186
vn -0.21241646 -0.96512556 0.15300958
vn -0.21347216 -0.8813028 0.42158657
vn -0.09829674 -0.6370264 0.76454884
vn -0 -0.50005424 0.86599416
vn -0.0902754 -0.8983038 0.43000075
vn -0.085990034 -0.98150647 0.17102836
vn -0 -0.64833796 0.76135266
vn -0.124852456 -0.9898526 -0.06784983
vn -0 -0.90136933 0.43305117
vn 0.09829674 -0.6370264 0.76454884
vn 0.14767607 -0.4793828 0.86509186
vn -0 -0.9827572 0.18490088
vn 0.0902754 -0.8983038 0.43000075
vn 0.2812835 -0.6066911 0.74350893
vn 0.33360064 -0.42980585 0.8390337
vn -0 -0.99878997 -0.049180478
vn 0.085990034 -0.98150647 0.17102836
vn 0.21347216 -0.8813028 0.42158657
vn 0.41266108 -0.54366976 0.73084474
vn 0.42564332 -0.36659342 0.8273071
vn 0.124852456 -0.9898526 -0.06784983
vn 0.17378654 -0.94484097 -0.27762154
vn 0.21241646 -0.96512556 0.15300958
vn 0.24586034 -0.9655443 -0.0853053
vn 0.3174705 -0.8226209 0.47170675
vn 0.7066448 -0.41056338 0.57627314
vn 0.7329686 -0.30784342 0.6066213
vn 0.3160313 -0.9385247 0.13890885
vn 0.44337142 -0.80212176 0.40002814
vn -0 -0.9706504 -0.24049518
vn -0 -0.9435671 -0.33118144
vn 0.9067633 -0.20122406 0.3705255
vn 0.92797375 -0.09061018 0.3614616
vn 0.3068623 -0.94925916 -0.06886717
vn -0.1657371 -0.9200906 -0.35491467
vn -0.27083373 -0.85262334 -0.44685844
vn -0.8346518 -0.31345057 -0.4528853
vn -0.19491972 -0.89844793 -0.39344317
vn -0.2964499 -0.8629599 -0.4091671
vn 0.9927862 -0.07953835 0.08971684
vn 0.990595 0.044663627 0.12933218
vn -0.33953238 -0.8855481 -0.3170524
vn -0.9135897 -0.34936544 -0.20808102
vn 0.9957639 -0.027506188 -0.087736584
vn 0.9981559 0.018547097 -0.05779866
vn -0.3722914 -0.91205037 -0.17193976
vn -0.97549075 0.17550962 0.132718
vn 0.98688936 -0.040936068 -0.15612088
vn 0.98747826 -0.041763384 0.15212654
vn -0.39687493 -0.9176958 0.018021807
vn 0.98568106 -0.035483275 -0.16484514
vn 0.8509807 -0.46180043 -0.25014445
vn 0.9899575 -0.12657282 -0.06295582
vn 0.96806973 -0.1646307 -0.18904375
vn 0.9760718 -0.1280819 -0.17572372
vn 0.98308027 0.030910997 -0.18054838
vn 0.9433272 -0.31593457 0.101583086
vn 0.9571732 0.09429039 -0.27373087
vn 0.90325373 0.22806324 -0.36348295
vn 0.8420365 -0.53295773 -0.08325115
vn 0.7986613 -0.55808175 0.2251331
vn 0.977558 -0.13017914 -0.16563147
vn 0.7452808 -0.66488636 0.049826734
vn 0.6216069 -0.68727976 0.37583438
vn 0.5885006 -0.7942094 0.15132256
vn 0.43620014 -0.8907967 0.12732098
vn 0.5129331 -0.8572838 0.044318672
vn 0.37357283 -0.9273767 -0.020390872
vn 0.66527367 -0.7238196 -0.18301962
vn 0.48059037 -0.8667985 -0.1330163
vn 0.32081383 -0.92564356 -0.2006552
vn 0.5590201 -0.7504189 -0.35265845
vn 0.25752708 -0.9356153 -0.24146177
vn 0.41186008 -0.81923366 -0.399033
vn 0.7711313 -0.5826661 -0.2566258
vn 0.23899382 -0.93359035 -0.26700377
vn 0.2531211 -0.88385147 -0.39336517
vn 0.26184973 -0.86661386 -0.42475298
vn 0.27359372 -0.8648685 -0.42089066
vn 0.36878806 -0.8542839 -0.3663253
vn 0.24408147 -0.7880757 -0.5651202
vn 0.25392848 -0.79719335 -0.5477254
vn 0.26248193 -0.7965883 -0.54456437
vn 0.30358213 -0.78052753 -0.5464564
vn 0.3203901 -0.79781413 -0.5107278
vn 0.48019165 -0.84768504 -0.22549061
vn 0.38243657 -0.8192331 -0.4273165
vn 0.7306985 -0.6799251 -0.061495222
vn 0.33601668 -0.8422103 -0.4216334
vn 0.8944203 -0.3911556 -0.21681686
vn 0.8844566 -0.40970775 -0.22332971
vn 0.7513042 -0.61212826 -0.24665964
vn 0.27083373 -0.85262334 -0.44685844
vn 0.8346518 -0.31345057 -0.4528853
vn 0.85415167 -0.4787553 -0.2030232
vn 0.71623844 -0.6478802 -0.25933346
vn 0.97677535 -0.15862104 -0.14404619
vn 0.77042276 -0.60710484 -0.1946086
vn 0.5901445 -0.7329967 -0.33829737
vn -0.763889 -0.19135183 0.6163264
vn 0.95160884 0.10546659 -0.2886476
vn 0.95938313 -0.19967006 -0.19928831
vn 0.66369337 -0.7469729 -0.03927664
vn -0.59651124 -0.11062279 0.79494464
vn 0.8853711 0.22946133 -0.40430856
vn 0.8465707 -0.22022985 -0.48457894
vn 0.8093575 0.1852199 -0.55734545
vn 0.6954213 0.28980166 -0.6575745
vn 0.54979444 0.28029338 -0.7868683
vn 0.93725127 0.016069515 -0.34828424
vn 0.90407574 -0.37238753 -0.209701
vn 0.594378 -0.7971771 0.10594159
vn -0.3708659 -0.14831369 0.91676694
vn 0.8905042 -0.13585846 -0.43421757
vn 0.80535185 -0.55778486 -0.20070955
vn 0.49412766 -0.84555066 0.20219328
vn -0.11678837 -0.20117769 0.97256774
vn 0.29888982 -0.8145628 0.49714428
vn 0.6689725 -0.71444446 -0.20504862
vn 0.5795186 -0.78325516 -0.225099
vn 0.7689915 -0.36386827 -0.5255968
vn 0.46743223 -0.86492896 0.18277021
vn 0.40102315 -0.893711 0.20114964
vn 0.26646954 -0.82117057 0.50465137
vn 0.22496337 -0.8057058 0.5479323
vn 0.6363396 0.11969765 -0.7620658
vn 0.375155 -0.90389866 0.20548946
vn 0.2638443 -0.73881054 0.62011707
vn 0.6041843 -0.51172876 -0.61081487
vn 0.4960893 0.009556252 -0.8682189
vn 0.4434975 0.22445512 -0.8677153
vn 0.31413037 0.16373809 -0.9351535
vn 0.4494328 -0.8532137 -0.26464415
vn 0.4571397 -0.6233578 -0.6343882
vn 0.41852823 -0.10352665 -0.90228397
vn 0.34160113 -0.8994211 -0.27267256
vn 0.38156518 -0.91071254 0.15814784
vn 0.53341246 -0.099070996 0.8400333
vn 0.34217966 -0.10657408 -0.9335711
vn 0.23889546 0.14168213 -0.9606535
vn 0.37075672 -0.6956352 -0.61533004
vn 0.3406418 -0.9007762 -0.2693798
vn 0.4000855 -0.9036466 -0.15282153
vn 0.3796012 -0.7962148 0.47111022
vn 0.71344024 -0.06211163 0.6979579
vn 0.31726944 -0.21413001 -0.92384434
vn 0.1972355 0.13288248 -0.97130865
vn 0.36019933 -0.72462887 -0.5875113
vn 0.3294497 -0.87332284 -0.3588455
vn 0.33699125 -0.77322596 -0.53717643
vn 0.31293005 -0.2580149 -0.9140587
vn 0.31668904 -0.20347121 -0.9264488
vn 0.15818973 0.14032514 -0.97738683
vn 0.29051155 -0.7479793 -0.59676623
vn 0.21859302 -0.7855687 -0.5788773
vn 0.30283397 -0.33298007 -0.89298147
vn -0 0.15765348 -0.9874945
vn 0.30147532 -0.84092116 -0.44940436
vn 0.31784704 -0.87945634 -0.35430187
vn 0.24270749 -0.8495926 -0.4682794
vn -0 -0.83376 -0.552127
vn 0.30223054 -0.87625635 -0.37527528
vn 0.35036674 -0.90719825 -0.23288307
vn 0.28712335 -0.8604507 -0.4209331
vn 0.23057367 -0.85254025 -0.4690532
vn 0.22623557 -0.8524818 -0.4712668
vn 0.25251383 -0.8359945 -0.48718572
vn -0.22623557 -0.8524818 -0.4712668
vn -0 -0.86998844 -0.49307212
vn -0 -0.87183845 -0.48979345
vn 0.2388171 -0.84227884 -0.48325223
vn 0.19045036 -0.84535277 -0.49910653
vn -0.23057367 -0.85254025 -0.4690532
vn 0.2545361 -0.8717279 -0.41869062
vn 0.21095927 -0.84154916 -0.49728385
vn -0.2388171 -0.84227884 -0.48325223
vn 0.20094438 -0.84866834 -0.48926812
vn -0.25251383 -0.8359945 -0.48718572
vn -0.19045036 -0.84535277 -0.49910653
vn -0.21095927 -0.84154916 -0.49728385
vn -0.28712335 -0.8604507 -0.4209331
vn -0.2545361 -0.8717279 -0.41869062
vn -0 -0.86688966 -0.49850008
vn -0.30223054 -0.87625635 -0.37527528
vn -0.20094438 -0.84866834 -0.48926812
vn -0.35036674 -0.90719825 -0.23288307
vn 0.11921362 0.19812053 0.9729011
vn 0.15205653 0.24975432 0.9562957
vn 0.12627584 0.34667796 0.9294454
vn -0 0.3526598 0.9357516
vn -0.12627584 0.34667796 0.9294454
vn -0.11921362 0.19812053 0.9729011
vn -0.15205653 0.24975432 0.9562957
vn 0.17912062 0.34684035 0.9206615
vn -0.17912062 0.34684035 0.9206615
vn -0.3304288 -0.8679326 -0.3708229
vn -0.21778673 -0.8911234 -0.3980803
vn 0.3304288 -0.8679326 -0.3708229
vn 0.21778673 -0.8911234 -0.3980803
vn -0.2947236 -0.92420155 -0.24287759
vn 0.2947236 -0.92420155 -0.24287759
vn -0.279544 -0.921255 -0.2704521
vn 0.09020639 0.4805865 -0.87229556
vn -0.3311376 -0.9034174 -0.27236924
vn 0.05245849 0.40890807 -0.91106653
vn -0.31978852 -0.90618265 -0.27670988
vn -0.33574992 -0.8858314 -0.32027283
vn 0.031504452 0.30548695 -0.951675
vn -0.39156798 -0.86068255 -0.32542306
vn -0.30446014 -0.87358946 -0.37966493
vn 0.1112501 0.4644038 -0.8786082
vn -0 -0.89819115 -0.43960512
vn -0 0.45774135 -0.8890854
vn -0.1112501 0.4644038 -0.8786082
vn -0.3635332 -0.90133375 -0.23545906
vn -0.39260367 -0.8453446 -0.3622911
vn -0.41439998 -0.8650065 -0.28290698
vn -0.45552212 -0.8894289 -0.037626848
vn -0.4486965 -0.8405359 -0.30359647
vn -0.49678716 -0.8599339 -0.11711665
vn -0.51047456 -0.8288222 0.2290621
vn -0.55236024 -0.7156609 0.42746648
vn -0 -0.7855006 0.618861
vn -0.40946484 -0.772753 0.48496532
vn -0 -0.96699667 -0.25478926
vn -0 -0.9280046 -0.3725687
vn -0.36348754 -0.87019503 0.33262187
vn -0 -0.6972592 0.71681905
vn -0.2837697 -0.95702976 0.05973874
vn -0 -0.9086195 -0.41762486
vn 0.39260367 -0.8453446 -0.3622911
vn 0.4486965 -0.8405359 -0.30359647
vn 0.30446014 -0.87358946 -0.37966493
vn -0.031504452 0.30548695 -0.951675
vn 0.39156798 -0.86068255 -0.32542306
vn 0.33574992 -0.8858314 -0.32027283
vn -0.05245849 0.40890807 -0.91106653
vn 0.3311376 -0.9034174 -0.27236924
vn -0.09020639 0.4805865 -0.87229556
vn 0.49678716 -0.8599339 -0.11711665
vn 0.41439998 -0.8650065 -0.28290698
vn 0.31978852 -0.90618265 -0.27670988
vn 0.279544 -0.921255 -0.2704521
vn 0.3635332 -0.90133375 -0.23545906
vn 0.45552212 -0.8894289 -0.037626848
vn 0.55236024 -0.7156609 0.42746648
vn 0.51047456 -0.8288222 0.2290621
vn 0.40946484 -0.772753 0.48496532
vn 0.4294113 -0.7889912 0.43943024
vn 0.9211399 -0.048639562 0.3861807
vn 0.43583062 -0.8524593 0.28872943
vn 0.96422255 0.13194922 0.22992255
vn 0.36348754 -0.87019503 0.33262187
vn 0.39687493 -0.9176958 0.018021807
vn 0.97549075 0.17550962 0.132718
vn -0 -0.86560315 0.5007306
vn 0.2837697 -0.95702976 0.05973874
vn 0.3722914 -0.91205037 -0.17193976
vn 0.9135897 -0.34936544 -0.20808102
vn -0 -0.98304474 0.1833657
vn 0.24897882 -0.9533913 -0.17045382
vn 0.33953238 -0.8855481 -0.3170524
vn -0.24897882 -0.9533913 -0.17045382
vn -0 -0.99187136 -0.12724474
vn -0.22605148 -0.91943866 -0.32176575
vn 0.2964499 -0.8629599 -0.4091671
vn 0.22605148 -0.91943866 -0.32176575
vn -0.22248758 -0.89539725 -0.3856982
vn -0 -0.9465863 -0.32245076
vn 0.22248758 -0.89539725 -0.3856982
vn -0 -0.92506063 -0.3798194
vn 0.19491972 -0.89844793 -0.39344317
vn -0 -0.9301955 -0.36706457
vn 0.1657371 -0.9200906 -0.35491467
vn -0.13942668 0.31860158 0.93757844
vn -0.15113504 -0.97176605 -0.18118793
vn -0.1552276 -0.9314281 -0.32915974
vn -0.1192008 0.8599691 -0.49623016
vn -0.13280486 0.2606296 0.956261
vn -0.15690063 0.8417869 -0.5165046
vn -0.108798504 0.2637609 0.9584327
vn -0.13593692 -0.8907134 -0.43376353
vn -0.27737418 0.85983104 -0.42866558
vn -0.092810936 0.2438654 0.96535784
vn -0.117038935 -0.9029891 -0.41341585
vn -0.34842348 0.90085465 -0.25896344
vn -0.6156692 -0.17756593 0.76773816
vn -0 -0.47250056 0.8813304
vn -0 -0.40965453 0.9122407
vn 0.117200874 -0.39357403 0.9117913
vn -0.117200874 -0.39357403 0.9117913
vn 0.09850548 -0.46051267 0.8821705
vn 0.20939745 -0.3948631 0.8945591
vn 0.31227165 -0.46715733 0.8271943
vn 0.54691684 -0.42239088 0.72281945
vn -0.09850548 -0.46051267 0.8821705
vn -0.20939745 -0.3948631 0.8945591
vn -0.31227165 -0.46715733 0.8271943
vn -0.54691684 -0.42239088 0.72281945
vn 0.21807772 -0.8969356 -0.38464087
vn 0.8815254 -0.4141041 0.2267835
vn 0.89019305 -0.107787155 -0.4426492
vn -0.21807772 -0.8969356 -0.38464087
vn -0.8815254 -0.4141041 0.2267835
vn -0.89019305 -0.107787155 -0.4426492
vn 0.63688713 -0.5412676 -0.5490029
vn 0.8198797 -0.15902282 -0.5500083
vn -0 -0.9348299 -0.35509595
vn -0.63688713 -0.5412676 -0.5490029
vn -0.8198797 -0.15902282 -0.5500083
vn 0.10733181 0.25586107 -0.9607367
vn -0.07726678 0.35636082 -0.9311481
vn -0.1834014 0.3252493 -0.92767274
vn -0.22092284 0.3948819 -0.8917743
vn -0.08716492 0.3290633 -0.9402764
vn -0.11930256 0.382752 -0.9161155
vn -0 0.34247681 -0.9395264
vn -0 0.3999477 -0.91653794
vn 0.11930256 0.382752 -0.9161155
vn 0.08716492 0.3290633 -0.9402764
vn 0.22092284 0.3948819 -0.8917743
vn 0.1834014 0.3252493 -0.92767274
vn 0.07726678 0.35636082 -0.9311481
vn -0.10733181 0.25586107 -0.9607367
vn 0.13942668 0.31860158 0.93757844
vn 0.1552276 -0.9314281 -0.32915974
vn 0.15113504 -0.97176605 -0.18118793
vn 0.1192008 0.8599691 -0.49623016
vn 0.13280486 0.2606296 0.956261
vn 0.15690063 0.8417869 -0.5165046
vn 0.108798504 0.2637609 0.9584327
vn 0.13593692 -0.8907134 -0.43376353
vn 0.27737418 0.85983104 -0.42866558
vn 0.092810936 0.2438654 0.96535784
vn 0.117038935 -0.9029891 -0.41341585
vn 0.34842348 0.90085465 -0.25896344
vn 0.6156692 -0.17756593 0.76773816
vn 0.1462822 -0.84315085 -0.51739556
vn 0.056902252 0.37902156 0.9236367
vn 0.010072873 0.64921474 0.7605385
vn 0.18392307 -0.85790396 -0.47976357
vn -0.33746684 0.90772146 -0.2493148
vn -0.6260063 0.4659694 -0.6252908
vn 0.027833123 0.34113577 0.9396019
vn -0.8106668 0.34088588 -0.47604224
vn 0.16189238 -0.8434642 -0.51220995
vn -0.045027103 0.35475078 0.93387604
vn -0.9326399 0.30115527 -0.19871701
vn 0.24358843 -0.7919571 -0.55988276
vn -0.5892671 0.0040601143 0.8079281
vn -0.1462822 -0.84315085 -0.51739556
vn -0.18392307 -0.85790396 -0.47976357
vn -0.010072873 0.64921474 0.7605385
vn 0.6260063 0.4659694 -0.6252908
vn 0.33746684 0.90772146 -0.2493148
vn -0.056902252 0.37902156 0.9236367
vn -0.027833123 0.34113577 0.9396019
vn 0.8106668 0.34088588 -0.47604224
vn -0.16189238 -0.8434642 -0.51220995
vn 0.045027103 0.35475078 0.93387604
vn 0.9326399 0.30115527 -0.19871701
vn -0.24358843 -0.7919571 -0.55988276
vn 0.5892671 0.0040601143 0.8079281
vn 0.9159504 0.30535132 0.26037547
vn -0.122252814 0.70846283 -0.6950789
vn 0.073468916 0.27874038 -0.9575522
vn 0.09779333 -0.21279937 0.9721897
vn 0.3940595 -0.564484 0.7253102
vn 0.21714829 0.6914966 -0.6889696
vn -0.42807955 -0.30127794 0.8520442
vn -0.08878253 -0.65427715 0.7510254
vn 0.29314905 0.261337 -0.9196557
vn 0.42695346 0.6411155 -0.6377159
vn -0.8451087 -0.1791348 0.5036884
vn -0.61330736 -0.6596897 0.43435422
vn 0.514553 0.11115714 -0.850223
vn -0.73657656 -0.15190922 -0.65907395
vn 0.8974698 0.42062986 0.13273469
vn -0.27763638 0.75961334 -0.5881375
vn 0.03229211 0.39632234 -0.91754335
vn 0.12968822 -0.31926766 0.9387487
vn 0.47140464 -0.6445823 0.6019064
vn 0.07164432 0.7822451 -0.61883736
vn -0.32391065 -0.31468672 0.8922186
vn 0.07636036 -0.75432956 0.6520398
vn 0.2545853 0.3079868 -0.9166954
vn 0.3745897 0.63207215 -0.6783564
vn -0.7301223 -0.20595255 0.6515406
vn -0.56766343 -0.5969462 0.5669334
vn 0.4073932 0.2714349 -0.8719827
vn -0.86651474 0.14101316 -0.4788188
vn 0.16266888 -0.6696545 0.724639
vn -0.06043247 -0.05592729 0.9966042
vn 0.8870748 0.3453827 0.30628258
vn 0.36265886 0.17433839 -0.9154697
vn 0.027542172 -0.88088936 0.47252014
vn 0.082140125 0.76435065 -0.6395475
vn 0.36229318 0.2383581 -0.901071
vn -0.16587996 0.807778 -0.5656664
vn -0.3324835 -0.21979737 0.917139
vn 0.036905102 -0.98736537 0.15410247
vn 0.33232287 0.3655605 -0.8694406
vn -0.2759144 0.8228799 -0.49672922
vn -0.51161116 -0.5573828 0.65389484
vn -0.49453 -0.5283487 -0.690136
vn -0.036905102 -0.98736537 0.15410247
vn 0.3324835 -0.21979737 0.917139
vn 0.51161116 -0.5573828 0.65389484
vn 0.49453 -0.5283487 -0.690136
vn 0.2759144 0.8228799 -0.49672922
vn -0.33232287 0.3655605 -0.8694406
vn 0.16587996 0.807778 -0.5656664
vn -0.36229318 0.2383581 -0.901071
vn -0.027542172 -0.88088936 0.47252014
vn 0.06043247 -0.05592729 0.9966042
vn -0.082140125 0.76435065 -0.6395475
vn -0.36265886 0.17433839 -0.9154697
vn -0.16266888 -0.6696545 0.724639
vn -0.8870748 0.3453827 0.30628258
vn -0.3940595 -0.564484 0.7253102
vn -0.9159504 0.30535132 0.26037547
vn -0.09779333 -0.21279937 0.9721897
vn -0.073468916 0.27874038 -0.9575522
vn 0.122252814 0.70846283 -0.6950789
vn -0.21714829 0.6914966 -0.6889696
vn 0.42807955 -0.30127794 0.8520442
vn 0.08878253 -0.65427715 0.7510254
vn -0.29314905 0.261337 -0.9196557
vn -0.42695346 0.6411155 -0.6377159
vn 0.8451087 -0.1791348 0.5036884
vn 0.61330736 -0.6596897 0.43435422
vn -0.514553 0.11115714 -0.850223
vn 0.73657656 -0.15190922 -0.65907395
vn 0.56766343 -0.5969462 0.5669334
vn -0.4073932 0.2714349 -0.8719827
vn -0.2545853 0.3079868 -0.9166954
vn 0.86651474 0.14101316 -0.4788188
vn -0.3745897 0.63207215 -0.6783564
vn 0.7301223 -0.20595255 0.6515406
vn -0.07636036 -0.75432956 0.6520398
vn 0.32391065 -0.31468672 0.8922186
vn -0.07164432 0.7822451 -0.61883736
vn -0.03229211 0.39632234 -0.91754335
vn -0.47140464 -0.6445823 0.6019064
vn -0.12968822 -0.31926766 0.9387487
vn -0.8974698 0.42062986 0.13273469
vn 0.27763638 0.75961334 -0.5881375
vn 0.97549075 0.17550962 0.132718
vn 0.8707724 -0.46168768 -0.1691149
vn 0.96422255 0.13194922 0.22992255
vn 0.6373788 -0.53151536 0.5578887
vn 0.29932505 -0.9248016 -0.2348331
vn 0.1571734 -0.5449289 0.8236195
vn 0.9211399 -0.048639562 0.3861807
vn 0.71344024 -0.06211163 0.6979579
vn 0.53341246 -0.099070996 0.8400333
vn 0.097224325 0.11356892 0.9887616
vn 0.023903534 0.17459206 0.9843507
vn -0.04887001 0.17869551 0.98269
vn -0.115958735 0.18804711 0.9752907
vn -0.11678837 -0.20117769 0.97256774
vn -0.39084634 -0.67345166 0.6274567
vn -0.3708659 -0.14831369 0.91676694
vn -0.59651124 -0.11062279 0.79494464
vn -0.763889 -0.19135183 0.6163264
vn -0.8823426 0.20947915 0.4214143
vn -0.9267556 0.13990372 0.34864157
vn -0.5254136 -0.8294597 -0.1895709
vn -0.3689822 -0.37913558 -0.8485919
vn -0.9194715 0.31128013 0.24016008
vn -0.9394974 0.31662717 -0.1307357
vn -0.9194715 0.31128013 0.24016008
vn -0.8078547 0.4423789 -0.38945067
vn -0.7292369 0.52739525 -0.43596783
vn -0.5997315 0.5640311 -0.5676186
vn -0.37386724 0.55677503 -0.74177146
vn 0.12268163 -0.31165463 -0.9422423
vn -0.2820268 0.6234373 -0.72923714
vn -0.17221501 0.6317605 -0.75579137
vn 0.57104474 -0.3358085 -0.7490932
vn -0.016662711 0.5233449 -0.85195804
vn 0.11269667 0.6073014 -0.78643787
vn 0.19163035 0.6334971 -0.7496394
vn 0.24677406 0.63729995 -0.7300351
vn 0.8346518 -0.31345057 -0.4528853
vn 0.9135897 -0.34936544 -0.20808102
vn 0.97549075 0.17550962 0.132718
vn -0.97549075 0.17550962 0.132718
vn -0.96422255 0.13194922 0.22992255
vn -0.8707724 -0.46168768 -0.1691149
vn -0.6373788 -0.53151536 0.5578887
vn -0.29932505 -0.9248016 -0.2348331
vn -0.1571734 -0.5449289 0.8236195
vn -0.9211399 -0.048639562 0.3861807
vn -0.71344024 -0.06211163 0.6979579
vn -0.53341246 -0.099070996 0.8400333
vn -0.097224325 0.11356892 0.9887616
vn -0.023903534 0.17459206 0.9843507
vn 0.04887001 0.17869551 0.98269
vn 0.115958735 0.18804711 0.9752907
vn 0.11678837 -0.20117769 0.97256774
vn 0.39084634 -0.67345166 0.6274567
vn 0.3708659 -0.14831369 0.91676694
vn 0.59651124 -0.11062279 0.79494464
vn 0.763889 -0.19135183 0.6163264
vn 0.8823426 0.20947915 0.4214143
vn 0.9267556 0.13990372 0.34864157
vn 0.5254136 -0.8294597 -0.1895709
vn 0.3689822 -0.37913558 -0.8485919
vn 0.9194715 0.31128013 0.24016008
vn 0.9394974 0.31662717 -0.1307357
vn 0.9194715 0.31128013 0.24016008
vn 0.8078547 0.4423789 -0.38945067
vn 0.7292369 0.52739525 -0.43596783
vn 0.5997315 0.5640311 -0.5676186
vn 0.37386724 0.55677503 -0.74177146
vn -0.12268163 -0.31165463 -0.9422423
vn 0.2820268 0.6234373 -0.72923714
vn 0.17221501 0.6317605 -0.75579137
vn -0.57104474 -0.3358085 -0.7490932
vn 0.016662711 0.5233449 -0.85195804
vn -0.11269667 0.6073014 -0.78643787
vn -0.19163035 0.6334971 -0.7496394
vn -0.24677406 0.63729995 -0.7300351
vn -0.8346518 -0.31345057 -0.4528853
vn -0.9135897 -0.34936544 -0.20808102
vn -0.97549075 0.17550962 0.132718
g CH0069_Cutin_Face_Outline_0
f 3/3/3 2/2/2 1/1/1
f 6/6/6 5/5/5 4/4/4
f 9/9/9 8/8/8 7/7/7
f 7/7/7 8/8/8 10/10/10
f 11/11/11 7/7/7 10/10/10
f 10/10/10 12/12/12 11/11/11
f 12/12/12 13/13/13 11/11/11
f 13/13/13 12/12/12 14/14/14
f 12/12/12 15/15/15 14/14/14
f 16/16/16 14/14/14 15/15/15
f 19/19/19 18/18/18 17/17/17
f 18/18/18 20/20/20 17/17/17
f 21/21/21 20/20/20 18/18/18
f 22/22/22 21/21/21 18/18/18
f 23/23/23 21/21/21 22/22/22
f 24/24/24 23/23/23 22/22/22
f 25/25/25 23/23/23 24/24/24
f 26/26/26 25/25/25 24/24/24
f 27/27/27 25/25/25 26/26/26
f 28/28/28 27/27/27 26/26/26
f 29/29/29 27/27/27 28/28/28
f 30/30/30 25/25/25 27/27/27
f 23/23/23 25/25/25 30/30/30
f 31/31/31 29/29/29 28/28/28
f 32/32/32 29/29/29 31/31/31
f 32/32/32 33/33/33 29/29/29
f 33/33/33 34/34/34 29/29/29
f 29/29/29 34/34/34 35/35/35
f 29/29/29 35/35/35 36/36/36
f 37/37/37 29/29/29 36/36/36
f 36/36/36 38/38/38 37/37/37
f 39/39/39 23/23/23 30/30/30
f 30/30/30 40/40/40 39/39/39
f 21/21/21 23/23/23 39/39/39
f 38/38/38 41/41/41 37/37/37
f 38/38/38 42/42/42 41/41/41
f 41/41/41 43/43/43 37/37/37
f 42/42/42 44/44/44 41/41/41
f 41/41/41 44/44/44 43/43/43
f 42/42/42 45/45/45 44/44/44
f 46/46/46 39/39/39 40/40/40
f 47/47/47 46/46/46 40/40/40
f 48/48/48 21/21/21 39/39/39
f 48/48/48 39/39/39 46/46/46
f 21/21/21 48/48/48 20/20/20
f 48/48/48 49/49/49 20/20/20
f 20/20/20 49/49/49 17/17/17
f 50/50/50 17/17/17 49/49/49
f 17/17/17 50/50/50 51/51/51
f 51/51/51 50/50/50 52/52/52
f 53/53/53 50/50/50 49/49/49
f 50/50/50 53/53/53 52/52/52
f 52/52/52 53/53/53 54/54/54
f 54/54/54 53/53/53 55/55/55
f 55/55/55 53/53/53 56/56/56
f 56/56/56 53/53/53 57/57/57
f 57/57/57 53/53/53 58/58/58
f 59/59/59 46/46/46 47/47/47
f 46/46/46 59/59/59 60/60/60
f 60/60/60 59/59/59 47/47/47
f 61/61/61 60/60/60 47/47/47
f 61/61/61 62/62/62 60/60/60
f 62/62/62 61/61/61 47/47/47
f 62/62/62 47/47/47 63/63/63
f 64/64/64 62/62/62 63/63/63
f 63/63/63 43/43/43 64/64/64
f 44/44/44 64/64/64 43/43/43
f 64/64/64 65/65/65 62/62/62
f 44/44/44 66/66/66 64/64/64
f 66/66/66 65/65/65 64/64/64
f 45/45/45 66/66/66 44/44/44
f 45/45/45 67/67/67 66/66/66
f 66/66/66 68/68/68 65/65/65
f 67/67/67 68/68/68 66/66/66
f 68/68/68 69/69/69 65/65/65
f 68/68/68 67/67/67 70/70/70
f 69/69/69 68/68/68 70/70/70
f 67/67/67 71/71/71 70/70/70
f 70/70/70 72/72/72 69/69/69
f 72/72/72 70/70/70 73/73/73
f 72/72/72 73/73/73 74/74/74
f 72/72/72 75/75/75 69/69/69
f 75/75/75 72/72/72 74/74/74
f 75/75/75 74/74/74 76/76/76
f 75/75/75 76/76/76 77/77/77
f 75/75/75 77/77/77 78/78/78
f 75/75/75 78/78/78 79/79/79
f 75/75/75 79/79/79 80/80/80
f 83/83/83 82/82/82 81/81/81
f 84/84/84 82/82/82 83/83/83
f 85/85/85 84/84/84 83/83/83
f 86/86/86 84/84/84 85/85/85
f 87/87/87 86/86/86 85/85/85
f 88/88/88 86/86/86 87/87/87
f 89/89/89 88/88/88 87/87/87
f 90/90/90 88/88/88 89/89/89
f 93/93/93 92/92/92 91/91/91
f 92/92/92 93/93/93 94/94/94
f 95/95/95 94/94/94 93/93/93
f 96/96/96 95/95/95 93/93/93
f 97/97/97 96/96/96 93/93/93
f 98/98/98 97/97/97 93/93/93
f 98/98/98 93/93/93 99/99/99
f 99/99/99 100/100/100 98/98/98
f 103/103/103 102/102/102 101/101/101
f 104/104/104 103/103/103 101/101/101
f 103/103/103 104/104/104 105/105/105
f 106/106/106 103/103/103 105/105/105
f 107/107/107 106/106/106 105/105/105
f 110/110/110 109/109/109 108/108/108
f 108/108/108 109/109/109 111/111/111
f 108/108/108 111/111/111 112/112/112
f 113/113/113 108/108/108 112/112/112
f 114/114/114 113/113/113 112/112/112
f 112/112/112 115/115/115 114/114/114
f 112/112/112 111/111/111 115/115/115
f 115/115/115 116/116/116 114/114/114
f 114/114/114 116/116/116 117/117/117
f 117/117/117 116/116/116 118/118/118
f 118/118/118 116/116/116 119/119/119
f 116/116/116 115/115/115 119/119/119
f 119/119/119 115/115/115 120/120/120
f 115/115/115 121/121/121 120/120/120
f 111/111/111 121/121/121 115/115/115
f 120/120/120 121/121/121 122/122/122
f 121/121/121 123/123/123 122/122/122
f 123/123/123 121/121/121 111/111/111
f 124/124/124 122/122/122 123/123/123
f 122/122/122 124/124/124 125/125/125
f 123/123/123 111/111/111 126/126/126
f 123/123/123 126/126/126 124/124/124
f 126/126/126 111/111/111 127/127/127
f 111/111/111 128/128/128 127/127/127
f 124/124/124 126/126/126 128/128/128
f 129/129/129 124/124/124 128/128/128
f 130/130/130 124/124/124 129/129/129
f 130/130/130 125/125/125 124/124/124
f 130/130/130 129/129/129 131/131/131
f 130/130/130 132/132/132 125/125/125
f 130/130/130 131/131/131 132/132/132
f 132/132/132 133/133/133 125/125/125
f 132/132/132 131/131/131 134/134/134
f 133/133/133 132/132/132 135/135/135
f 136/136/136 132/132/132 134/134/134
f 132/132/132 136/136/136 135/135/135
f 136/136/136 134/134/134 137/137/137
f 135/135/135 136/136/136 138/138/138
f 139/139/139 136/136/136 137/137/137
f 136/136/136 139/139/139 138/138/138
f 137/137/137 140/140/140 139/139/139
f 141/141/141 138/138/138 139/139/139
f 140/140/140 142/142/142 139/139/139
f 142/142/142 141/141/141 139/139/139
f 140/140/140 143/143/143 142/142/142
f 144/144/144 141/141/141 142/142/142
f 143/143/143 145/145/145 142/142/142
f 145/145/145 144/144/144 142/142/142
f 145/145/145 143/143/143 146/146/146
f 144/144/144 145/145/145 147/147/147
f 148/148/148 145/145/145 146/146/146
f 145/145/145 148/148/148 147/147/147
f 148/148/148 146/146/146 149/149/149
f 147/147/147 148/148/148 150/150/150
f 151/151/151 148/148/148 149/149/149
f 148/148/148 151/151/151 150/150/150
f 151/151/151 149/149/149 152/152/152
f 153/153/153 150/150/150 151/151/151
f 154/154/154 151/151/151 152/152/152
f 154/154/154 153/153/153 151/151/151
f 154/154/154 152/152/152 155/155/155
f 156/156/156 153/153/153 154/154/154
f 157/157/157 154/154/154 155/155/155
f 157/157/157 156/156/156 154/154/154
f 158/158/158 156/156/156 157/157/157
f 155/155/155 159/159/159 157/157/157
f 160/160/160 158/158/158 157/157/157
f 159/159/159 160/160/160 157/157/157
f 161/161/161 158/158/158 160/160/160
f 160/160/160 159/159/159 162/162/162
f 162/162/162 161/161/161 160/160/160
f 159/159/159 163/163/163 162/162/162
f 164/164/164 161/161/161 162/162/162
f 164/164/164 162/162/162 163/163/163
f 167/167/167 166/166/166 165/165/165
f 166/166/166 168/168/168 165/165/165
f 168/168/168 169/169/169 165/165/165
f 168/168/168 170/170/170 169/169/169
f 170/170/170 171/171/171 169/169/169
f 171/171/171 170/170/170 172/172/172
f 173/173/173 171/171/171 172/172/172
f 173/173/173 172/172/172 174/174/174
f 175/175/175 173/173/173 174/174/174
f 174/174/174 176/176/176 175/175/175
f 176/176/176 177/177/177 175/175/175
f 176/176/176 178/178/178 177/177/177
f 178/178/178 179/179/179 177/177/177
f 180/180/180 179/179/179 178/178/178
f 183/183/183 182/182/182 181/181/181
f 184/184/184 183/183/183 181/181/181
f 185/185/185 184/184/184 181/181/181
f 184/184/184 185/185/185 186/186/186
f 185/185/185 187/187/187 186/186/186
f 186/186/186 187/187/187 188/188/188
f 189/189/189 186/186/186 188/188/188
f 188/188/188 190/190/190 189/189/189
f 193/193/193 192/192/192 191/191/191
f 193/193/193 194/194/194 192/192/192
f 194/194/194 195/195/195 192/192/192
f 194/194/194 196/196/196 195/195/195
f 196/196/196 197/197/197 195/195/195
f 196/196/196 198/198/198 197/197/197
f 198/198/198 199/199/199 197/197/197
f 198/198/198 200/200/200 199/199/199
f 203/203/203 202/202/202 201/201/201
f 202/202/202 203/203/203 204/204/204
f 204/204/204 205/205/205 202/202/202
f 205/205/205 206/206/206 202/202/202
f 206/206/206 207/207/207 202/202/202
f 207/207/207 208/208/208 202/202/202
f 202/202/202 208/208/208 209/209/209
f 210/210/210 209/209/209 208/208/208
f 213/213/213 212/212/212 211/211/211
f 212/212/212 214/214/214 211/211/211
f 214/214/214 212/212/212 215/215/215
f 216/216/216 214/214/214 215/215/215
f 219/219/219 218/218/218 217/217/217
f 220/220/220 219/219/219 217/217/217
f 219/219/219 220/220/220 221/221/221
f 222/222/222 219/219/219 221/221/221
f 217/217/217 223/223/223 220/220/220
f 223/223/223 217/217/217 224/224/224
f 225/225/225 222/222/222 221/221/221
f 222/222/222 225/225/225 226/226/226
f 227/227/227 222/222/222 226/226/226
f 227/227/227 226/226/226 228/228/228
f 227/227/227 228/228/228 229/229/229
f 221/221/221 220/220/220 230/230/230
f 230/230/230 220/220/220 223/223/223
f 224/224/224 231/231/231 223/223/223
f 231/231/231 224/224/224 232/232/232
f 224/224/224 233/233/233 232/232/232
f 232/232/232 233/233/233 234/234/234
f 235/235/235 232/232/232 234/234/234
f 235/235/235 234/234/234 236/236/236
f 237/237/237 235/235/235 236/236/236
f 236/236/236 238/238/238 237/237/237
f 238/238/238 239/239/239 237/237/237
f 238/238/238 240/240/240 239/239/239
f 240/240/240 241/241/241 239/239/239
f 223/223/223 231/231/231 242/242/242
f 242/242/242 231/231/231 243/243/243
f 243/243/243 231/231/231 232/232/232
f 243/243/243 232/232/232 244/244/244
f 232/232/232 235/235/235 244/244/244
f 245/245/245 244/244/244 235/235/235
f 237/237/237 245/245/245 235/235/235
f 245/245/245 237/237/237 246/246/246
f 237/237/237 239/239/239 246/246/246
f 246/246/246 239/239/239 247/247/247
f 239/239/239 241/241/241 247/247/247
f 223/223/223 242/242/242 248/248/248
f 249/249/249 247/247/247 241/241/241
f 230/230/230 223/223/223 248/248/248
f 250/250/250 249/249/249 241/241/241
f 251/251/251 249/249/249 250/250/250
f 230/230/230 248/248/248 252/252/252
f 253/253/253 230/230/230 252/252/252
f 230/230/230 253/253/253 254/254/254
f 255/255/255 248/248/248 254/254/254
f 253/253/253 256/256/256 254/254/254
f 221/221/221 230/230/230 254/254/254
f 248/248/248 221/221/221 254/254/254
f 256/256/256 257/257/257 254/254/254
f 250/250/250 241/241/241 258/258/258
f 241/241/241 259/259/259 258/258/258
f 250/250/250 258/258/258 260/260/260
f 261/261/261 251/251/251 250/250/250
f 261/261/261 250/250/250 260/260/260
f 262/262/262 251/251/251 261/261/261
f 260/260/260 263/263/263 261/261/261
f 264/264/264 262/262/262 261/261/261
f 263/263/263 264/264/264 261/261/261
f 265/265/265 262/262/262 264/264/264
f 263/263/263 266/266/266 264/264/264
f 267/267/267 265/265/265 264/264/264
f 266/266/266 267/267/267 264/264/264
f 267/267/267 266/266/266 268/268/268
f 265/265/265 267/267/267 269/269/269
f 270/270/270 267/267/267 268/268/268
f 267/267/267 270/270/270 269/269/269
f 268/268/268 271/271/271 270/270/270
f 271/271/271 272/272/272 270/270/270
f 270/270/270 272/272/272 269/269/269
f 272/272/272 273/273/273 269/269/269
f 272/272/272 274/274/274 273/273/273
f 277/277/277 276/276/276 275/275/275
f 276/276/276 278/278/278 275/275/275
f 279/279/279 278/278/278 276/276/276
f 280/280/280 279/279/279 276/276/276
f 280/280/280 281/281/281 279/279/279
f 283/283/283 282/282/282 257/257/257
f 284/284/284 283/283/283 257/257/257
f 283/283/283 284/284/284 285/285/285
f 284/284/284 256/256/256 285/285/285
f 284/284/284 257/257/257 286/286/286
f 284/284/284 286/286/286 256/256/256
f 287/287/287 257/257/257 256/256/256
f 257/257/257 287/287/287 286/286/286
f 288/288/288 287/287/287 256/256/256
f 286/286/286 288/288/288 256/256/256
f 288/288/288 289/289/289 287/287/287
f 286/286/286 289/289/289 288/288/288
f 286/286/286 287/287/287 289/289/289
f 292/292/292 291/291/291 290/290/290
f 292/292/292 290/290/290 221/221/221
f 293/293/293 221/221/221 290/290/290
f 294/294/294 293/293/293 290/290/290
f 297/297/297 296/296/296 295/295/295
f 297/297/297 295/295/295 298/298/298
f 295/295/295 299/299/299 298/298/298
f 298/298/298 299/299/299 300/300/300
f 299/299/299 301/301/301 300/300/300
f 302/302/302 300/300/300 301/301/301
f 303/303/303 302/302/302 301/301/301
f 304/304/304 302/302/302 303/303/303
f 305/305/305 304/304/304 303/303/303
f 304/304/304 305/305/305 306/306/306
f 305/305/305 307/307/307 306/306/306
f 308/308/308 306/306/306 307/307/307
f 309/309/309 308/308/308 307/307/307
f 309/309/309 310/310/310 308/308/308
f 311/311/311 128/128/128 126/126/126
f 128/128/128 311/311/311 127/127/127
f 312/312/312 126/126/126 127/127/127
f 312/312/312 311/311/311 126/126/126
f 313/313/313 312/312/312 127/127/127
f 314/314/314 311/311/311 312/312/312
f 313/313/313 314/314/314 312/312/312
f 127/127/127 311/311/311 315/315/315
f 311/311/311 314/314/314 315/315/315
f 315/315/315 313/313/313 127/127/127
f 314/314/314 316/316/316 315/315/315
f 316/316/316 314/314/314 313/313/313
f 313/313/313 315/315/315 317/317/317
f 316/316/316 317/317/317 315/315/315
f 318/318/318 313/313/313 317/317/317
f 318/318/318 316/316/316 313/313/313
f 319/319/319 318/318/318 317/317/317
f 319/319/319 316/316/316 318/318/318
f 317/317/317 316/316/316 319/319/319
f 322/322/322 321/321/321 320/320/320
f 322/322/322 320/320/320 323/323/323
f 324/324/324 322/322/322 323/323/323
f 324/324/324 323/323/323 325/325/325
f 322/322/322 326/326/326 321/321/321
f 327/327/327 324/324/324 325/325/325
f 322/322/322 328/328/328 326/326/326
f 328/328/328 329/329/329 326/326/326
f 328/328/328 330/330/330 329/329/329
f 330/330/330 331/331/331 329/329/329
f 330/330/330 332/332/332 331/331/331
f 330/330/330 333/333/333 332/332/332
f 330/330/330 334/334/334 333/333/333
f 334/334/334 335/335/335 333/333/333
f 334/334/334 336/336/336 335/335/335
f 336/336/336 334/334/334 337/337/337
f 337/337/337 334/334/334 338/338/338
f 334/334/334 339/339/339 338/338/338
f 338/338/338 339/339/339 340/340/340
f 340/340/340 339/339/339 341/341/341
f 341/341/341 339/339/339 342/342/342
f 328/328/328 343/343/343 330/330/330
f 343/343/343 328/328/328 322/322/322
f 343/343/343 322/322/322 324/324/324
f 344/344/344 334/334/334 330/330/330
f 343/343/343 344/344/344 330/330/330
f 334/334/334 344/344/344 339/339/339
f 344/344/344 343/343/343 324/324/324
f 339/339/339 345/345/345 342/342/342
f 342/342/342 345/345/345 346/346/346
f 344/344/344 347/347/347 339/339/339
f 347/347/347 344/344/344 324/324/324
f 347/347/347 345/345/345 339/339/339
f 345/345/345 348/348/348 346/346/346
f 345/345/345 347/347/347 348/348/348
f 348/348/348 347/347/347 324/324/324
f 346/346/346 348/348/348 349/349/349
f 348/348/348 324/324/324 327/327/327
f 349/349/349 348/348/348 350/350/350
f 350/350/350 348/348/348 327/327/327
f 353/353/353 352/352/352 351/351/351
f 353/353/353 354/354/354 352/352/352
f 352/352/352 354/354/354 355/355/355
f 354/354/354 356/356/356 355/355/355
f 357/357/357 355/355/355 356/356/356
f 358/358/358 357/357/357 356/356/356
f 357/357/357 358/358/358 359/359/359
f 358/358/358 360/360/360 359/359/359
f 359/359/359 360/360/360 361/361/361
f 362/362/362 359/359/359 361/361/361
f 361/361/361 363/363/363 362/362/362
f 363/363/363 364/364/364 362/362/362
f 364/364/364 363/363/363 365/365/365
f 366/366/366 355/355/355 357/357/357
f 367/367/367 357/357/357 359/359/359
f 367/367/367 366/366/366 357/357/357
f 368/368/368 359/359/359 362/362/362
f 368/368/368 367/367/367 359/359/359
f 366/366/366 369/369/369 355/355/355
f 369/369/369 352/352/352 355/355/355
f 369/369/369 370/370/370 352/352/352
f 371/371/371 366/366/366 367/367/367
f 366/366/366 371/371/371 369/369/369
f 362/362/362 364/364/364 372/372/372
f 372/372/372 368/368/368 362/362/362
f 367/367/367 368/368/368 373/373/373
f 373/373/373 371/371/371 367/367/367
f 374/374/374 371/371/371 373/373/373
f 371/371/371 375/375/375 369/369/369
f 369/369/369 375/375/375 370/370/370
f 375/375/375 371/371/371 374/374/374
f 368/368/368 376/376/376 373/373/373
f 376/376/376 368/368/368 372/372/372
f 370/370/370 377/377/377 352/352/352
f 352/352/352 377/377/377 351/351/351
f 377/377/377 378/378/378 351/351/351
f 378/378/378 377/377/377 370/370/370
f 378/378/378 379/379/379 351/351/351
f 379/379/379 378/378/378 380/380/380
f 378/378/378 381/381/381 380/380/380
f 380/380/380 381/381/381 382/382/382
f 383/383/383 374/374/374 373/373/373
f 373/373/373 376/376/376 383/383/383
f 384/384/384 378/378/378 370/370/370
f 378/378/378 384/384/384 381/381/381
f 381/381/381 385/385/385 382/382/382
f 386/386/386 382/382/382 385/385/385
f 387/387/387 386/386/386 385/385/385
f 385/385/385 388/388/388 387/387/387
f 389/389/389 386/386/386 387/387/387
f 390/390/390 385/385/385 381/381/381
f 385/385/385 390/390/390 388/388/388
f 384/384/384 391/391/391 381/381/381
f 391/391/391 390/390/390 381/381/381
f 384/384/384 370/370/370 392/392/392
f 384/384/384 392/392/392 391/391/391
f 393/393/393 389/389/389 387/387/387
f 389/389/389 393/393/393 394/394/394
f 391/391/391 395/395/395 390/390/390
f 392/392/392 395/395/395 391/391/391
f 370/370/370 396/396/396 392/392/392
f 375/375/375 396/396/396 370/370/370
f 375/375/375 397/397/397 396/396/396
f 397/397/397 375/375/375 374/374/374
f 396/396/396 398/398/398 392/392/392
f 397/397/397 398/398/398 396/396/396
f 393/393/393 399/399/399 394/394/394
f 400/400/400 394/394/394 399/399/399
f 395/395/395 392/392/392 401/401/401
f 398/398/398 401/401/401 392/392/392
f 397/397/397 374/374/374 402/402/402
f 397/397/397 402/402/402 398/398/398
f 374/374/374 403/403/403 402/402/402
f 402/402/402 404/404/404 398/398/398
f 403/403/403 374/374/374 405/405/405
f 374/374/374 383/383/383 405/405/405
f 398/398/398 404/404/404 406/406/406
f 401/401/401 398/398/398 406/406/406
f 405/405/405 383/383/383 407/407/407
f 376/376/376 407/407/407 383/383/383
f 408/408/408 401/401/401 406/406/406
f 408/408/408 395/395/395 401/401/401
f 408/408/408 406/406/406 409/409/409
f 407/407/407 376/376/376 410/410/410
f 410/410/410 376/376/376 372/372/372
f 411/411/411 407/407/407 410/410/410
f 412/412/412 395/395/395 408/408/408
f 395/395/395 412/412/412 390/390/390
f 408/408/408 409/409/409 413/413/413
f 413/413/413 412/412/412 408/408/408
f 413/413/413 409/409/409 414/414/414
f 372/372/372 415/415/415 410/410/410
f 364/364/364 415/415/415 372/372/372
f 410/410/410 416/416/416 411/411/411
f 415/415/415 416/416/416 410/410/410
f 417/417/417 390/390/390 412/412/412
f 390/390/390 417/417/417 388/388/388
f 418/418/418 412/412/412 413/413/413
f 418/418/418 417/417/417 412/412/412
f 419/419/419 413/413/413 414/414/414
f 419/419/419 418/418/418 413/413/413
f 415/415/415 364/364/364 420/420/420
f 416/416/416 415/415/415 420/420/420
f 411/411/411 416/416/416 421/421/421
f 421/421/421 416/416/416 420/420/420
f 422/422/422 411/411/411 421/421/421
f 422/422/422 421/421/421 423/423/423
f 421/421/421 420/420/420 423/423/423
f 424/424/424 422/422/422 423/423/423
f 419/419/419 414/414/414 425/425/425
f 414/414/414 426/426/426 425/425/425
f 427/427/427 418/418/418 419/419/419
f 425/425/425 427/427/427 419/419/419
f 428/428/428 427/427/427 425/425/425
f 429/429/429 425/425/425 426/426/426
f 429/429/429 428/428/428 425/425/425
f 429/429/429 426/426/426 430/430/430
f 431/431/431 429/429/429 430/430/430
f 429/429/429 431/431/431 428/428/428
f 432/432/432 424/424/424 423/423/423
f 433/433/433 424/424/424 432/432/432
f 418/418/418 427/427/427 434/434/434
f 417/417/417 418/418/418 434/434/434
f 435/435/435 427/427/427 428/428/428
f 427/427/427 435/435/435 434/434/434
f 423/423/423 436/436/436 432/432/432
f 420/420/420 436/436/436 423/423/423
f 437/437/437 433/433/433 432/432/432
f 438/438/438 433/433/433 437/437/437
f 439/439/439 417/417/417 434/434/434
f 388/388/388 417/417/417 439/439/439
f 420/420/420 440/440/440 436/436/436
f 364/364/364 440/440/440 420/420/420
f 440/440/440 364/364/364 365/365/365
f 441/441/441 440/440/440 365/365/365
f 440/440/440 441/441/441 436/436/436
f 442/442/442 441/441/441 365/365/365
f 442/442/442 443/443/443 441/441/441
f 436/436/436 444/444/444 432/432/432
f 432/432/432 444/444/444 437/437/437
f 445/445/445 438/438/438 437/437/437
f 438/438/438 445/445/445 446/446/446
f 436/436/436 441/441/441 447/447/447
f 444/444/444 436/436/436 447/447/447
f 444/444/444 448/448/448 437/437/437
f 437/437/437 448/448/448 445/445/445
f 447/447/447 448/448/448 444/444/444
f 443/443/443 449/449/449 441/441/441
f 447/447/447 441/441/441 449/449/449
f 445/445/445 450/450/450 446/446/446
f 446/446/446 450/450/450 451/451/451
f 448/448/448 452/452/452 445/445/445
f 445/445/445 452/452/452 450/450/450
f 453/453/453 448/448/448 447/447/447
f 448/448/448 453/453/453 452/452/452
f 449/449/449 443/443/443 454/454/454
f 443/443/443 455/455/455 454/454/454
f 455/455/455 456/456/456 454/454/454
f 457/457/457 447/447/447 449/449/449
f 457/457/457 453/453/453 447/447/447
f 457/457/457 449/449/449 458/458/458
f 449/449/449 454/454/454 458/458/458
f 456/456/456 459/459/459 454/454/454
f 456/456/456 460/460/460 459/459/459
f 461/461/461 453/453/453 457/457/457
f 458/458/458 461/461/461 457/457/457
f 462/462/462 452/452/452 453/453/453
f 461/461/461 462/462/462 453/453/453
f 458/458/458 454/454/454 463/463/463
f 454/454/454 459/459/459 463/463/463
f 464/464/464 459/459/459 460/460/460
f 465/465/465 464/464/464 460/460/460
f 464/464/464 465/465/465 466/466/466
f 464/464/464 466/466/466 467/467/467
f 466/466/466 468/468/468 467/467/467
f 468/468/468 469/469/469 467/467/467
f 470/470/470 452/452/452 462/462/462
f 452/452/452 470/470/470 450/450/450
f 471/471/471 462/462/462 461/461/461
f 470/470/470 462/462/462 471/471/471
f 459/459/459 464/464/464 472/472/472
f 463/463/463 459/459/459 472/472/472
f 450/450/450 470/470/470 473/473/473
f 473/473/473 470/470/470 471/471/471
f 474/474/474 471/471/471 461/461/461
f 474/474/474 461/461/461 458/458/458
f 463/463/463 474/474/474 458/458/458
f 475/475/475 471/471/471 474/474/474
f 473/473/473 471/471/471 475/475/475
f 474/474/474 463/463/463 476/476/476
f 463/463/463 472/472/472 476/476/476
f 476/476/476 475/475/475 474/474/474
f 472/472/472 464/464/464 477/477/477
f 464/464/464 467/467/467 477/477/477
f 477/477/477 467/467/467 478/478/478
f 472/472/472 477/477/477 479/479/479
f 476/476/476 472/472/472 479/479/479
f 479/479/479 477/477/477 478/478/478
f 480/480/480 450/450/450 473/473/473
f 450/450/450 480/480/480 451/451/451
f 451/451/451 480/480/480 481/481/481
f 480/480/480 473/473/473 482/482/482
f 482/482/482 473/473/473 475/475/475
f 480/480/480 483/483/483 481/481/481
f 480/480/480 482/482/482 483/483/483
f 481/481/481 483/483/483 484/484/484
f 485/485/485 475/475/475 476/476/476
f 479/479/479 485/485/485 476/476/476
f 486/486/486 482/482/482 475/475/475
f 482/482/482 486/486/486 483/483/483
f 485/485/485 486/486/486 475/475/475
f 483/483/483 487/487/487 484/484/484
f 483/483/483 486/486/486 487/487/487
f 484/484/484 487/487/487 488/488/488
f 486/486/486 485/485/485 489/489/489
f 486/486/486 489/489/489 487/487/487
f 485/485/485 479/479/479 490/490/490
f 485/485/485 490/490/490 489/489/489
f 487/487/487 491/491/491 488/488/488
f 487/487/487 489/489/489 491/491/491
f 479/479/479 492/492/492 490/490/490
f 492/492/492 479/479/479 478/478/478
f 489/489/489 490/490/490 493/493/493
f 489/489/489 493/493/493 491/491/491
f 488/488/488 491/491/491 494/494/494
f 495/495/495 488/488/488 494/494/494
f 490/490/490 492/492/492 496/496/496
f 490/490/490 496/496/496 493/493/493
f 491/491/491 493/493/493 497/497/497
f 494/494/494 491/491/491 497/497/497
f 495/495/495 494/494/494 498/498/498
f 499/499/499 495/495/495 498/498/498
f 500/500/500 492/492/492 478/478/478
f 492/492/492 500/500/500 496/496/496
f 493/493/493 496/496/496 501/501/501
f 497/497/497 493/493/493 501/501/501
f 494/494/494 497/497/497 502/502/502
f 498/498/498 494/494/494 502/502/502
f 499/499/499 498/498/498 503/503/503
f 504/504/504 499/499/499 503/503/503
f 500/500/500 505/505/505 496/496/496
f 505/505/505 501/501/501 496/496/496
f 505/505/505 500/500/500 506/506/506
f 497/497/497 501/501/501 507/507/507
f 502/502/502 497/497/497 507/507/507
f 501/501/501 505/505/505 508/508/508
f 505/505/505 506/506/506 508/508/508
f 507/507/507 501/501/501 508/508/508
f 502/502/502 509/509/509 498/498/498
f 509/509/509 503/503/503 498/498/498
f 504/504/504 503/503/503 510/510/510
f 511/511/511 504/504/504 510/510/510
f 507/507/507 512/512/512 502/502/502
f 512/512/512 509/509/509 502/502/502
f 513/513/513 503/503/503 509/509/509
f 510/510/510 503/503/503 513/513/513
f 513/513/513 509/509/509 512/512/512
f 500/500/500 514/514/514 506/506/506
f 514/514/514 515/515/515 506/506/506
f 514/514/514 500/500/500 478/478/478
f 515/515/515 514/514/514 478/478/478
f 511/511/511 510/510/510 516/516/516
f 517/517/517 511/511/511 516/516/516
f 518/518/518 512/512/512 507/507/507
f 508/508/508 518/518/518 507/507/507
f 519/519/519 515/515/515 478/478/478
f 467/467/467 519/519/519 478/478/478
f 519/519/519 467/467/467 520/520/520
f 469/469/469 520/520/520 467/467/467
f 520/520/520 469/469/469 521/521/521
f 522/522/522 519/519/519 520/520/520
f 515/515/515 519/519/519 522/522/522
f 523/523/523 520/520/520 521/521/521
f 520/520/520 523/523/523 522/522/522
f 517/517/517 516/516/516 524/524/524
f 525/525/525 517/517/517 524/524/524
f 523/523/523 521/521/521 526/526/526
f 521/521/521 527/527/527 526/526/526
f 525/525/525 524/524/524 528/528/528
f 529/529/529 525/525/525 528/528/528
f 530/530/530 526/526/526 527/527/527
f 531/531/531 530/530/530 527/527/527
f 529/529/529 528/528/528 532/532/532
f 533/533/533 529/529/529 532/532/532
f 534/534/534 530/530/530 531/531/531
f 400/400/400 534/534/534 531/531/531
f 534/534/534 400/400/400 399/399/399
f 535/535/535 533/533/533 532/532/532
f 536/536/536 533/533/533 535/535/535
f 537/537/537 528/528/528 524/524/524
f 538/538/538 532/532/532 528/528/528
f 537/537/537 538/538/538 528/528/528
f 539/539/539 535/535/535 532/532/532
f 538/538/538 539/539/539 532/532/532
f 540/540/540 536/536/536 535/535/535
f 540/540/540 535/535/535 539/539/539
f 541/541/541 537/537/537 524/524/524
f 541/541/541 524/524/524 516/516/516
f 540/540/540 542/542/542 536/536/536
f 543/543/543 536/536/536 542/542/542
f 538/538/538 537/537/537 544/544/544
f 541/541/541 544/544/544 537/537/537
f 545/545/545 541/541/541 516/516/516
f 545/545/545 516/516/516 510/510/510
f 546/546/546 540/540/540 539/539/539
f 540/540/540 546/546/546 542/542/542
f 541/541/541 547/547/547 544/544/544
f 547/547/547 541/541/541 545/545/545
f 548/548/548 545/545/545 510/510/510
f 548/548/548 510/510/510 513/513/513
f 545/545/545 548/548/548 549/549/549
f 545/545/545 549/549/549 547/547/547
f 548/548/548 513/513/513 550/550/550
f 549/549/549 548/548/548 550/550/550
f 550/550/550 513/513/513 512/512/512
f 549/549/549 551/551/551 547/547/547
f 549/549/549 550/550/550 551/551/551
f 552/552/552 550/550/550 512/512/512
f 550/550/550 552/552/552 551/551/551
f 518/518/518 552/552/552 512/512/512
f 553/553/553 547/547/547 551/551/551
f 547/547/547 553/553/553 544/544/544
f 551/551/551 552/552/552 554/554/554
f 554/554/554 553/553/553 551/551/551
f 552/552/552 518/518/518 555/555/555
f 552/552/552 555/555/555 554/554/554
f 544/544/544 553/553/553 556/556/556
f 556/556/556 553/553/553 554/554/554
f 518/518/518 557/557/557 555/555/555
f 557/557/557 518/518/518 508/508/508
f 554/554/554 555/555/555 558/558/558
f 558/558/558 556/556/556 554/554/554
f 559/559/559 544/544/544 556/556/556
f 559/559/559 538/538/538 544/544/544
f 560/560/560 557/557/557 508/508/508
f 506/506/506 560/560/560 508/508/508
f 560/560/560 506/506/506 561/561/561
f 555/555/555 557/557/557 562/562/562
f 555/555/555 562/562/562 558/558/558
f 563/563/563 557/557/557 560/560/560
f 561/561/561 563/563/563 560/560/560
f 557/557/557 563/563/563 562/562/562
f 564/564/564 556/556/556 558/558/558
f 559/559/559 556/556/556 564/564/564
f 565/565/565 564/564/564 558/558/558
f 565/565/565 558/558/558 566/566/566
f 558/558/558 562/562/562 566/566/566
f 567/567/567 566/566/566 562/562/562
f 567/567/567 562/562/562 563/563/563
f 568/568/568 567/567/567 563/563/563
f 568/568/568 563/563/563 569/569/569
f 569/569/569 563/563/563 561/561/561
f 570/570/570 559/559/559 564/564/564
f 571/571/571 569/569/569 561/561/561
f 570/570/570 572/572/572 559/559/559
f 571/571/571 561/561/561 573/573/573
f 572/572/572 574/574/574 559/559/559
f 559/559/559 574/574/574 538/538/538
f 574/574/574 539/539/539 538/538/538
f 575/575/575 574/574/574 572/572/572
f 539/539/539 574/574/574 575/575/575
f 576/576/576 575/575/575 572/572/572
f 546/546/546 539/539/539 575/575/575
f 561/561/561 577/577/577 573/573/573
f 573/573/573 577/577/577 578/578/578
f 575/575/575 576/576/576 579/579/579
f 576/576/576 580/580/580 579/579/579
f 546/546/546 575/575/575 581/581/581
f 575/575/575 579/579/579 581/581/581
f 546/546/546 581/581/581 542/542/542
f 579/579/579 580/580/580 582/582/582
f 580/580/580 583/583/583 582/582/582
f 583/583/583 584/584/584 582/582/582
f 585/585/585 542/542/542 581/581/581
f 585/585/585 543/543/543 542/542/542
f 586/586/586 581/581/581 579/579/579
f 582/582/582 586/586/586 579/579/579
f 586/586/586 585/585/585 581/581/581
f 584/584/584 587/587/587 582/582/582
f 587/587/587 584/584/584 588/588/588
f 589/589/589 543/543/543 585/585/585
f 589/589/589 590/590/590 543/543/543
f 590/590/590 589/589/589 591/591/591
f 592/592/592 590/590/590 591/591/591
f 592/592/592 591/591/591 593/593/593
f 594/594/594 589/589/589 585/585/585
f 585/585/585 586/586/586 594/594/594
f 591/591/591 589/589/589 594/594/594
f 595/595/595 586/586/586 582/582/582
f 586/586/586 595/595/595 594/594/594
f 587/587/587 595/595/595 582/582/582
f 596/596/596 587/587/587 588/588/588
f 596/596/596 588/588/588 597/597/597
f 594/594/594 595/595/595 598/598/598
f 598/598/598 591/591/591 594/594/594
f 595/595/595 587/587/587 599/599/599
f 587/587/587 596/596/596 599/599/599
f 595/595/595 599/599/599 598/598/598
f 600/600/600 596/596/596 597/597/597
f 597/597/597 601/601/601 600/600/600
f 600/600/600 601/601/601 602/602/602
f 599/599/599 596/596/596 603/603/603
f 598/598/598 599/599/599 603/603/603
f 596/596/596 600/600/600 603/603/603
f 604/604/604 603/603/603 600/600/600
f 605/605/605 598/598/598 603/603/603
f 591/591/591 598/598/598 605/605/605
f 605/605/605 603/603/603 604/604/604
f 606/606/606 600/600/600 602/602/602
f 606/606/606 604/604/604 600/600/600
f 607/607/607 606/606/606 602/602/602
f 604/604/604 606/606/606 607/607/607
f 608/608/608 607/607/607 602/602/602
f 608/608/608 609/609/609 607/607/607
f 610/610/610 591/591/591 605/605/605
f 591/591/591 610/610/610 593/593/593
f 609/609/609 611/611/611 607/607/607
f 611/611/611 609/609/609 612/612/612
f 605/605/605 613/613/613 610/610/610
f 613/613/613 605/605/605 604/604/604
f 610/610/610 614/614/614 593/593/593
f 613/613/613 614/614/614 610/610/610
f 614/614/614 615/615/615 593/593/593
f 615/615/615 614/614/614 616/616/616
f 617/617/617 604/604/604 607/607/607
f 607/607/607 611/611/611 617/617/617
f 618/618/618 613/613/613 604/604/604
f 614/614/614 613/613/613 618/618/618
f 617/617/617 618/618/618 604/604/604
f 614/614/614 619/619/619 616/616/616
f 619/619/619 614/614/614 618/618/618
f 617/617/617 620/620/620 618/618/618
f 611/611/611 620/620/620 617/617/617
f 621/621/621 611/611/611 612/612/612
f 612/612/612 622/622/622 621/621/621
f 619/619/619 623/623/623 616/616/616
f 616/616/616 623/623/623 624/624/624
f 618/618/618 625/625/625 619/619/619
f 620/620/620 625/625/625 618/618/618
f 625/625/625 623/623/623 619/619/619
f 620/620/620 611/611/611 626/626/626
f 625/625/625 620/620/620 626/626/626
f 611/611/611 621/621/621 626/626/626
f 626/626/626 621/621/621 627/627/627
f 622/622/622 628/628/628 621/621/621
f 627/627/627 621/621/621 628/628/628
f 622/622/622 629/629/629 628/628/628
f 624/624/624 623/623/623 630/630/630
f 624/624/624 630/630/630 631/631/631
f 623/623/623 625/625/625 632/632/632
f 632/632/632 625/625/625 626/626/626
f 630/630/630 623/623/623 632/632/632
f 626/626/626 633/633/633 632/632/632
f 633/633/633 626/626/626 627/627/627
f 632/632/632 634/634/634 630/630/630
f 633/633/633 634/634/634 632/632/632
f 630/630/630 635/635/635 631/631/631
f 634/634/634 635/635/635 630/630/630
f 631/631/631 635/635/635 636/636/636
f 637/637/637 631/631/631 636/636/636
f 635/635/635 634/634/634 638/638/638
f 636/636/636 635/635/635 638/638/638
f 638/638/638 639/639/639 636/636/636
f 636/636/636 640/640/640 637/637/637
f 639/639/639 640/640/640 636/636/636
f 637/637/637 640/640/640 641/641/641
f 640/640/640 431/431/431 641/641/641
f 431/431/431 640/640/640 639/639/639
f 642/642/642 634/634/634 633/633/633
f 634/634/634 642/642/642 638/638/638
f 633/633/633 627/627/627 643/643/643
f 643/643/643 642/642/642 633/633/633
f 638/638/638 644/644/644 639/639/639
f 642/642/642 644/644/644 638/638/638
f 645/645/645 431/431/431 639/639/639
f 431/431/431 645/645/645 428/428/428
f 642/642/642 643/643/643 646/646/646
f 627/627/627 647/647/647 643/643/643
f 643/643/643 647/647/647 646/646/646
f 644/644/644 642/642/642 648/648/648
f 648/648/648 642/642/642 646/646/646
f 644/644/644 649/649/649 639/639/639
f 645/645/645 639/639/639 650/650/650
f 639/639/639 649/649/649 650/650/650
f 651/651/651 644/644/644 648/648/648
f 649/649/649 644/644/644 651/651/651
f 428/428/428 645/645/645 652/652/652
f 645/645/645 650/650/650 653/653/653
f 652/652/652 645/645/645 653/653/653
f 654/654/654 653/653/653 650/650/650
f 653/653/653 654/654/654 652/652/652
f 655/655/655 650/650/650 649/649/649
f 655/655/655 654/654/654 650/650/650
f 656/656/656 649/649/649 651/651/651
f 656/656/656 655/655/655 649/649/649
f 657/657/657 428/428/428 652/652/652
f 657/657/657 435/435/435 428/428/428
f 651/651/651 648/648/648 658/658/658
f 651/651/651 658/658/658 656/656/656
f 655/655/655 656/656/656 659/659/659
f 654/654/654 655/655/655 659/659/659
f 652/652/652 660/660/660 657/657/657
f 654/654/654 660/660/660 652/652/652
f 658/658/658 661/661/661 656/656/656
f 656/656/656 661/661/661 659/659/659
f 662/662/662 435/435/435 657/657/657
f 660/660/660 663/663/663 657/657/657
f 663/663/663 662/662/662 657/657/657
f 664/664/664 660/660/660 654/654/654
f 660/660/660 664/664/664 663/663/663
f 435/435/435 662/662/662 665/665/665
f 434/434/434 435/435/435 665/665/665
f 666/666/666 662/662/662 663/663/663
f 662/662/662 666/666/666 665/665/665
f 667/667/667 654/654/654 659/659/659
f 667/667/667 664/664/664 654/654/654
f 665/665/665 668/668/668 434/434/434
f 668/668/668 439/439/439 434/434/434
f 669/669/669 666/666/666 663/663/663
f 664/664/664 669/669/669 663/663/663
f 439/439/439 668/668/668 670/670/670
f 670/670/670 388/388/388 439/439/439
f 669/669/669 664/664/664 671/671/671
f 669/669/669 671/671/671 672/672/672
f 666/666/666 669/669/669 672/672/672
f 664/664/664 673/673/673 671/671/671
f 664/664/664 667/667/667 673/673/673
f 667/667/667 674/674/674 673/673/673
f 674/674/674 667/667/667 675/675/675
f 667/667/667 659/659/659 675/675/675
f 675/675/675 659/659/659 676/676/676
f 659/659/659 661/661/661 676/676/676
f 676/676/676 661/661/661 677/677/677
f 661/661/661 658/658/658 677/677/677
f 666/666/666 672/672/672 678/678/678
f 677/677/677 658/658/658 679/679/679
f 680/680/680 666/666/666 678/678/678
f 666/666/666 680/680/680 665/665/665
f 680/680/680 678/678/678 681/681/681
f 680/680/680 681/681/681 665/665/665
f 681/681/681 668/668/668 665/665/665
f 658/658/658 682/682/682 679/679/679
f 648/648/648 682/682/682 658/658/658
f 679/679/679 682/682/682 683/683/683
f 683/683/683 682/682/682 648/648/648
f 646/646/646 683/683/683 648/648/648
f 684/684/684 668/668/668 681/681/681
f 668/668/668 684/684/684 670/670/670
f 646/646/646 685/685/685 683/683/683
f 647/647/647 685/685/685 646/646/646
f 686/686/686 684/684/684 681/681/681
f 686/686/686 681/681/681 687/687/687
f 688/688/688 686/686/686 687/687/687
f 686/686/686 688/688/688 684/684/684
f 689/689/689 688/688/688 687/687/687
f 684/684/684 690/690/690 670/670/670
f 688/688/688 690/690/690 684/684/684
f 691/691/691 688/688/688 689/689/689
f 692/692/692 691/691/691 689/689/689
f 688/688/688 691/691/691 693/693/693
f 690/690/690 688/688/688 693/693/693
f 694/694/694 691/691/691 692/692/692
f 691/691/691 694/694/694 693/693/693
f 695/695/695 694/694/694 692/692/692
f 696/696/696 694/694/694 695/695/695
f 697/697/697 696/696/696 695/695/695
f 697/697/697 698/698/698 696/696/696
f 690/690/690 699/699/699 670/670/670
f 670/670/670 699/699/699 388/388/388
f 694/694/694 700/700/700 693/693/693
f 694/694/694 696/696/696 700/700/700
f 690/690/690 693/693/693 701/701/701
f 699/699/699 690/690/690 701/701/701
f 699/699/699 702/702/702 388/388/388
f 388/388/388 702/702/702 387/387/387
f 701/701/701 693/693/693 703/703/703
f 693/693/693 700/700/700 703/703/703
f 701/701/701 704/704/704 699/699/699
f 704/704/704 702/702/702 699/699/699
f 701/701/701 703/703/703 704/704/704
f 702/702/702 705/705/705 387/387/387
f 705/705/705 393/393/393 387/387/387
f 705/705/705 702/702/702 706/706/706
f 702/702/702 704/704/704 706/706/706
f 707/707/707 706/706/706 704/704/704
f 708/708/708 393/393/393 705/705/705
f 706/706/706 708/708/708 705/705/705
f 708/708/708 706/706/706 707/707/707
f 399/399/399 393/393/393 708/708/708
f 709/709/709 704/704/704 703/703/703
f 709/709/709 707/707/707 704/704/704
f 703/703/703 700/700/700 710/710/710
f 710/710/710 709/709/709 703/703/703
f 711/711/711 399/399/399 708/708/708
f 534/534/534 399/399/399 711/711/711
f 712/712/712 708/708/708 707/707/707
f 708/708/708 712/712/712 711/711/711
f 713/713/713 534/534/534 711/711/711
f 534/534/534 713/713/713 530/530/530
f 700/700/700 714/714/714 710/710/710
f 696/696/696 714/714/714 700/700/700
f 714/714/714 715/715/715 710/710/710
f 715/715/715 714/714/714 696/696/696
f 709/709/709 710/710/710 716/716/716
f 715/715/715 716/716/716 710/710/710
f 717/717/717 715/715/715 696/696/696
f 698/698/698 717/717/717 696/696/696
f 698/698/698 718/718/718 717/717/717
f 715/715/715 717/717/717 719/719/719
f 715/715/715 719/719/719 716/716/716
f 718/718/718 720/720/720 717/717/717
f 717/717/717 720/720/720 719/719/719
f 718/718/718 721/721/721 720/720/720
f 721/721/721 722/722/722 720/720/720
f 719/719/719 720/720/720 722/722/722
f 721/721/721 723/723/723 722/722/722
f 724/724/724 709/709/709 716/716/716
f 707/707/707 709/709/709 724/724/724
f 719/719/719 725/725/725 716/716/716
f 716/716/716 725/725/725 724/724/724
f 719/719/719 726/726/726 725/725/725
f 726/726/726 719/719/719 722/722/722
f 723/723/723 727/727/727 722/722/722
f 683/683/683 727/727/727 723/723/723
f 685/685/685 727/727/727 683/683/683
f 722/722/722 727/727/727 685/685/685
f 726/726/726 722/722/722 685/685/685
f 685/685/685 647/647/647 726/726/726
f 726/726/726 728/728/728 725/725/725
f 647/647/647 728/728/728 726/726/726
f 724/724/724 725/725/725 728/728/728
f 647/647/647 627/627/627 728/728/728
f 627/627/627 729/729/729 728/728/728
f 729/729/729 724/724/724 728/728/728
f 729/729/729 627/627/627 628/628/628
f 730/730/730 707/707/707 724/724/724
f 724/724/724 729/729/729 730/730/730
f 731/731/731 729/729/729 628/628/628
f 729/729/729 731/731/731 730/730/730
f 730/730/730 732/732/732 707/707/707
f 730/730/730 731/731/731 732/732/732
f 732/732/732 712/712/712 707/707/707
f 733/733/733 731/731/731 628/628/628
f 731/731/731 733/733/733 732/732/732
f 629/629/629 733/733/733 628/628/628
f 733/733/733 629/629/629 734/734/734
f 735/735/735 733/733/733 734/734/734
f 733/733/733 735/735/735 732/732/732
f 735/735/735 734/734/734 736/736/736
f 732/732/732 737/737/737 712/712/712
f 735/735/735 737/737/737 732/732/732
f 738/738/738 735/735/735 736/736/736
f 737/737/737 735/735/735 738/738/738
f 736/736/736 739/739/739 738/738/738
f 737/737/737 740/740/740 712/712/712
f 712/712/712 740/740/740 711/711/711
f 711/711/711 740/740/740 713/713/713
f 741/741/741 737/737/737 738/738/738
f 737/737/737 741/741/741 740/740/740
f 739/739/739 742/742/742 738/738/738
f 738/738/738 742/742/742 741/741/741
f 739/739/739 743/743/743 742/742/742
f 740/740/740 744/744/744 713/713/713
f 741/741/741 744/744/744 740/740/740
f 742/742/742 745/745/745 741/741/741
f 744/744/744 741/741/741 745/745/745
f 743/743/743 746/746/746 742/742/742
f 742/742/742 746/746/746 745/745/745
f 743/743/743 578/578/578 746/746/746
f 747/747/747 713/713/713 744/744/744
f 713/713/713 747/747/747 530/530/530
f 530/530/530 747/747/747 526/526/526
f 748/748/748 744/744/744 745/745/745
f 748/748/748 747/747/747 744/744/744
f 747/747/747 749/749/749 526/526/526
f 749/749/749 747/747/747 748/748/748
f 526/526/526 749/749/749 523/523/523
f 578/578/578 750/750/750 746/746/746
f 577/577/577 750/750/750 578/578/578
f 746/746/746 751/751/751 745/745/745
f 748/748/748 745/745/745 751/751/751
f 746/746/746 750/750/750 751/751/751
f 749/749/749 752/752/752 523/523/523
f 523/523/523 752/752/752 522/522/522
f 753/753/753 749/749/749 748/748/748
f 753/753/753 748/748/748 751/751/751
f 749/749/749 753/753/753 752/752/752
f 750/750/750 754/754/754 751/751/751
f 751/751/751 754/754/754 753/753/753
f 753/753/753 755/755/755 752/752/752
f 752/752/752 755/755/755 522/522/522
f 754/754/754 755/755/755 753/753/753
f 754/754/754 750/750/750 756/756/756
f 750/750/750 577/577/577 756/756/756
f 754/754/754 756/756/756 755/755/755
f 755/755/755 757/757/757 522/522/522
f 756/756/756 757/757/757 755/755/755
f 757/757/757 515/515/515 522/522/522
f 515/515/515 757/757/757 756/756/756
f 758/758/758 756/756/756 577/577/577
f 758/758/758 515/515/515 756/756/756
f 561/561/561 758/758/758 577/577/577
f 515/515/515 758/758/758 506/506/506
f 506/506/506 758/758/758 561/561/561
f 761/761/761 760/760/760 759/759/759
f 762/762/762 760/760/760 761/761/761
f 759/759/759 762/762/762 763/763/763
f 763/763/763 761/761/761 759/759/759
f 762/762/762 764/764/764 763/763/763
f 764/764/764 762/762/762 761/761/761
f 763/763/763 765/765/765 761/761/761
f 763/763/763 764/764/764 765/765/765
f 761/761/761 766/766/766 764/764/764
f 765/765/765 766/766/766 761/761/761
f 764/764/764 767/767/767 765/765/765
f 766/766/766 767/767/767 764/764/764
f 765/765/765 768/768/768 766/766/766
f 765/765/765 767/767/767 768/768/768
f 766/766/766 769/769/769 767/767/767
f 768/768/768 769/769/769 766/766/766
f 767/767/767 770/770/770 768/768/768
f 769/769/769 770/770/770 767/767/767
f 768/768/768 770/770/770 771/771/771
f 768/768/768 771/771/771 769/769/769
f 769/769/769 771/771/771 770/770/770
f 774/774/774 773/773/773 772/772/772
f 773/773/773 775/775/775 772/772/772
f 776/776/776 774/774/774 772/772/772
f 777/777/777 774/774/774 776/776/776
f 778/778/778 777/777/777 776/776/776
f 779/779/779 777/777/777 778/778/778
f 775/775/775 780/780/780 772/772/772
f 775/775/775 781/781/781 780/780/780
f 781/781/781 782/782/782 780/780/780
f 781/781/781 783/783/783 782/782/782
f 784/784/784 776/776/776 772/772/772
f 776/776/776 784/784/784 778/778/778
f 785/785/785 779/779/779 778/778/778
f 786/786/786 779/779/779 785/785/785
f 772/772/772 780/780/780 787/787/787
f 787/787/787 780/780/780 782/782/782
f 783/783/783 788/788/788 782/782/782
f 788/788/788 783/783/783 789/789/789
f 778/778/778 790/790/790 785/785/785
f 784/784/784 790/790/790 778/778/778
f 791/791/791 786/786/786 785/785/785
f 790/790/790 791/791/791 785/785/785
f 792/792/792 784/784/784 772/772/772
f 792/792/792 772/772/772 787/787/787
f 793/793/793 787/787/787 782/782/782
f 793/793/793 782/782/782 788/788/788
f 794/794/794 788/788/788 789/789/789
f 794/794/794 793/793/793 788/788/788
f 786/786/786 791/791/791 795/795/795
f 796/796/796 786/786/786 795/795/795
f 795/795/795 791/791/791 797/797/797
f 795/795/795 797/797/797 796/796/796
f 791/791/791 790/790/790 797/797/797
f 797/797/797 798/798/798 796/796/796
f 790/790/790 784/784/784 799/799/799
f 797/797/797 790/790/790 799/799/799
f 797/797/797 799/799/799 798/798/798
f 799/799/799 784/784/784 792/792/792
f 799/799/799 800/800/800 798/798/798
f 799/799/799 801/801/801 800/800/800
f 801/801/801 799/799/799 792/792/792
f 801/801/801 802/802/802 800/800/800
f 802/802/802 801/801/801 803/803/803
f 804/804/804 801/801/801 792/792/792
f 801/801/801 804/804/804 803/803/803
f 787/787/787 804/804/804 792/792/792
f 803/803/803 804/804/804 805/805/805
f 804/804/804 787/787/787 793/793/793
f 804/804/804 806/806/806 805/805/805
f 806/806/806 804/804/804 793/793/793
f 805/805/805 806/806/806 807/807/807
f 806/806/806 793/793/793 794/794/794
f 806/806/806 808/808/808 807/807/807
f 808/808/808 806/806/806 794/794/794
f 807/807/807 808/808/808 789/789/789
f 808/808/808 794/794/794 789/789/789
f 811/811/811 810/810/810 809/809/809
f 810/810/810 811/811/811 812/812/812
f 809/809/809 813/813/813 812/812/812
f 810/810/810 813/813/813 809/809/809
f 813/813/813 814/814/814 812/812/812
f 814/814/814 810/810/810 812/812/812
f 815/815/815 813/813/813 810/810/810
f 813/813/813 815/815/815 814/814/814
f 816/816/816 810/810/810 814/814/814
f 816/816/816 815/815/815 810/810/810
f 815/815/815 817/817/817 814/814/814
f 817/817/817 816/816/816 814/814/814
f 818/818/818 815/815/815 816/816/816
f 815/815/815 818/818/818 817/817/817
f 819/819/819 816/816/816 817/817/817
f 819/819/819 818/818/818 816/816/816
f 818/818/818 820/820/820 817/817/817
f 820/820/820 819/819/819 817/817/817
f 820/820/820 818/818/818 821/821/821
f 821/821/821 818/818/818 819/819/819
f 821/821/821 819/819/819 820/820/820
f 824/824/824 823/823/823 822/822/822
f 825/825/825 824/824/824 822/822/822
f 824/824/824 826/826/826 823/823/823
f 826/826/826 825/825/825 827/827/827
f 826/826/826 827/827/827 823/823/823
f 825/825/825 822/822/822 827/827/827
f 823/823/823 827/827/827 828/828/828
f 822/822/822 823/823/823 828/828/828
f 829/829/829 827/827/827 822/822/822
f 827/827/827 829/829/829 828/828/828
f 830/830/830 822/822/822 828/828/828
f 830/830/830 829/829/829 822/822/822
f 828/828/828 829/829/829 831/831/831
f 830/830/830 828/828/828 831/831/831
f 832/832/832 829/829/829 830/830/830
f 829/829/829 832/832/832 831/831/831
f 833/833/833 830/830/830 831/831/831
f 833/833/833 832/832/832 830/830/830
f 833/833/833 831/831/831 834/834/834
f 833/833/833 834/834/834 832/832/832
f 831/831/831 832/832/832 834/834/834
f 837/837/837 836/836/836 835/835/835
f 835/835/835 836/836/836 838/838/838
f 836/836/836 839/839/839 838/838/838
f 837/837/837 840/840/840 839/839/839
f 840/840/840 837/837/837 835/835/835
f 840/840/840 838/838/838 839/839/839
f 840/840/840 841/841/841 838/838/838
f 840/840/840 835/835/835 841/841/841
f 835/835/835 838/838/838 842/842/842
f 841/841/841 842/842/842 838/838/838
f 835/835/835 843/843/843 841/841/841
f 843/843/843 835/835/835 842/842/842
f 841/841/841 844/844/844 842/842/842
f 841/841/841 843/843/843 844/844/844
f 843/843/843 842/842/842 845/845/845
f 844/844/844 845/845/845 842/842/842
f 843/843/843 846/846/846 844/844/844
f 846/846/846 843/843/843 845/845/845
f 844/844/844 846/846/846 847/847/847
f 847/847/847 846/846/846 845/845/845
f 845/845/845 844/844/844 847/847/847
f 850/850/850 849/849/849 848/848/848
f 848/848/848 849/849/849 851/851/851
f 850/850/850 848/848/848 852/852/852
f 848/848/848 851/851/851 852/852/852
f 849/849/849 853/853/853 851/851/851
f 853/853/853 849/849/849 850/850/850
f 852/852/852 851/851/851 854/854/854
f 853/853/853 854/854/854 851/851/851
f 850/850/850 852/852/852 855/855/855
f 855/855/855 852/852/852 854/854/854
f 856/856/856 853/853/853 850/850/850
f 856/856/856 850/850/850 855/855/855
f 853/853/853 857/857/857 854/854/854
f 857/857/857 853/853/853 856/856/856
f 855/855/855 854/854/854 858/858/858
f 857/857/857 858/858/858 854/854/854
f 856/856/856 855/855/855 859/859/859
f 859/859/859 855/855/855 858/858/858
f 860/860/860 857/857/857 856/856/856
f 860/860/860 856/856/856 859/859/859
f 861/861/861 859/859/859 858/858/858
f 857/857/857 861/861/861 858/858/858
f 861/861/861 860/860/860 859/859/859
f 857/857/857 860/860/860 861/861/861
f 864/864/864 863/863/863 862/862/862
f 862/862/862 863/863/863 865/865/865
f 864/864/864 862/862/862 866/866/866
f 862/862/862 865/865/865 866/866/866
f 863/863/863 867/867/867 865/865/865
f 867/867/867 863/863/863 864/864/864
f 866/866/866 865/865/865 868/868/868
f 867/867/867 868/868/868 865/865/865
f 864/864/864 866/866/866 869/869/869
f 869/869/869 866/866/866 868/868/868
f 870/870/870 867/867/867 864/864/864
f 870/870/870 864/864/864 869/869/869
f 867/867/867 871/871/871 868/868/868
f 871/871/871 867/867/867 870/870/870
f 869/869/869 868/868/868 872/872/872
f 871/871/871 872/872/872 868/868/868
f 870/870/870 869/869/869 873/873/873
f 873/873/873 869/869/869 872/872/872
f 874/874/874 871/871/871 870/870/870
f 874/874/874 870/870/870 873/873/873
f 875/875/875 873/873/873 872/872/872
f 871/871/871 875/875/875 872/872/872
f 875/875/875 874/874/874 873/873/873
f 871/871/871 874/874/874 875/875/875
f 878/878/878 877/877/877 876/876/876
f 879/879/879 878/878/878 876/876/876
f 880/880/880 876/876/876 877/877/877
f 879/879/879 876/876/876 880/880/880
f 879/879/879 881/881/881 878/878/878
f 878/878/878 881/881/881 877/877/877
f 881/881/881 879/879/879 882/882/882
f 882/882/882 879/879/879 880/880/880
f 881/881/881 883/883/883 877/877/877
f 883/883/883 881/881/881 882/882/882
f 884/884/884 880/880/880 877/877/877
f 883/883/883 884/884/884 877/877/877
f 882/882/882 880/880/880 885/885/885
f 880/880/880 884/884/884 885/885/885
f 882/882/882 886/886/886 883/883/883
f 886/886/886 882/882/882 885/885/885
f 883/883/883 887/887/887 884/884/884
f 886/886/886 887/887/887 883/883/883
f 884/884/884 888/888/888 885/885/885
f 887/887/887 888/888/888 884/884/884
f 889/889/889 886/886/886 885/885/885
f 889/889/889 885/885/885 888/888/888
f 887/887/887 886/886/886 889/889/889
f 887/887/887 889/889/889 888/888/888
f 892/892/892 891/891/891 890/890/890
f 890/890/890 893/893/893 892/892/892
f 893/893/893 894/894/894 892/892/892
f 892/892/892 894/894/894 891/891/891
f 895/895/895 894/894/894 893/893/893
f 895/895/895 893/893/893 890/890/890
f 894/894/894 895/895/895 896/896/896
f 894/894/894 896/896/896 891/891/891
f 897/897/897 895/895/895 890/890/890
f 895/895/895 897/897/897 896/896/896
f 891/891/891 898/898/898 890/890/890
f 898/898/898 897/897/897 890/890/890
f 891/891/891 896/896/896 899/899/899
f 898/898/898 891/891/891 899/899/899
f 900/900/900 896/896/896 897/897/897
f 896/896/896 900/900/900 899/899/899
f 901/901/901 897/897/897 898/898/898
f 901/901/901 900/900/900 897/897/897
f 902/902/902 898/898/898 899/899/899
f 902/902/902 901/901/901 898/898/898
f 900/900/900 901/901/901 903/903/903
f 900/900/900 903/903/903 899/899/899
f 899/899/899 903/903/903 902/902/902
f 903/903/903 901/901/901 902/902/902
f 906/906/906 905/905/905 904/904/904
f 905/905/905 907/907/907 904/904/904
f 908/908/908 905/905/905 906/906/906
f 908/908/908 907/907/907 905/905/905
f 909/909/909 908/908/908 906/906/906
f 908/908/908 909/909/909 907/907/907
f 906/906/906 904/904/904 910/910/910
f 910/910/910 909/909/909 906/906/906
f 904/904/904 907/907/907 911/911/911
f 904/904/904 911/911/911 910/910/910
f 909/909/909 912/912/912 907/907/907
f 907/907/907 912/912/912 911/911/911
f 913/913/913 909/909/909 910/910/910
f 909/909/909 913/913/913 912/912/912
f 910/910/910 911/911/911 914/914/914
f 914/914/914 913/913/913 910/910/910
f 911/911/911 912/912/912 915/915/915
f 911/911/911 915/915/915 914/914/914
f 913/913/913 916/916/916 912/912/912
f 912/912/912 916/916/916 915/915/915
f 915/915/915 917/917/917 914/914/914
f 917/917/917 913/913/913 914/914/914
f 916/916/916 917/917/917 915/915/915
f 916/916/916 913/913/913 917/917/917
f 920/920/920 919/919/919 918/918/918
f 919/919/919 921/921/921 918/918/918
f 919/919/919 922/922/922 921/921/921
f 922/922/922 919/919/919 920/920/920
f 918/918/918 921/921/921 923/923/923
f 921/921/921 922/922/922 923/923/923
f 924/924/924 918/918/918 923/923/923
f 924/924/924 920/920/920 918/918/918
f 923/923/923 922/922/922 925/925/925
f 925/925/925 924/924/924 923/923/923
f 926/926/926 922/922/922 920/920/920
f 922/922/922 926/926/926 925/925/925
f 927/927/927 920/920/920 924/924/924
f 926/926/926 920/920/920 927/927/927
f 928/928/928 924/924/924 925/925/925
f 928/928/928 927/927/927 924/924/924
f 925/925/925 926/926/926 929/929/929
f 929/929/929 928/928/928 925/925/925
f 930/930/930 927/927/927 928/928/928
f 929/929/929 930/930/930 928/928/928
f 931/931/931 926/926/926 927/927/927
f 931/931/931 927/927/927 930/930/930
f 931/931/931 930/930/930 929/929/929
f 926/926/926 931/931/931 929/929/929
g CH0069_Cutin_Face_Outline_1
f 934/934/934 933/933/933 932/932/932
f 935/935/935 933/933/933 934/934/934
f 935/935/935 936/936/936 933/933/933
f 937/937/937 936/936/936 935/935/935
f 938/938/938 935/935/935 934/934/934
f 939/939/939 935/935/935 938/938/938
f 940/940/940 935/935/935 939/939/939
f 941/941/941 935/935/935 940/940/940
f 937/937/937 935/935/935 941/941/941
f 942/942/942 937/937/937 941/941/941
f 943/943/943 937/937/937 942/942/942
f 944/944/944 937/937/937 943/943/943
f 945/945/945 937/937/937 944/944/944
f 946/946/946 937/937/937 945/945/945
f 946/946/946 936/936/936 937/937/937
f 947/947/947 946/946/946 945/945/945
f 948/948/948 946/946/946 947/947/947
f 949/949/949 946/946/946 948/948/948
f 950/950/950 946/946/946 949/949/949
f 951/951/951 946/946/946 950/950/950
f 952/952/952 946/946/946 951/951/951
f 952/952/952 936/936/936 946/946/946
f 953/953/953 936/936/936 952/952/952
f 954/954/954 952/952/952 951/951/951
f 953/953/953 952/952/952 955/955/955
f 955/955/955 952/952/952 956/956/956
f 957/957/957 953/953/953 955/955/955
f 958/958/958 953/953/953 957/957/957
f 959/959/959 953/953/953 958/958/958
f 960/960/960 953/953/953 959/959/959
f 961/961/961 953/953/953 960/960/960
f 961/961/961 936/936/936 953/953/953
f 962/962/962 961/961/961 960/960/960
f 963/963/963 961/961/961 962/962/962
f 964/964/964 936/936/936 961/961/961
f 964/964/964 961/961/961 963/963/963
f 965/965/965 964/964/964 963/963/963
f 966/966/966 964/964/964 965/965/965
f 967/967/967 964/964/964 966/966/966
f 968/968/968 964/964/964 967/967/967
f 969/969/969 964/964/964 968/968/968
f 933/933/933 936/936/936 964/964/964
f 970/970/970 964/964/964 969/969/969
f 933/933/933 964/964/964 970/970/970
f 971/971/971 933/933/933 970/970/970
f 974/974/974 973/973/973 972/972/972
f 974/974/974 975/975/975 973/973/973
f 976/976/976 975/975/975 974/974/974
f 976/976/976 977/977/977 975/975/975
f 975/975/975 978/978/978 973/973/973
f 975/975/975 979/979/979 978/978/978
f 975/975/975 980/980/980 979/979/979
f 975/975/975 981/981/981 980/980/980
f 975/975/975 977/977/977 981/981/981
f 977/977/977 982/982/982 981/981/981
f 977/977/977 983/983/983 982/982/982
f 977/977/977 984/984/984 983/983/983
f 977/977/977 985/985/985 984/984/984
f 977/977/977 986/986/986 985/985/985
f 976/976/976 986/986/986 977/977/977
f 986/986/986 987/987/987 985/985/985
f 986/986/986 988/988/988 987/987/987
f 986/986/986 989/989/989 988/988/988
f 986/986/986 990/990/990 989/989/989
f 986/986/986 991/991/991 990/990/990
f 986/986/986 992/992/992 991/991/991
f 976/976/976 992/992/992 986/986/986
f 976/976/976 993/993/993 992/992/992
f 992/992/992 994/994/994 991/991/991
f 992/992/992 993/993/993 995/995/995
f 992/992/992 995/995/995 996/996/996
f 993/993/993 997/997/997 995/995/995
f 993/993/993 998/998/998 997/997/997
f 993/993/993 999/999/999 998/998/998
f 993/993/993 1000/1000/1000 999/999/999
f 993/993/993 1001/1001/1001 1000/1000/1000
f 976/976/976 1001/1001/1001 993/993/993
f 1001/1001/1001 1002/1002/1002 1000/1000/1000
f 1001/1001/1001 1003/1003/1003 1002/1002/1002
f 976/976/976 1004/1004/1004 1001/1001/1001
f 1001/1001/1001 1004/1004/1004 1003/1003/1003
f 1004/1004/1004 1005/1005/1005 1003/1003/1003
f 1004/1004/1004 1006/1006/1006 1005/1005/1005
f 1004/1004/1004 1007/1007/1007 1006/1006/1006
f 1004/1004/1004 1008/1008/1008 1007/1007/1007
f 1004/1004/1004 1009/1009/1009 1008/1008/1008
f 976/976/976 974/974/974 1004/1004/1004
f 1004/1004/1004 1010/1010/1010 1009/1009/1009
f 1004/1004/1004 974/974/974 1010/1010/1010
f 974/974/974 1011/1011/1011 1010/1010/1010
