g Hieronymus_rock_02_Destroy
v -0.23244956 0.17855455 0.09224733
v -0.25443298 0.14689139 0.12668514
v -0.2459725 0.18829952 0.10766477
v -0.3166237 0.17837465 0.10877917
v -0.28787985 0.18595996 0.05621385
v -0.30673236 0.16975158 0.10819038
v -0.30673236 0.16975158 0.10819038
v -0.31307575 0.13891448 0.1282801
v -0.3166237 0.17837465 0.10877917
v -0.24951543 0.08112911 0.11987589
v -0.22247541 -0.014460168 0.1259924
v -0.30921856 0.079351954 0.12162896
v -0.30921856 0.079351954 0.12162896
v -0.33977568 -0.042005677 0.1057788
v -0.35763705 0.07816132 0.103916034
v -0.30921856 0.079351954 0.12162896
v -0.22247541 -0.014460168 0.1259924
v -0.33977568 -0.042005677 0.1057788
v 0.078182794 -0.6625909 0.24072567
v 0.103322215 -0.66033614 0.20085543
v 0.07017735 -0.67531174 0.18640423
v 0.14624408 -0.6148043 0.1795528
v 0.12952621 -0.6143761 0.16365105
v 0.1273547 -0.62312114 0.20981328
v 0.1273547 -0.62312114 0.20981328
v 0.08335674 -0.62553257 0.25971562
v 0.105567604 -0.579365 0.24190393
v 0.12952621 -0.6143761 0.16365105
v 0.14624408 -0.6148043 0.1795528
v 0.18701099 -0.6158259 0.115547255
v 0.18563396 -0.6930284 0.035564233
v 0.21853885 -0.6683217 0.0543013
v 0.20631172 -0.6847094 0.017332153
v 0.20631172 -0.6847094 0.017332153
v 0.23000698 -0.6651203 0.047916602
v 0.24681558 -0.65990394 0.007906189
v 0.20631172 -0.6847094 0.017332153
v 0.21853885 -0.6683217 0.0543013
v 0.23000698 -0.6651203 0.047916602
v 0.12231239 -0.5358092 0.31173235
v 0.09867656 -0.5332374 0.2728108
v 0.11053154 -0.5109829 0.311588
v 0.24000399 -0.46431288 0.27859446
v 0.18554252 -0.49807283 0.27729878
v 0.22895646 -0.44439527 0.28242317
v 0.2540747 -0.4328122 0.24819249
v 0.27359116 -0.40523148 0.2377902
v 0.2725353 -0.43425953 0.21752855
v 0.24083023 -0.4027079 0.28416112
v 0.22539002 -0.43064934 0.28035375
v 0.19697997 -0.428507 0.31220704
v 0.24083023 -0.4027079 0.28416112
v 0.2540747 -0.4328122 0.24819249
v 0.27359116 -0.40523148 0.2377902
v 0.105567604 -0.579365 0.24190393
v 0.08335674 -0.62553257 0.25971562
v 0.08962162 -0.58066094 0.28270942
v 0.08962162 -0.58066094 0.28270942
v 0.11431873 -0.54056555 0.2495076
v 0.09867656 -0.5332374 0.2728108
v 0.1273547 -0.62312114 0.20981328
v 0.105567604 -0.579365 0.24190393
v 0.1193013 -0.5782489 0.2067598
v 0.2725353 -0.43425953 0.21752855
v 0.27359116 -0.40523148 0.2377902
v 0.30760124 -0.4078515 0.18965137
v 0.1273547 -0.62312114 0.20981328
v 0.12952621 -0.6143761 0.16365105
v 0.103322215 -0.66033614 0.20085543
v 0.299046 -0.5095911 0.11036308
v 0.33458194 -0.46370247 0.1347537
v 0.33100563 -0.4986642 0.081456676
v 0.17741673 -0.5530459 0.18010984
v 0.20219184 -0.5288155 0.14172485
v 0.17234884 -0.56145966 0.122786134
v 0.31958184 -0.44804674 0.15127109
v 0.3224686 -0.43817425 0.13458683
v 0.33458194 -0.46370247 0.1347537
v 0.22062598 -0.60641515 0.07484852
v 0.22758889 -0.5780062 0.0623402
v 0.24615425 -0.59755963 0.05360649
v 0.2591999 -0.53276694 0.09284549
v 0.28053084 -0.5509853 0.08865627
v 0.28235042 -0.56817305 0.08757591
v 0.18701099 -0.6158259 0.115547255
v 0.17234884 -0.56145966 0.122786134
v 0.18704303 -0.5824627 0.124426916
v 0.28871855 -0.4426081 0.18937407
v 0.2932968 -0.43588722 0.18304266
v 0.29613173 -0.4617855 0.19070254
v 0.31312647 -0.55402136 0.05169086
v 0.29866832 -0.5136479 0.03742569
v 0.31804478 -0.5614839 0.040566407
v 0.03474466 -0.45066488 0.28561062
v 0.09867656 -0.5332374 0.2728108
v 0.07742576 -0.5549585 0.28253695
v 0.09867656 -0.5332374 0.2728108
v 0.08962162 -0.58066094 0.28270942
v 0.07742576 -0.5549585 0.28253695
v 0.24000399 -0.46431288 0.27859446
v 0.2540747 -0.4328122 0.24819249
v 0.2631382 -0.4577118 0.2427781
v 0.17741673 -0.5530459 0.18010984
v 0.17234884 -0.56145966 0.122786134
v 0.14579368 -0.58177626 0.17003313
v 0.1630701 -0.65429527 0.11131035
v 0.12952621 -0.6143761 0.16365105
v 0.18701099 -0.6158259 0.115547255
v 0.13728873 -0.28739008 0.01112606
v 0.114648014 -0.38917106 0.3245568
v 0.084806 -0.30992925 0.00023363113
v 0.084806 -0.30992925 0.00023363113
v 0.114648014 -0.38917106 0.3245568
v 0.061685953 -0.40814245 0.31403583
v 0.13728873 -0.28739008 0.01112606
v 0.1467112 -0.32383108 0.31598803
v 0.114648014 -0.38917106 0.3245568
v -0.17154826 0.049936134 0.28985834
v -0.17577341 0.047491957 0.28777078
v -0.20575786 0.058191404 0.13341106
v -0.044918373 0.14428875 0.26319224
v 0.00055197894 0.14521073 0.19971877
v -0.17154826 0.049936134 0.28985834
v -0.17154826 0.049936134 0.28985834
v 0.1132336 0.035323318 0.15768728
v -0.17577341 0.047491957 0.28777078
v -0.044918373 0.14428875 0.26319224
v -0.13766876 0.092163034 0.31816304
v -0.091029316 0.12531042 0.31689873
v -0.17154826 0.049936134 0.28985834
v 0.00055197894 0.14521073 0.19971877
v 0.051070813 0.12329204 0.18547454
v -0.17154826 0.049936134 0.28985834
v 0.051070813 0.12329204 0.18547454
v 0.08916548 0.08556578 0.16603313
v -0.17154826 0.049936134 0.28985834
v 0.08916548 0.08556578 0.16603313
v 0.1132336 0.035323318 0.15768728
v 0.347365 0.12174124 0.09161435
v 0.14431222 0.0966672 0.096103415
v 0.20009075 0.11082728 0.078981444
v 0.20009075 0.11082728 0.078981444
v 0.14431222 0.0966672 0.096103415
v 0.19500133 0.13456294 0.057960737
v 0.19500133 0.13456294 0.057960737
v 0.14431222 0.0966672 0.096103415
v 0.13911365 0.09804818 0.059357494
v 0.41922843 -0.1513141 0.12983373
v 0.338743 0.0526439 0.21113907
v 0.3887902 0.005054941 0.090415895
v 0.41973212 -0.15591924 0.08908693
v 0.25712973 -0.23660725 0.07623369
v 0.23425512 -0.24253587 0.092996806
v 0.37405357 -0.18635955 0.04099699
v 0.4097319 -0.1606853 0.05052397
v 0.39982742 -0.15979826 0.042202167
v 0.4097319 -0.1606853 0.05052397
v 0.40684035 -0.14294718 0.046696093
v 0.39982742 -0.15979826 0.042202167
v 0.37405357 -0.18635955 0.04099699
v 0.39982742 -0.15979826 0.042202167
v 0.40532842 -0.16340339 0.038738616
v 0.39982742 -0.15979826 0.042202167
v 0.40684035 -0.14294718 0.046696093
v 0.40532842 -0.16340339 0.038738616
v 0.37405357 -0.18635955 0.04099699
v 0.27020746 -0.24851704 -0.0002924162
v 0.26943514 -0.24216865 0.052112326
v 0.35865417 0.0002573967 7.495761E-05
v 0.40684035 -0.14294718 0.046696093
v 0.37062004 0.0020557975 0.04901953
v 0.41922843 -0.1513141 0.12983373
v 0.38612786 -0.17285429 0.3602923
v 0.3423333 -0.055555828 0.3422872
v 0.38612786 -0.17285429 0.3602923
v 0.3422675 -0.06336881 0.36455876
v 0.3823207 -0.16941424 0.38267615
v 0.23538314 -0.11075197 0.35997206
v 0.2287946 -0.17873359 0.36560237
v 0.1899581 -0.09736749 0.33474925
v 0.23538314 -0.11075197 0.35997206
v 0.1899581 -0.09736749 0.33474925
v 0.2761938 -0.06844151 0.35080054
v 0.41922843 -0.1513141 0.12983373
v 0.3887902 0.005054941 0.090415895
v 0.41973212 -0.15591924 0.08908693
v 0.41922843 -0.1513141 0.12983373
v 0.3423333 -0.055555828 0.3422872
v 0.338743 0.0526439 0.21113907
v 0.338743 0.0526439 0.21113907
v 0.3423333 -0.055555828 0.3422872
v 0.31675643 -0.023738831 0.32505265
v 0.14431222 0.0966672 0.096103415
v 0.14114958 0.053844918 0.068575494
v 0.13911365 0.09804818 0.059357494
v 0.018484935 0.012800495 0.0947624
v 0.048859194 0.14112653 0.0805787
v 0.032392617 0.010341806 0.09395631
v 0.032392617 0.010341806 0.09395631
v 0.048859194 0.14112653 0.0805787
v 0.056141037 0.15713239 0.091467835
v -0.15009893 -0.17624296 0.109871306
v -0.16035907 -0.15196896 0.08892238
v -0.15303232 -0.16370183 0.13051322
v 0.045142546 0.13671085 0.103521556
v 0.048859194 0.14112653 0.0805787
v 0.018484935 0.012800495 0.0947624
v 0.018484935 0.012800495 0.0947624
v 0.039820995 -0.13740283 0.08306821
v 0.03671888 -0.13447937 0.10692627
v -0.18076222 -0.123761594 0.08796896
v -0.18743287 -0.13397823 0.10452878
v -0.2015309 -0.099690236 0.12431155
v -0.32108122 -0.1525729 0.11023151
v -0.34742972 -0.06799868 0.107140444
v -0.27910277 -0.11143076 0.12795754
v -0.275296 -0.1498285 0.10819374
v -0.2641643 -0.1381863 0.10734742
v -0.2305897 -0.15287958 0.05295374
v -0.2641643 -0.1381863 0.10734742
v -0.275296 -0.1498285 0.10819374
v -0.27910277 -0.11143076 0.12795754
v -0.38297084 0.12884733 -0.002884463
v -0.35876617 0.14342459 0.09028903
v -0.3591193 0.120911844 0.10862979
v -0.383794 0.15686317 -0.0025175153
v -0.30673236 0.16975158 0.10819038
v -0.25443298 0.14689139 0.12668514
v -0.31307575 0.13891448 0.1282801
v -0.2459725 0.18829952 0.10766477
v -0.23244956 0.17855455 0.09224733
v -0.2036486 0.2038079 0.007903828
v -0.1980007 0.19362763 0.008059444
v -0.2278538 0.19557258 0.06778161
v -0.2459725 0.18829952 0.10766477
v -0.38297084 0.12884733 -0.002884463
v -0.35763705 0.07816132 0.103916034
v -0.38150236 0.07886756 -0.0035390938
v -0.3591193 0.120911844 0.10862979
v -0.3591193 0.120911844 0.10862979
v -0.30921856 0.079351954 0.12162896
v -0.35763705 0.07816132 0.103916034
v -0.31307575 0.13891448 0.1282801
v -0.25443298 0.14689139 0.12668514
v -0.22961532 0.08209215 0.09098383
v -0.24951543 0.08112911 0.11987589
v -0.23244956 0.17855455 0.09224733
v -0.34019306 0.18858126 0.03980255
v -0.2239301 0.21826403 0.0070204576
v -0.24359748 0.2103235 0.05253744
v -0.35047135 0.1918109 -0.00020411133
v -0.3549907 0.18062887 -0.00061247824
v -0.34019306 0.18858126 0.03980255
v -0.34509155 0.17729613 0.04641368
v -0.35047135 0.1918109 -0.00020411133
v -0.28787985 0.18595996 0.05621385
v -0.34019306 0.18858126 0.03980255
v -0.24359748 0.2103235 0.05253744
v -0.34509155 0.17729613 0.04641368
v -0.24359748 0.2103235 0.05253744
v -0.2278538 0.19557258 0.06778161
v -0.2314954 0.20635234 0.06236142
v -0.2036486 0.2038079 0.007903828
v -0.2314954 0.20635234 0.06236142
v -0.2089875 0.21502951 0.0077801975
v -0.2278538 0.19557258 0.06778161
v -0.2239301 0.21826403 0.0070204576
v -0.2314954 0.20635234 0.06236142
v -0.24359748 0.2103235 0.05253744
v -0.2089875 0.21502951 0.0077801975
v -0.2459725 0.18829952 0.10766477
v -0.28787985 0.18595996 0.05621385
v -0.2278538 0.19557258 0.06778161
v -0.30673236 0.16975158 0.10819038
v -0.35876617 0.14342459 0.09028903
v -0.28787985 0.18595996 0.05621385
v -0.3166237 0.17837465 0.10877917
v -0.34509155 0.17729613 0.04641368
v -0.383794 0.15686317 -0.0025175153
v -0.3549907 0.18062887 -0.00061247824
v -0.35876617 0.14342459 0.09028903
v -0.31307575 0.13891448 0.1282801
v -0.3591193 0.120911844 0.10862979
v -0.3166237 0.17837465 0.10877917
v -0.24951543 0.08112911 0.11987589
v -0.31307575 0.13891448 0.1282801
v -0.25443298 0.14689139 0.12668514
v -0.30921856 0.079351954 0.12162896
v -0.22247541 -0.014460168 0.1259924
v -0.22961532 0.08209215 0.09098383
v -0.198857 -0.009595761 0.09264856
v -0.24951543 0.08112911 0.11987589
v -0.35763705 0.07816132 0.103916034
v -0.3617993 -0.047614828 -0.0043320977
v -0.38150236 0.07886756 -0.0035390938
v -0.33977568 -0.042005677 0.1057788
v -0.33977568 -0.042005677 0.1057788
v -0.29110932 -0.035887435 -0.00034101366
v -0.3617993 -0.047614828 -0.0043320977
v -0.22247541 -0.014460168 0.1259924
v -0.22496933 0.083355084 0.004983155
v -0.23244956 0.17855455 0.09224733
v -0.1980007 0.19362763 0.008059444
v -0.22961532 0.08209215 0.09098383
v -0.19413833 -0.008313069 0.0053025703
v -0.22961532 0.08209215 0.09098383
v -0.22496933 0.083355084 0.004983155
v -0.198857 -0.009595761 0.09264856
v -0.22247541 -0.014460168 0.1259924
v -0.19413833 -0.008313069 0.0053025703
v -0.29110932 -0.035887435 -0.00034101366
v -0.198857 -0.009595761 0.09264856
v -0.2239301 0.21826403 0.0070204576
v -0.2036486 0.2038079 0.007903828
v -0.2089875 0.21502951 0.0077801975
v -0.3549907 0.18062887 -0.00061247824
v -0.35047135 0.1918109 -0.00020411133
v -0.1980007 0.19362763 0.008059444
v -0.22496933 0.083355084 0.004983155
v -0.383794 0.15686317 -0.0025175153
v -0.38297084 0.12884733 -0.002884463
v -0.38150236 0.07886756 -0.0035390938
v -0.29110932 -0.035887435 -0.00034101366
v -0.19413833 -0.008313069 0.0053025703
v -0.3617993 -0.047614828 -0.0043320977
v 0.17808586 -0.25956988 0.040740717
v 0.3184316 -0.47216353 0.0812587
v 0.20881559 -0.2412236 0.08513792
v 0.29866832 -0.5136479 0.03742569
v 0.33100563 -0.4986642 0.081456676
v 0.31312647 -0.55402136 0.05169086
v 0.20881559 -0.2412236 0.08513792
v 0.3224686 -0.43817425 0.13458683
v 0.21621224 -0.21442688 0.13930432
v 0.3184316 -0.47216353 0.0812587
v 0.33458194 -0.46370247 0.1347537
v 0.33100563 -0.4986642 0.081456676
v 0.21621224 -0.21442688 0.13930432
v 0.30760124 -0.4078515 0.18965137
v 0.21564804 -0.21601775 0.1956105
v 0.3224686 -0.43817425 0.13458683
v 0.21564804 -0.21601775 0.1956105
v 0.27924863 -0.39553416 0.24159801
v 0.20134845 -0.23406425 0.24778605
v 0.30760124 -0.4078515 0.18965137
v 0.20134845 -0.23406425 0.24778605
v 0.24083023 -0.4027079 0.28416112
v 0.1687879 -0.25352085 0.29017392
v 0.27924863 -0.39553416 0.24159801
v 0.24083023 -0.4027079 0.28416112
v 0.1467112 -0.32383108 0.31598803
v 0.1687879 -0.25352085 0.29017392
v 0.19697997 -0.428507 0.31220704
v 0.19697997 -0.428507 0.31220704
v 0.114648014 -0.38917106 0.3245568
v 0.1467112 -0.32383108 0.31598803
v 0.15298694 -0.46982008 0.32235298
v 0.20860519 -0.44290033 0.31162447
v 0.16445372 -0.49398345 0.32247612
v 0.15298694 -0.46982008 0.32235298
v 0.061685953 -0.40814245 0.31403583
v 0.114648014 -0.38917106 0.3245568
v 0.11053154 -0.5109829 0.311588
v 0.16445372 -0.49398345 0.32247612
v 0.12231239 -0.5358092 0.31173235
v 0.07742576 -0.5549585 0.28253695
v -0.035050552 -0.4095512 0.24263246
v 0.002858925 -0.3978813 0.28565893
v 0.06522427 -0.6344149 0.24045308
v 0.08962162 -0.58066094 0.28270942
v 0.08335674 -0.62553257 0.25971562
v 0.078182794 -0.6625909 0.24072567
v 0.06522427 -0.6344149 0.24045308
v -0.051149137 -0.41329834 0.18852895
v -0.035050552 -0.4095512 0.24263246
v 0.056925427 -0.6470032 0.18613918
v 0.078182794 -0.6625909 0.24072567
v 0.07017735 -0.67531174 0.18640423
v -0.051149137 -0.41329834 0.18852895
v 0.06719677 -0.6598326 0.12930755
v -0.059444502 -0.3902944 0.13179158
v 0.056925427 -0.6470032 0.18613918
v 0.07017735 -0.67531174 0.18640423
v 0.080773756 -0.68860996 0.12958233
v 0.06719677 -0.6598326 0.12930755
v -0.04034664 -0.38109466 0.0787313
v -0.059444502 -0.3902944 0.13179158
v 0.09312613 -0.6629533 0.07642574
v 0.080773756 -0.68860996 0.12958233
v 0.106955014 -0.69214904 0.07671123
v 0.09312613 -0.6629533 0.07642574
v -0.005933914 -0.35829818 0.035096567
v -0.04034664 -0.38109466 0.0787313
v 0.1430368 -0.6515463 0.030228728
v 0.106955014 -0.69214904 0.07671123
v 0.15746313 -0.68088514 0.030381469
v 0.03676755 -0.3388336 0.008673897
v 0.2265951 -0.6163022 -0.0015834807
v 0.084806 -0.30992925 0.00023363113
v 0.17738059 -0.63698083 0.006650619
v 0.19136246 -0.6665628 0.0069499966
v 0.24050103 -0.64601284 -0.0012729644
v 0.084806 -0.30992925 0.00023363113
v 0.26556233 -0.5576235 0.008374633
v 0.13728873 -0.28739008 0.01112606
v 0.2265951 -0.6163022 -0.0015834807
v 0.2790173 -0.58598393 0.008632278
v 0.24050103 -0.64601284 -0.0012729644
v 0.13728873 -0.28739008 0.01112606
v 0.29866832 -0.5136479 0.03742569
v 0.17808586 -0.25956988 0.040740717
v 0.26556233 -0.5576235 0.008374633
v 0.078182794 -0.6625909 0.24072567
v 0.1273547 -0.62312114 0.20981328
v 0.103322215 -0.66033614 0.20085543
v 0.08335674 -0.62553257 0.25971562
v 0.103322215 -0.66033614 0.20085543
v 0.080773756 -0.68860996 0.12958233
v 0.07017735 -0.67531174 0.18640423
v 0.12988266 -0.65784514 0.15956436
v 0.106955014 -0.69214904 0.07671123
v 0.1630701 -0.65429527 0.11131035
v 0.080773756 -0.68860996 0.12958233
v 0.1193013 -0.5782489 0.2067598
v 0.17741673 -0.5530459 0.18010984
v 0.14579368 -0.58177626 0.17003313
v 0.13739152 -0.5643461 0.20943221
v 0.15503058 -0.5507902 0.21203798
v 0.20640504 -0.50244755 0.23470163
v 0.22443396 -0.50790864 0.19941467
v 0.2631382 -0.4577118 0.2427781
v 0.2726529 -0.45915335 0.22361337
v 0.1193013 -0.5782489 0.2067598
v 0.14624408 -0.6148043 0.1795528
v 0.1273547 -0.62312114 0.20981328
v 0.14579368 -0.58177626 0.17003313
v 0.18701099 -0.6158259 0.115547255
v 0.17234884 -0.56145966 0.122786134
v 0.12952621 -0.6143761 0.16365105
v 0.12988266 -0.65784514 0.15956436
v 0.103322215 -0.66033614 0.20085543
v 0.1630701 -0.65429527 0.11131035
v 0.15746313 -0.68088514 0.030381469
v 0.20631172 -0.6847094 0.017332153
v 0.19136246 -0.6665628 0.0069499966
v 0.18563396 -0.6930284 0.035564233
v 0.19136246 -0.6665628 0.0069499966
v 0.24681558 -0.65990394 0.007906189
v 0.24050103 -0.64601284 -0.0012729644
v 0.20631172 -0.6847094 0.017332153
v 0.22893254 -0.6479476 0.045677412
v 0.24681558 -0.65990394 0.007906189
v 0.23000698 -0.6651203 0.047916602
v 0.24050103 -0.64601284 -0.0012729644
v 0.20758724 -0.65080976 0.064677656
v 0.18563396 -0.6930284 0.035564233
v 0.15746313 -0.68088514 0.030381469
v 0.21853885 -0.6683217 0.0543013
v 0.22893254 -0.6479476 0.045677412
v 0.21853885 -0.6683217 0.0543013
v 0.20758724 -0.65080976 0.064677656
v 0.23000698 -0.6651203 0.047916602
v 0.17738059 -0.63698083 0.006650619
v 0.15746313 -0.68088514 0.030381469
v 0.19136246 -0.6665628 0.0069499966
v 0.1430368 -0.6515463 0.030228728
v 0.03676755 -0.3388336 0.008673897
v 0.1430368 -0.6515463 0.030228728
v -0.005933914 -0.35829818 0.035096567
v 0.31804478 -0.5614839 0.040566407
v 0.26556233 -0.5576235 0.008374633
v 0.2790173 -0.58598393 0.008632278
v 0.29866832 -0.5136479 0.03742569
v 0.22539002 -0.43064934 0.28035375
v 0.2540747 -0.4328122 0.24819249
v 0.22895646 -0.44439527 0.28242317
v 0.24000399 -0.46431288 0.27859446
v 0.27924863 -0.39553416 0.24159801
v 0.27359116 -0.40523148 0.2377902
v 0.24083023 -0.4027079 0.28416112
v 0.30760124 -0.4078515 0.18965137
v 0.2725353 -0.43425953 0.21752855
v 0.2631382 -0.4577118 0.2427781
v 0.2540747 -0.4328122 0.24819249
v 0.2726529 -0.45915335 0.22361337
v 0.2725353 -0.43425953 0.21752855
v 0.28871855 -0.4426081 0.18937407
v 0.2932968 -0.43588722 0.18304266
v 0.22539002 -0.43064934 0.28035375
v 0.20860519 -0.44290033 0.31162447
v 0.19697997 -0.428507 0.31220704
v 0.22895646 -0.44439527 0.28242317
v 0.20860519 -0.44290033 0.31162447
v 0.18554252 -0.49807283 0.27729878
v 0.16445372 -0.49398345 0.32247612
v 0.22895646 -0.44439527 0.28242317
v 0.11431873 -0.54056555 0.2495076
v 0.15503058 -0.5507902 0.21203798
v 0.13739152 -0.5643461 0.20943221
v 0.1388467 -0.5428236 0.26534355
v 0.09867656 -0.5332374 0.2728108
v 0.1388467 -0.5428236 0.26534355
v 0.11431873 -0.54056555 0.2495076
v 0.12231239 -0.5358092 0.31173235
v 0.1388467 -0.5428236 0.26534355
v 0.20640504 -0.50244755 0.23470163
v 0.15503058 -0.5507902 0.21203798
v 0.18554252 -0.49807283 0.27729878
v 0.16445372 -0.49398345 0.32247612
v 0.12231239 -0.5358092 0.31173235
v 0.2172691 -0.549097 0.13667358
v 0.24055701 -0.48666483 0.16642414
v 0.25349712 -0.50768423 0.16270536
v 0.20219184 -0.5288155 0.14172485
v 0.2725353 -0.43425953 0.21752855
v 0.30760124 -0.4078515 0.18965137
v 0.2932968 -0.43588722 0.18304266
v 0.3224686 -0.43817425 0.13458683
v 0.106955014 -0.69214904 0.07671123
v 0.20758724 -0.65080976 0.064677656
v 0.15746313 -0.68088514 0.030381469
v 0.1630701 -0.65429527 0.11131035
v 0.20758724 -0.65080976 0.064677656
v 0.18701099 -0.6158259 0.115547255
v 0.22062598 -0.60641515 0.07484852
v 0.1630701 -0.65429527 0.11131035
v 0.22062598 -0.60641515 0.07484852
v 0.18704303 -0.5824627 0.124426916
v 0.22758889 -0.5780062 0.0623402
v 0.18701099 -0.6158259 0.115547255
v 0.25349712 -0.50768423 0.16270536
v 0.2591999 -0.53276694 0.09284549
v 0.2172691 -0.549097 0.13667358
v 0.28714362 -0.4944364 0.11996444
v 0.31958184 -0.44804674 0.15127109
v 0.2932968 -0.43588722 0.18304266
v 0.3224686 -0.43817425 0.13458683
v 0.29613173 -0.4617855 0.19070254
v 0.22893254 -0.6479476 0.045677412
v 0.22062598 -0.60641515 0.07484852
v 0.24615425 -0.59755963 0.05360649
v 0.20758724 -0.65080976 0.064677656
v 0.24050103 -0.64601284 -0.0012729644
v 0.24615425 -0.59755963 0.05360649
v 0.2790173 -0.58598393 0.008632278
v 0.22893254 -0.6479476 0.045677412
v 0.29613173 -0.4617855 0.19070254
v 0.28714362 -0.4944364 0.11996444
v 0.25349712 -0.50768423 0.16270536
v 0.31958184 -0.44804674 0.15127109
v 0.25349712 -0.50768423 0.16270536
v 0.28871855 -0.4426081 0.18937407
v 0.29613173 -0.4617855 0.19070254
v 0.24055701 -0.48666483 0.16642414
v 0.2172691 -0.549097 0.13667358
v 0.22758889 -0.5780062 0.0623402
v 0.18704303 -0.5824627 0.124426916
v 0.2591999 -0.53276694 0.09284549
v 0.299046 -0.5095911 0.11036308
v 0.31312647 -0.55402136 0.05169086
v 0.28053084 -0.5509853 0.08865627
v 0.33100563 -0.4986642 0.081456676
v 0.24615425 -0.59755963 0.05360649
v 0.31804478 -0.5614839 0.040566407
v 0.2790173 -0.58598393 0.008632278
v 0.28235042 -0.56817305 0.08757591
v 0.22758889 -0.5780062 0.0623402
v 0.28235042 -0.56817305 0.08757591
v 0.24615425 -0.59755963 0.05360649
v 0.2591999 -0.53276694 0.09284549
v 0.2591999 -0.53276694 0.09284549
v 0.299046 -0.5095911 0.11036308
v 0.28053084 -0.5509853 0.08865627
v 0.28714362 -0.4944364 0.11996444
v 0.31958184 -0.44804674 0.15127109
v 0.33458194 -0.46370247 0.1347537
v 0.28235042 -0.56817305 0.08757591
v 0.31312647 -0.55402136 0.05169086
v 0.31804478 -0.5614839 0.040566407
v 0.28053084 -0.5509853 0.08865627
v 0.22443396 -0.50790864 0.19941467
v 0.20219184 -0.5288155 0.14172485
v 0.17741673 -0.5530459 0.18010984
v 0.24055701 -0.48666483 0.16642414
v 0.2726529 -0.45915335 0.22361337
v 0.24055701 -0.48666483 0.16642414
v 0.28871855 -0.4426081 0.18937407
v 0.18704303 -0.5824627 0.124426916
v 0.20219184 -0.5288155 0.14172485
v 0.2172691 -0.549097 0.13667358
v 0.17234884 -0.56145966 0.122786134
v 0.039269198 -0.40395498 0.3020165
v 0.03474466 -0.45066488 0.28561062
v 0.008094635 -0.39838 0.28638166
v 0.060804784 -0.46464542 0.29624695
v 0.061685953 -0.40814245 0.31403583
v 0.11053154 -0.5109829 0.311588
v 0.09867656 -0.5332374 0.2728108
v 0.060804784 -0.46464542 0.29624695
v 0.11053154 -0.5109829 0.311588
v 0.03474466 -0.45066488 0.28561062
v 0.105567604 -0.579365 0.24190393
v 0.13739152 -0.5643461 0.20943221
v 0.1193013 -0.5782489 0.2067598
v 0.11431873 -0.54056555 0.2495076
v 0.07742576 -0.5549585 0.28253695
v 0.008094635 -0.39838 0.28638166
v 0.03474466 -0.45066488 0.28561062
v 0.002858925 -0.3978813 0.28565893
v 0.20640504 -0.50244755 0.23470163
v 0.24000399 -0.46431288 0.27859446
v 0.2631382 -0.4577118 0.2427781
v 0.18554252 -0.49807283 0.27729878
v 0.13728873 -0.28739008 0.01112606
v 0.1687879 -0.25352085 0.29017392
v 0.1467112 -0.32383108 0.31598803
v 0.17808586 -0.25956988 0.040740717
v 0.17808586 -0.25956988 0.040740717
v 0.20134845 -0.23406425 0.24778605
v 0.20881559 -0.2412236 0.08513792
v 0.084806 -0.30992925 0.00023363113
v 0.008094635 -0.39838 0.28638166
v 0.002858925 -0.3978813 0.28565893
v 0.039269198 -0.40395498 0.3020165
v 0.061685953 -0.40814245 0.31403583
v 0.002858925 -0.3978813 0.28565893
v 0.03676755 -0.3388336 0.008673897
v 0.084806 -0.30992925 0.00023363113
v -0.035050552 -0.4095512 0.24263246
v -0.051149137 -0.41329834 0.18852895
v 0.03676755 -0.3388336 0.008673897
v -0.035050552 -0.4095512 0.24263246
v -0.005933914 -0.35829818 0.035096567
v -0.051149137 -0.41329834 0.18852895
v -0.04034664 -0.38109466 0.0787313
v -0.059444502 -0.3902944 0.13179158
v 0.21621224 -0.21442688 0.13930432
v 0.20134845 -0.23406425 0.24778605
v 0.20881559 -0.2412236 0.08513792
v 0.21564804 -0.21601775 0.1956105
v -0.07640188 0.14954723 0.10370395
v 0.02654377 0.124923885 0.08527601
v -0.02274847 0.14645259 0.094355784
v 0.0895063 0.03886102 0.072138034
v 0.06552941 0.08755769 0.07755988
v -0.21339512 0.0025288432 0.12349849
v -0.17116106 0.101209685 0.11879921
v -0.127945 0.13383457 0.11219309
v -0.20083763 0.0556077 0.1227255
v -0.0950643 -0.15921637 0.09880715
v -0.18334208 -0.100321405 0.11560302
v -0.20731902 -0.05162479 0.12102487
v -0.14435644 -0.13768761 0.1078869
v 0.08302499 -0.06837148 0.07043738
v 0.0955825 -0.015292607 0.0696644
v 0.010132281 -0.14659843 0.08096986
v 0.05334839 -0.11397358 0.07436375
v -0.041410863 -0.16231109 0.08945898
v 0.05334839 -0.11397358 0.07436375
v 0.015078504 -0.15364419 0.08969709
v 0.060387395 -0.11944522 0.08277114
v 0.010132281 -0.14659843 0.08096986
v -0.041410863 -0.16231109 0.08945898
v 0.015078504 -0.15364419 0.08969709
v 0.010132281 -0.14659843 0.08096986
v -0.038959585 -0.17008735 0.09859851
v -0.0950643 -0.15921637 0.09880715
v -0.038959585 -0.17008735 0.09859851
v -0.041410863 -0.16231109 0.08945898
v -0.09518215 -0.16678919 0.10839712
v -0.14435644 -0.13768761 0.1078869
v -0.09518215 -0.16678919 0.10839712
v -0.0950643 -0.15921637 0.09880715
v -0.14681137 -0.14419585 0.1179092
v -0.18334208 -0.100321405 0.11560302
v -0.14681137 -0.14419585 0.1179092
v -0.14435644 -0.13768761 0.1078869
v -0.18762554 -0.10502733 0.12598899
v -0.20731902 -0.05162479 0.12102487
v -0.18762554 -0.10502733 0.12598899
v -0.18334208 -0.100321405 0.11560302
v -0.2127083 -0.054010753 0.13166314
v -0.21339512 0.0025288432 0.12349849
v -0.2127083 -0.054010753 0.13166314
v -0.20731902 -0.05162479 0.12102487
v -0.21900131 0.0026900305 0.1342411
v -0.20083763 0.0556077 0.1227255
v -0.21900131 0.0026900305 0.1342411
v -0.21339512 0.0025288432 0.12349849
v -0.20575786 0.058191404 0.13341106
v -0.17116106 0.101209685 0.11879921
v -0.20575786 0.058191404 0.13341106
v -0.20083763 0.0556077 0.1227255
v -0.17469089 0.10586093 0.12929714
v -0.127945 0.13383457 0.11219309
v -0.17469089 0.10586093 0.12929714
v -0.17116106 0.101209685 0.11879921
v -0.12949608 0.13996562 0.122387104
v -0.07640188 0.14954723 0.10370395
v -0.12949608 0.13996562 0.122387104
v -0.127945 0.13383457 0.11219309
v -0.07560429 0.15641488 0.11351199
v -0.02274847 0.14645259 0.094355784
v -0.07560429 0.15641488 0.11351199
v -0.07640188 0.14954723 0.10370395
v -0.019482182 0.15323293 0.10373682
v 0.02654377 0.124923885 0.08527601
v -0.019482182 0.15323293 0.10373682
v -0.02274847 0.14645259 0.094355784
v 0.03213098 0.13078071 0.09423407
v 0.06552941 0.08755769 0.07755988
v 0.03213098 0.13078071 0.09423407
v 0.02654377 0.124923885 0.08527601
v 0.07300581 0.09172311 0.086148314
v 0.0895063 0.03886102 0.072138034
v 0.07300581 0.09172311 0.086148314
v 0.06552941 0.08755769 0.07755988
v 0.09818378 0.04074991 0.08045904
v 0.0955825 -0.015292607 0.0696644
v 0.09818378 0.04074991 0.08045904
v 0.0895063 0.03886102 0.072138034
v 0.104608 -0.015987013 0.077856466
v 0.08302499 -0.06837148 0.07043738
v 0.104608 -0.015987013 0.077856466
v 0.0955825 -0.015292607 0.0696644
v 0.09148598 -0.071631595 0.07865818
v 0.05334839 -0.11397358 0.07436375
v 0.09148598 -0.071631595 0.07865818
v 0.08302499 -0.06837148 0.07043738
v 0.060387395 -0.11944522 0.08277114
v -0.07560429 0.15641488 0.11351199
v 0.00055197894 0.14521073 0.19971877
v -0.044918373 0.14428875 0.26319224
v -0.019482182 0.15323293 0.10373682
v -0.12949608 0.13996562 0.122387104
v -0.044918373 0.14428875 0.26319224
v -0.091029316 0.12531042 0.31689873
v -0.07560429 0.15641488 0.11351199
v -0.13766876 0.092163034 0.31816304
v -0.12949608 0.13996562 0.122387104
v -0.091029316 0.12531042 0.31689873
v -0.17469089 0.10586093 0.12929714
v -0.13766876 0.092163034 0.31816304
v -0.15163125 0.07411605 0.3061687
v -0.17469089 0.10586093 0.12929714
v -0.17154826 0.049936134 0.28985834
v -0.20575786 0.058191404 0.13341106
v -0.194102 -0.007828502 0.28245088
v -0.20575786 0.058191404 0.13341106
v -0.17577341 0.047491957 0.28777078
v -0.21900131 0.0026900305 0.1342411
v -0.18684393 -0.06337954 0.27458996
v -0.21900131 0.0026900305 0.1342411
v -0.194102 -0.007828502 0.28245088
v -0.2127083 -0.054010753 0.13166314
v -0.16577776 -0.11231042 0.24329925
v -0.2127083 -0.054010753 0.13166314
v -0.18684393 -0.06337954 0.27458996
v -0.18762554 -0.10502733 0.12598899
v -0.14681137 -0.14419585 0.1179092
v -0.16577776 -0.11231042 0.24329925
v -0.12499779 -0.15112334 0.23353668
v -0.18762554 -0.10502733 0.12598899
v -0.07159974 -0.17272425 0.21650875
v -0.14681137 -0.14419585 0.1179092
v -0.12499779 -0.15112334 0.23353668
v -0.09518215 -0.16678919 0.10839712
v -0.038959585 -0.17008735 0.09859851
v -0.07159974 -0.17272425 0.21650875
v -0.018692845 -0.1765401 0.20719509
v -0.09518215 -0.16678919 0.10839712
v 0.033571962 -0.1600119 0.1927175
v -0.038959585 -0.17008735 0.09859851
v -0.018692845 -0.1765401 0.20719509
v 0.015078504 -0.15364419 0.08969709
v 0.060387395 -0.11944522 0.08277114
v 0.033571962 -0.1600119 0.1927175
v 0.08041021 -0.12588291 0.18797562
v 0.015078504 -0.15364419 0.08969709
v 0.11033788 -0.07789828 0.17714946
v 0.060387395 -0.11944522 0.08277114
v 0.08041021 -0.12588291 0.18797562
v 0.09148598 -0.071631595 0.07865818
v 0.1232019 -0.022419224 0.17421617
v 0.09148598 -0.071631595 0.07865818
v 0.11033788 -0.07789828 0.17714946
v 0.104608 -0.015987013 0.077856466
v 0.1132336 0.035323318 0.15768728
v 0.104608 -0.015987013 0.077856466
v 0.1232019 -0.022419224 0.17421617
v 0.09818378 0.04074991 0.08045904
v 0.08916548 0.08556578 0.16603313
v 0.09818378 0.04074991 0.08045904
v 0.1132336 0.035323318 0.15768728
v 0.07300581 0.09172311 0.086148314
v 0.03213098 0.13078071 0.09423407
v 0.08916548 0.08556578 0.16603313
v 0.051070813 0.12329204 0.18547454
v 0.07300581 0.09172311 0.086148314
v 0.00055197894 0.14521073 0.19971877
v 0.03213098 0.13078071 0.09423407
v 0.051070813 0.12329204 0.18547454
v -0.019482182 0.15323293 0.10373682
v 0.1232019 -0.022419224 0.17421617
v -0.17577341 0.047491957 0.28777078
v 0.1132336 0.035323318 0.15768728
v -0.194102 -0.007828502 0.28245088
v 0.1232019 -0.022419224 0.17421617
v -0.18684393 -0.06337954 0.27458996
v -0.194102 -0.007828502 0.28245088
v 0.11033788 -0.07789828 0.17714946
v 0.11033788 -0.07789828 0.17714946
v -0.16577776 -0.11231042 0.24329925
v -0.18684393 -0.06337954 0.27458996
v 0.08041021 -0.12588291 0.18797562
v 0.08041021 -0.12588291 0.18797562
v -0.12499779 -0.15112334 0.23353668
v -0.16577776 -0.11231042 0.24329925
v 0.033571962 -0.1600119 0.1927175
v 0.033571962 -0.1600119 0.1927175
v -0.07159974 -0.17272425 0.21650875
v -0.018692845 -0.1765401 0.20719509
v -0.044918373 0.14428875 0.26319224
v -0.17154826 0.049936134 0.28985834
v -0.15163125 0.07411605 0.3061687
v -0.13766876 0.092163034 0.31816304
v 0.33643332 0.103487425 0.13235585
v 0.3887902 0.005054941 0.090415895
v 0.338743 0.0526439 0.21113907
v 0.347365 0.12174124 0.09161435
v 0.1481233 0.08106944 0.1431147
v 0.347365 0.12174124 0.09161435
v 0.33643332 0.103487425 0.13235585
v 0.14431222 0.0966672 0.096103415
v 0.1508942 0.08700078 0.003156049
v 0.14114958 0.053844918 0.068575494
v 0.1521937 0.069575585 0.0030375596
v 0.13911365 0.09804818 0.059357494
v 0.32689497 0.13126573 0.050320037
v 0.22549854 0.12946221 0.002482266
v 0.31935024 0.105390765 0.0011792546
v 0.20513876 0.14109506 0.056080144
v 0.14431222 0.0966672 0.096103415
v 0.15128276 -0.03775396 0.06791177
v 0.14114958 0.053844918 0.068575494
v 0.15792397 -0.036815148 0.10235453
v 0.1508942 0.08700078 0.003156049
v 0.19500133 0.13456294 0.057960737
v 0.13911365 0.09804818 0.059357494
v 0.21203783 0.11917962 0.0025884295
v 0.20513876 0.14109506 0.056080144
v 0.21881066 0.110630654 0.0024543656
v 0.22549854 0.12946221 0.002482266
v 0.20009075 0.11082728 0.078981444
v 0.21203783 0.11917962 0.0025884295
v 0.20009075 0.11082728 0.078981444
v 0.19500133 0.13456294 0.057960737
v 0.21881066 0.110630654 0.0024543656
v 0.32689497 0.13126573 0.050320037
v 0.20009075 0.11082728 0.078981444
v 0.20513876 0.14109506 0.056080144
v 0.347365 0.12174124 0.09161435
v 0.33643332 0.103487425 0.13235585
v 0.1609822 -0.022197757 0.22145927
v 0.1481233 0.08106944 0.1431147
v 0.338743 0.0526439 0.21113907
v 0.1481233 0.08106944 0.1431147
v 0.15792397 -0.036815148 0.10235453
v 0.14431222 0.0966672 0.096103415
v 0.1609822 -0.022197757 0.22145927
v 0.31935024 0.105390765 0.0011792546
v 0.37062004 0.0020557975 0.04901953
v 0.32689497 0.13126573 0.050320037
v 0.35865417 0.0002573967 7.495761E-05
v 0.37062004 0.0020557975 0.04901953
v 0.347365 0.12174124 0.09161435
v 0.32689497 0.13126573 0.050320037
v 0.3887902 0.005054941 0.090415895
v 0.23105018 -0.23381092 0.14023787
v 0.41973212 -0.15591924 0.08908693
v 0.23425512 -0.24253587 0.092996806
v 0.41922843 -0.1513141 0.12983373
v 0.23368421 -0.26677382 5.231261E-05
v 0.21902305 -0.23397854 0.06592022
v 0.22808401 -0.2598627 0.05615298
v 0.21481714 -0.24226844 0.0004298335
v 0.40532842 -0.16340339 0.038738616
v 0.27020746 -0.24851704 -0.0002924162
v 0.37405357 -0.18635955 0.04099699
v 0.3899507 -0.16087669 -0.0012593481
v 0.23425512 -0.24253587 0.092996806
v 0.15128276 -0.03775396 0.06791177
v 0.15792397 -0.036815148 0.10235453
v 0.21902305 -0.23397854 0.06592022
v 0.22808401 -0.2598627 0.05615298
v 0.23368421 -0.26677382 5.231261E-05
v 0.25472486 -0.24605973 0.05590438
v 0.2549738 -0.25122213 -0.000119777316
v 0.22808401 -0.2598627 0.05615298
v 0.26943514 -0.24216865 0.052112326
v 0.25757846 -0.23933434 -8.21501E-05
v 0.25712973 -0.23660725 0.07623369
v 0.27020746 -0.24851704 -0.0002924162
v 0.2549738 -0.25122213 -0.000119777316
v 0.25712973 -0.23660725 0.07623369
v 0.25757846 -0.23933434 -8.21501E-05
v 0.25472486 -0.24605973 0.05590438
v 0.25712973 -0.23660725 0.07623369
v 0.25472486 -0.24605973 0.05590438
v 0.23425512 -0.24253587 0.092996806
v 0.22808401 -0.2598627 0.05615298
v 0.25712973 -0.23660725 0.07623369
v 0.37405357 -0.18635955 0.04099699
v 0.26943514 -0.24216865 0.052112326
v 0.4097319 -0.1606853 0.05052397
v 0.41973212 -0.15591924 0.08908693
v 0.15792397 -0.036815148 0.10235453
v 0.23105018 -0.23381092 0.14023787
v 0.23425512 -0.24253587 0.092996806
v 0.1609822 -0.022197757 0.22145927
v 0.23105018 -0.23381092 0.14023787
v 0.1899581 -0.09736749 0.33474925
v 0.2287946 -0.17873359 0.36560237
v 0.2608167 -0.23574023 0.37107685
v 0.40684035 -0.14294718 0.046696093
v 0.3899507 -0.16087669 -0.0012593481
v 0.40532842 -0.16340339 0.038738616
v 0.35865417 0.0002573967 7.495761E-05
v 0.37062004 0.0020557975 0.04901953
v 0.41973212 -0.15591924 0.08908693
v 0.3887902 0.005054941 0.090415895
v 0.4097319 -0.1606853 0.05052397
v 0.40684035 -0.14294718 0.046696093
v 0.338743 0.0526439 0.21113907
v 0.1899581 -0.09736749 0.33474925
v 0.1609822 -0.022197757 0.22145927
v 0.31675643 -0.023738831 0.32505265
v 0.23105018 -0.23381092 0.14023787
v 0.38612786 -0.17285429 0.3602923
v 0.41922843 -0.1513141 0.12983373
v 0.2608167 -0.23574023 0.37107685
v 0.2651465 -0.2307317 0.38434353
v 0.23908027 -0.114732005 0.3822195
v 0.3823207 -0.16941424 0.38267615
v 0.23686576 -0.18497808 0.37875658
v 0.2608167 -0.23574023 0.37107685
v 0.3823207 -0.16941424 0.38267615
v 0.38612786 -0.17285429 0.3602923
v 0.2651465 -0.2307317 0.38434353
v 0.3423333 -0.055555828 0.3422872
v 0.27914402 -0.075700395 0.37303802
v 0.2761938 -0.06844151 0.35080054
v 0.3422675 -0.06336881 0.36455876
v 0.2761938 -0.06844151 0.35080054
v 0.23908027 -0.114732005 0.3822195
v 0.23538314 -0.11075197 0.35997206
v 0.27914402 -0.075700395 0.37303802
v 0.23538314 -0.11075197 0.35997206
v 0.23686576 -0.18497808 0.37875658
v 0.2287946 -0.17873359 0.36560237
v 0.23908027 -0.114732005 0.3822195
v 0.2287946 -0.17873359 0.36560237
v 0.2651465 -0.2307317 0.38434353
v 0.2608167 -0.23574023 0.37107685
v 0.23686576 -0.18497808 0.37875658
v 0.2761938 -0.06844151 0.35080054
v 0.31675643 -0.023738831 0.32505265
v 0.3423333 -0.055555828 0.3422872
v 0.1899581 -0.09736749 0.33474925
v 0.3823207 -0.16941424 0.38267615
v 0.27914402 -0.075700395 0.37303802
v 0.3422675 -0.06336881 0.36455876
v 0.23908027 -0.114732005 0.3822195
v 0.1521937 0.069575585 0.0030375596
v 0.15128276 -0.03775396 0.06791177
v 0.15047234 -0.037369132 0.0024303563
v 0.14114958 0.053844918 0.068575494
v 0.15047234 -0.037369132 0.0024303563
v 0.21902305 -0.23397854 0.06592022
v 0.21481714 -0.24226844 0.0004298335
v 0.15128276 -0.03775396 0.06791177
v 0.21203783 0.11917962 0.0025884295
v 0.1508942 0.08700078 0.003156049
v 0.1521937 0.069575585 0.0030375596
v 0.15047234 -0.037369132 0.0024303563
v 0.21881066 0.110630654 0.0024543656
v 0.35865417 0.0002573967 7.495761E-05
v 0.31935024 0.105390765 0.0011792546
v 0.22549854 0.12946221 0.002482266
v 0.25757846 -0.23933434 -8.21501E-05
v 0.3899507 -0.16087669 -0.0012593481
v 0.27020746 -0.24851704 -0.0002924162
v 0.21481714 -0.24226844 0.0004298335
v 0.23368421 -0.26677382 5.231261E-05
v 0.2549738 -0.25122213 -0.000119777316
v 0.14114958 0.053844918 0.068575494
v 0.09581863 0.16612627 -9.536743E-09
v 0.1521937 0.069575585 0.0030375596
v 0.092756234 0.14596178 0.08516523
v 0.050941147 0.15390974 0
v 0.056141037 0.15713239 0.091467835
v 0.048859194 0.14112653 0.0805787
v 0.0582229 0.1699155 -9.536743E-09
v 0.10084926 0.030004783 0.08737413
v 0.056141037 0.15713239 0.091467835
v 0.092756234 0.14596178 0.08516523
v 0.032392617 0.010341806 0.09395631
v 0.10084926 0.030004783 0.08737413
v 0.04517981 -0.1482528 0.09466096
v 0.08619367 -0.15429612 0.08580062
v 0.0582229 0.1699155 -9.536743E-09
v 0.092756234 0.14596178 0.08516523
v 0.056141037 0.15713239 0.091467835
v 0.09581863 0.16612627 -9.536743E-09
v 0.14114958 0.053844918 0.068575494
v 0.10084926 0.030004783 0.08737413
v 0.092756234 0.14596178 0.08516523
v 0.12911199 0.0060874117 0.06675291
v 0.10269543 -0.1536274 0.065487556
v 0.08891464 -0.16214363 -9.536743E-09
v 0.08619367 -0.15429612 0.08580062
v 0.096579686 -0.16065435 -9.536743E-09
v 0.04054625 -0.14630996 0
v 0.04517981 -0.1482528 0.09466096
v 0.045906648 -0.15712239 0
v 0.039820995 -0.13740283 0.08306821
v 0.045906648 -0.15712239 0
v 0.08619367 -0.15429612 0.08580062
v 0.08891464 -0.16214363 -9.536743E-09
v 0.04517981 -0.1482528 0.09466096
v 0.10269543 -0.1536274 0.065487556
v 0.10084926 0.030004783 0.08737413
v 0.12911199 0.0060874117 0.06675291
v 0.08619367 -0.15429612 0.08580062
v 0.018484935 0.012800495 0.0947624
v 0.04517981 -0.1482528 0.09466096
v 0.039820995 -0.13740283 0.08306821
v 0.032392617 0.010341806 0.09395631
v 0.10490339 0.05395852 -1.1920928E-08
v 0.14114958 0.053844918 0.068575494
v 0.1521937 0.069575585 0.0030375596
v 0.12911199 0.0060874117 0.06675291
v 0.096579686 -0.16065435 -9.536743E-09
v 0.12911199 0.0060874117 0.06675291
v 0.10490339 0.05395852 -1.1920928E-08
v 0.10269543 -0.1536274 0.065487556
v 0.050941147 0.15390974 0
v 0.018484935 0.012800495 0.0947624
v 0.018484935 0.012800495 0
v 0.048859194 0.14112653 0.0805787
v 0.018484935 0.012800495 0
v 0.039820995 -0.13740283 0.08306821
v 0.04054625 -0.14630996 0
v 0.018484935 0.012800495 0.0947624
v 0.1521937 0.069575585 0.0030375596
v 0.09581863 0.16612627 -9.536743E-09
v 0.10490339 0.05395852 -1.1920928E-08
v 0.050941147 0.15390974 0
v 0.0582229 0.1699155 -9.536743E-09
v 0.018484935 0.012800495 0
v 0.04054625 -0.14630996 0
v 0.045906648 -0.15712239 0
v 0.096579686 -0.16065435 -9.536743E-09
v 0.08891464 -0.16214363 -9.536743E-09
v -0.16720167 0.17061469 0.10599384
v -0.17765103 0.15773429 0.12652516
v -0.1715874 0.1415395 0.08613539
v -0.13965844 0.1494617 0
v -0.12919386 0.177547 0
v 0.045142546 0.13671085 0.103521556
v 0.03934901 0.1426754 0.08995329
v 0.048859194 0.14112653 0.0805787
v 0.038249757 0.13783348 0.1109891
v 0.0069854613 0.14907867 0.12360172
v 0.010444715 0.15898156 0.102901116
v 0.046470482 0.15463778 0
v 0.048859194 0.14112653 0.0805787
v 0.03934901 0.1426754 0.08995329
v 0.050941147 0.15390974 0
v 0.016424553 0.17112991 0
v 0.03934901 0.1426754 0.08995329
v 0.010444715 0.15898156 0.102901116
v 0.046470482 0.15463778 0
v -0.16720167 0.17061469 0.10599384
v -0.07265246 0.1511553 0.1368502
v -0.17765103 0.15773429 0.12652516
v -0.06539283 0.18030813 0.11567767
v -0.12919386 0.177547 0
v -0.06539283 0.18030813 0.11567767
v -0.16720167 0.17061469 0.10599384
v -0.060879827 0.19269529 -9.536743E-09
v 0.010444715 0.15898156 0.102901116
v -0.07265246 0.1511553 0.1368502
v -0.06539283 0.18030813 0.11567767
v 0.0069854613 0.14907867 0.12360172
v -0.060879827 0.19269529 -9.536743E-09
v 0.010444715 0.15898156 0.102901116
v -0.06539283 0.18030813 0.11567767
v 0.016424553 0.17112991 0
v -0.1715874 0.1415395 0.08613539
v -0.19207329 0.047092035 0.117800325
v -0.18710099 0.046282224 0.08613535
v -0.17765103 0.15773429 0.12652516
v 0.013024199 0.013689753 0.10121462
v 0.045142546 0.13671085 0.103521556
v 0.018484935 0.012800495 0.0947624
v 0.038249757 0.13783348 0.1109891
v -0.017502401 0.018661374 0.11374717
v 0.038249757 0.13783348 0.1109891
v 0.013024199 0.013689753 0.10121462
v 0.0069854613 0.14907867 0.12360172
v -0.17765103 0.15773429 0.12652516
v -0.09355856 0.031047903 0.127252
v -0.19207329 0.047092035 0.117800325
v -0.07265246 0.1511553 0.1368502
v -0.07265246 0.1511553 0.1368502
v -0.017502401 0.018661374 0.11374717
v -0.09355856 0.031047903 0.127252
v 0.0069854613 0.14907867 0.12360172
v -0.15092538 -0.1643991 0
v -0.15009893 -0.17624296 0.109871306
v -0.14835902 -0.18738194 0
v -0.16035907 -0.15196896 0.08892238
v 0.030619822 -0.13901143 0.09290897
v 0.03671888 -0.13447937 0.10692627
v 0.039820995 -0.13740283 0.08306821
v 0.030051023 -0.13562351 0.114696726
v 0.036218982 -0.14710298 0
v 0.039820995 -0.13740283 0.08306821
v 0.04054625 -0.14630996 0
v 0.030619822 -0.13901143 0.09290897
v 0.030619822 -0.13901143 0.09290897
v -0.01279109 -0.16455065 0.12692916
v 0.030051023 -0.13562351 0.114696726
v -0.010485284 -0.1716139 0.10588541
v -0.0060020904 -0.1801328 0
v 0.030619822 -0.13901143 0.09290897
v 0.036218982 -0.14710298 0
v -0.010485284 -0.1716139 0.10588541
v -0.15009893 -0.17624296 0.109871306
v -0.07349029 -0.16027708 0.14156662
v -0.06960359 -0.18367222 0.120648526
v -0.15303232 -0.16370183 0.13051322
v -0.14835902 -0.18738194 0
v -0.06960359 -0.18367222 0.120648526
v -0.06659148 -0.19350232 0
v -0.15009893 -0.17624296 0.109871306
v -0.010485284 -0.1716139 0.10588541
v -0.07349029 -0.16027708 0.14156662
v -0.01279109 -0.16455065 0.12692916
v -0.06960359 -0.18367222 0.120648526
v -0.06659148 -0.19350232 0
v -0.010485284 -0.1716139 0.10588541
v -0.0060020904 -0.1801328 0
v -0.06960359 -0.18367222 0.120648526
v -0.16035907 -0.15196896 0.08892238
v -0.19207329 0.047092035 0.117800325
v -0.15303232 -0.16370183 0.13051322
v -0.18710099 0.046282224 0.08613535
v 0.013024199 0.013689753 0.10121462
v 0.03671888 -0.13447937 0.10692627
v 0.030051023 -0.13562351 0.114696726
v 0.018484935 0.012800495 0.0947624
v 0.030051023 -0.13562351 0.114696726
v -0.017502401 0.018661374 0.11374717
v 0.013024199 0.013689753 0.10121462
v -0.01279109 -0.16455065 0.12692916
v -0.07349029 -0.16027708 0.14156662
v -0.017502401 0.018661374 0.11374717
v -0.09355856 0.031047903 0.127252
v -0.15303232 -0.16370183 0.13051322
v -0.09355856 0.031047903 0.127252
v -0.07349029 -0.16027708 0.14156662
v -0.19207329 0.047092035 0.117800325
v 0.018484935 0.012800495 4.7683715E-09
v 0.048859194 0.14112653 0.0805787
v 0.050941147 0.15390974 0
v 0.018484935 0.012800495 0.0947624
v 0.04054625 -0.14630996 0
v 0.018484935 0.012800495 0.0947624
v 0.018484935 0.012800495 4.7683715E-09
v 0.039820995 -0.13740283 0.08306821
v -0.13965844 0.1494617 0
v -0.18710099 0.046282224 0.08613535
v -0.17607777 0.046426523 -4.7683715E-09
v -0.1715874 0.1415395 0.08613539
v -0.17607777 0.046426523 -4.7683715E-09
v -0.16035907 -0.15196896 0.08892238
v -0.15092538 -0.1643991 0
v -0.18710099 0.046282224 0.08613535
v -0.13965844 0.1494617 0
v -0.060879827 0.19269529 -9.536743E-09
v -0.12919386 0.177547 0
v 0.016424553 0.17112991 0
v -0.17607777 0.046426523 -4.7683715E-09
v 0.046470482 0.15463778 0
v 0.050941147 0.15390974 0
v 0.018484935 0.012800495 4.7683715E-09
v 0.04054625 -0.14630996 0
v 0.036218982 -0.14710298 0
v -0.15092538 -0.1643991 0
v -0.06659148 -0.19350232 0
v -0.14835902 -0.18738194 0
v -0.0060020904 -0.1801328 0
v -0.33564338 -0.16503069 -0.0020741674
v -0.29701102 -0.16496406 0.092361085
v -0.29944924 -0.18367444 -0.0018515672
v -0.32108122 -0.1525729 0.11023151
v -0.2641643 -0.1381863 0.10734742
v -0.2015309 -0.099690236 0.12431155
v -0.18743287 -0.13397823 0.10452878
v -0.27910277 -0.11143076 0.12795754
v -0.18076222 -0.123761594 0.08796896
v -0.17987667 -0.13925226 0.061993174
v -0.18743287 -0.13397823 0.10452878
v -0.17117023 -0.14495188 -0.00091889297
v -0.1689764 -0.13452972 -0.0008895563
v -0.18237491 -0.15001829 0.056368325
v -0.17300434 -0.15613896 -0.00094681216
v -0.32108122 -0.1525729 0.11023151
v -0.37404662 -0.07361555 -0.002212117
v -0.34742972 -0.06799868 0.107140444
v -0.33564338 -0.16503069 -0.0020741674
v -0.24196053 -0.1715999 0.038868178
v -0.18152843 -0.16391332 -0.0010159122
v -0.23877703 -0.17808309 -0.0014278801
v -0.19377907 -0.15843606 0.046604097
v -0.24577716 -0.16934708 -0.0014639058
v -0.24196053 -0.1715999 0.038868178
v -0.23877703 -0.17808309 -0.0014278801
v -0.251227 -0.16292275 0.046110764
v -0.2305897 -0.15287958 0.05295374
v -0.24196053 -0.1715999 0.038868178
v -0.251227 -0.16292275 0.046110764
v -0.19377907 -0.15843606 0.046604097
v -0.17987667 -0.13925226 0.061993174
v -0.19377907 -0.15843606 0.046604097
v -0.18237491 -0.15001829 0.056368325
v -0.18152843 -0.16391332 -0.0010159122
v -0.18237491 -0.15001829 0.056368325
v -0.17300434 -0.15613896 -0.00094681216
v -0.19377907 -0.15843606 0.046604097
v -0.18743287 -0.13397823 0.10452878
v -0.2305897 -0.15287958 0.05295374
v -0.2641643 -0.1381863 0.10734742
v -0.17987667 -0.13925226 0.061993174
v -0.2305897 -0.15287958 0.05295374
v -0.29701102 -0.16496406 0.092361085
v -0.275296 -0.1498285 0.10819374
v -0.251227 -0.16292275 0.046110764
v -0.29701102 -0.16496406 0.092361085
v -0.27910277 -0.11143076 0.12795754
v -0.275296 -0.1498285 0.10819374
v -0.32108122 -0.1525729 0.11023151
v -0.29944924 -0.18367444 -0.0018515672
v -0.251227 -0.16292275 0.046110764
v -0.24577716 -0.16934708 -0.0014639058
v -0.29701102 -0.16496406 0.092361085
v -0.37404662 -0.07361555 -0.002212117
v -0.23181386 -0.028055457 0.12094835
v -0.34742972 -0.06799868 0.107140444
v -0.30720985 -0.048008468 -0.001718719
v -0.27910277 -0.11143076 0.12795754
v -0.23181386 -0.028055457 0.12094835
v -0.2015309 -0.099690236 0.12431155
v -0.34742972 -0.06799868 0.107140444
v -0.20963173 -0.024545187 0.08646744
v -0.2015309 -0.099690236 0.12431155
v -0.23181386 -0.028055457 0.12094835
v -0.18076222 -0.123761594 0.08796896
v -0.1689764 -0.13452972 -0.0008895563
v -0.20963173 -0.024545187 0.08646744
v -0.2090319 -0.024425205 -0.0010131955
v -0.18076222 -0.123761594 0.08796896
v -0.2090319 -0.024425205 -0.0010131955
v -0.23181386 -0.028055457 0.12094835
v -0.30720985 -0.048008468 -0.001718719
v -0.20963173 -0.024545187 0.08646744
v -0.33564338 -0.16503069 -0.0020741674
v -0.30720985 -0.048008468 -0.001718719
v -0.37404662 -0.07361555 -0.002212117
v -0.29944924 -0.18367444 -0.0018515672
v -0.24577716 -0.16934708 -0.0014639058
v -0.2090319 -0.024425205 -0.0010131955
v -0.23877703 -0.17808309 -0.0014278801
v -0.18152843 -0.16391332 -0.0010159122
v -0.17117023 -0.14495188 -0.00091889297
v -0.17300434 -0.15613896 -0.00094681216
v -0.1689764 -0.13452972 -0.0008895563
vt 0.91796875 0.78125
vt 0.88427734 0.78759766
vt 0.9121094 0.7939453
vt 0.89746094 0.8330078
vt 0.9326172 0.828125
vt 0.8959961 0.8261719
vt 0.8959961 0.8261719
vt 0.87353516 0.82666016
vt 0.89746094 0.8330078
vt 0.8310547 0.7807617
vt 0.75146484 0.7651367
vt 0.83154297 0.82714844
vt 0.83154297 0.82714844
vt 0.73876953 0.86572266
vt 0.83496094 0.8666992
vt 0.83154297 0.82714844
vt 0.75146484 0.7651367
vt 0.73876953 0.86572266
vt 0.98779297 0.6098633
vt 0.9633789 0.6328125
vt 0.98583984 0.6489258
vt 0.9145508 0.62402344
vt 0.92089844 0.6376953
vt 0.9375 0.6118164
vt 0.9375 0.6118164
vt 0.97509766 0.5834961
vt 0.93896484 0.5683594
vt 0.92089844 0.6376953
vt 0.9145508 0.62402344
vt 0.87402344 0.6645508
vt 0.88623047 0.7553711
vt 0.86083984 0.7368164
vt 0.8676758 0.7651367
vt 0.8676758 0.7651367
vt 0.85302734 0.7402344
vt 0.83203125 0.7607422
vt 0.8676758 0.7651367
vt 0.86083984 0.7368164
vt 0.85302734 0.7402344
vt 0.9111328 0.49194336
vt 0.9399414 0.51953125
vt 0.92626953 0.48095703
vt 0.81591797 0.5073242
vt 0.8569336 0.5097656
vt 0.8129883 0.49243164
vt 0.7866211 0.50878906
vt 0.76220703 0.50634766
vt 0.77246094 0.52978516
vt 0.7866211 0.4753418
vt 0.80566406 0.4855957
vt 0.8232422 0.46289062
vt 0.7866211 0.4753418
vt 0.7866211 0.50878906
vt 0.76220703 0.50634766
vt 0.93896484 0.5683594
vt 0.97509766 0.5834961
vt 0.96484375 0.55078125
vt 0.96484375 0.55078125
vt 0.92285156 0.54052734
vt 0.9399414 0.51953125
vt 0.9375 0.6118164
vt 0.93896484 0.5683594
vt 0.91796875 0.5864258
vt 0.77246094 0.52978516
vt 0.76220703 0.50634766
vt 0.73339844 0.53808594
vt 0.9375 0.6118164
vt 0.92089844 0.6376953
vt 0.9633789 0.6328125
vt 0.75878906 0.63427734
vt 0.7270508 0.60253906
vt 0.73046875 0.64697266
vt 0.8676758 0.59033203
vt 0.8364258 0.60839844
vt 0.86035156 0.62646484
vt 0.7338867 0.5834961
vt 0.7192383 0.5839844
vt 0.7270508 0.60253906
vt 0.8388672 0.6894531
vt 0.81884766 0.6791992
vt 0.8125 0.69970703
vt 0.79052734 0.6479492
vt 0.7792969 0.6645508
vt 0.78222656 0.67529297
vt 0.87402344 0.6645508
vt 0.86035156 0.62646484
vt 0.85839844 0.6425781
vt 0.7597656 0.5546875
vt 0.75146484 0.5546875
vt 0.7636719 0.56933594
vt 0.34423828 0.7397461
vt 0.3125 0.7475586
vt 0.34985352 0.7480469
vt 0.9902344 0.44848633
vt 0.9399414 0.51953125
vt 0.96435547 0.5317383
vt 0.9399414 0.51953125
vt 0.96484375 0.55078125
vt 0.96435547 0.5317383
vt 0.81591797 0.5073242
vt 0.7866211 0.50878906
vt 0.79589844 0.52490234
vt 0.8676758 0.59033203
vt 0.86035156 0.62646484
vt 0.89404297 0.609375
vt 0.90527344 0.6855469
vt 0.92089844 0.6376953
vt 0.87402344 0.6645508
vt 0.7993164 0.58496094
vt 0.92626953 0.70996094
vt 0.82177734 0.5629883
vt 0.82177734 0.5629883
vt 0.92626953 0.70996094
vt 0.9477539 0.6875
vt 0.7993164 0.58496094
vt 0.88916016 0.7241211
vt 0.92626953 0.70996094
vt 0.13122559 0.38964844
vt 0.12915039 0.3864746
vt 0.01550293 0.38989258
vt 0.82421875 0.7192383
vt 0.8769531 0.7138672
vt 0.7495117 0.63916016
vt 0.7495117 0.63916016
vt 0.96435547 0.64404297
vt 0.7470703 0.6352539
vt 0.82421875 0.7192383
vt 0.7519531 0.68066406
vt 0.77441406 0.7128906
vt 0.7495117 0.63916016
vt 0.8769531 0.7138672
vt 0.9135742 0.7006836
vt 0.7495117 0.63916016
vt 0.9135742 0.7006836
vt 0.9448242 0.6767578
vt 0.7495117 0.63916016
vt 0.9448242 0.6767578
vt 0.96435547 0.64404297
vt 0.10345459 0.9770508
vt 0.09863281 0.8251953
vt 0.08654785 0.8725586
vt 0.08654785 0.8725586
vt 0.09863281 0.8251953
vt 0.063964844 0.86328125
vt 0.063964844 0.86328125
vt 0.09863281 0.8251953
vt 0.06756592 0.8178711
vt 0.41308594 0.4807129
vt 0.3930664 0.6489258
vt 0.46948242 0.5854492
vt 0.78222656 0.013542175
vt 0.7607422 0.14611816
vt 0.77246094 0.16894531
vt 0.74560547 0.04748535
vt 0.75683594 0.018829346
vt 0.74902344 0.02229309
vt 0.46923828 0.46069336
vt 0.47558594 0.47265625
vt 0.4777832 0.45898438
vt 0.74560547 0.04748535
vt 0.74902344 0.02229309
vt 0.7441406 0.020935059
vt 0.4777832 0.45898438
vt 0.47558594 0.47265625
vt 0.48266602 0.45825195
vt 0.74560547 0.04748535
vt 0.70947266 0.12487793
vt 0.7426758 0.13293457
vt 0.53515625 0.57177734
vt 0.47558594 0.47265625
vt 0.50146484 0.57910156
vt 0.41308594 0.4807129
vt 0.24682617 0.5136719
vt 0.28027344 0.5991211
vt 0.24682617 0.5136719
vt 0.2631836 0.59765625
vt 0.23168945 0.5205078
vt 0.3581543 0.8671875
vt 0.4038086 0.84716797
vt 0.33569336 0.8354492
vt 0.3581543 0.8671875
vt 0.33569336 0.8354492
vt 0.33276367 0.90283203
vt 0.41308594 0.4807129
vt 0.46948242 0.5854492
vt 0.44140625 0.4699707
vt 0.41308594 0.4807129
vt 0.28027344 0.5991211
vt 0.3930664 0.6489258
vt 0.20507812 0.95947266
vt 0.32495117 0.95166016
vt 0.2993164 0.93408203
vt 0.953125 0.39770508
vt 0.9116211 0.3930664
vt 0.9428711 0.41552734
vt 0.7788086 0.34399414
vt 0.8466797 0.40625
vt 0.78564453 0.3371582
vt 0.78564453 0.3371582
vt 0.8466797 0.40625
vt 0.85791016 0.40478516
vt 0.43310547 0.11053467
vt 0.40576172 0.10974121
vt 0.4338379 0.12524414
vt 0.83251953 0.4140625
vt 0.8466797 0.40625
vt 0.7788086 0.34399414
vt 0.5541992 0.23840332
vt 0.5644531 0.12646484
vt 0.5488281 0.13720703
vt 0.58740234 0.4501953
vt 0.5991211 0.44677734
vt 0.5996094 0.42114258
vt 0.69189453 0.44628906
vt 0.703125 0.38110352
vt 0.6557617 0.4194336
vt 0.6591797 0.44921875
vt 0.6489258 0.44458008
vt 0.6225586 0.484375
vt 0.6489258 0.44458008
vt 0.6591797 0.44921875
vt 0.6557617 0.4194336
vt 0.8881836 0.94628906
vt 0.8857422 0.8676758
vt 0.8652344 0.86035156
vt 0.91015625 0.94189453
vt 0.8959961 0.8261719
vt 0.88427734 0.78759766
vt 0.87353516 0.82666016
vt 0.9121094 0.7939453
vt 0.91796875 0.78125
vt 0.9838867 0.7714844
vt 0.9819336 0.7636719
vt 0.9399414 0.78564453
vt 0.9121094 0.7939453
vt 0.8881836 0.94628906
vt 0.83496094 0.8666992
vt 0.84765625 0.9526367
vt 0.8652344 0.86035156
vt 0.8652344 0.86035156
vt 0.83154297 0.82714844
vt 0.83496094 0.8666992
vt 0.87353516 0.82666016
vt 0.06341553 0.76708984
vt 0.113708496 0.79248047
vt 0.11126709 0.76708984
vt 0.04446411 0.7993164
vt 0.9355469 0.86376953
vt 0.98535156 0.79248047
vt 0.9511719 0.80029297
vt 0.9584961 0.88134766
vt 0.953125 0.8886719
vt 0.9355469 0.86376953
vt 0.9267578 0.8671875
vt 0.9584961 0.88134766
vt 0.9326172 0.828125
vt 0.9355469 0.86376953
vt 0.9511719 0.80029297
vt 0.9267578 0.8671875
vt 0.9511719 0.80029297
vt 0.9399414 0.78564453
vt 0.9477539 0.79052734
vt 0.9838867 0.7714844
vt 0.9477539 0.79052734
vt 0.9863281 0.78125
vt 0.9399414 0.78564453
vt 0.98535156 0.79248047
vt 0.9477539 0.79052734
vt 0.9511719 0.80029297
vt 0.9863281 0.78125
vt 0.9121094 0.7939453
vt 0.9326172 0.828125
vt 0.9399414 0.78564453
vt 0.8959961 0.8261719
vt 0.8857422 0.8676758
vt 0.9326172 0.828125
vt 0.89746094 0.8330078
vt 0.9267578 0.8671875
vt 0.9399414 0.9116211
vt 0.953125 0.8886719
vt 0.8857422 0.8676758
vt 0.87353516 0.82666016
vt 0.8652344 0.86035156
vt 0.89746094 0.8330078
vt 0.8310547 0.7807617
vt 0.87353516 0.82666016
vt 0.88427734 0.78759766
vt 0.83154297 0.82714844
vt 0.18286133 0.7636719
vt 0.113708496 0.79248047
vt 0.18334961 0.79541016
vt 0.11126709 0.76708984
vt 0.83496094 0.8666992
vt 0.74121094 0.95996094
vt 0.84765625 0.9526367
vt 0.73876953 0.86572266
vt 0.57666016 0.26049805
vt 0.66064453 0.26611328
vt 0.64501953 0.21691895
vt 0.59375 0.34692383
vt 0.113708496 0.79248047
vt 0.04446411 0.7993164
vt 0.04446411 0.7993164
vt 0.113708496 0.79248047
vt 0.18334961 0.79541016
vt 0.113708496 0.79248047
vt 0.113708496 0.79248047
vt 0.18334961 0.79541016
vt 0.18334961 0.79541016
vt 0.18334961 0.79541016
vt 0.18334961 0.79541016
vt 0.18334961 0.79541016
vt 0.82177734 0.32543945
vt 0.7993164 0.3166504
vt 0.8071289 0.32592773
vt 0.93652344 0.25854492
vt 0.9350586 0.27026367
vt 0.7915039 0.3083496
vt 0.7910156 0.19799805
vt 0.9580078 0.22937012
vt 0.95947266 0.2290039
vt 0.9375 0.15649414
vt 0.82470703 0.06982422
vt 0.7397461 0.11895752
vt 0.8886719 0.04196167
vt 0.10974121 0.75634766
vt 0.28930664 0.7080078
vt 0.10510254 0.7158203
vt 0.3125 0.7475586
vt 0.31054688 0.70654297
vt 0.34423828 0.7397461
vt 0.10510254 0.7158203
vt 0.26611328 0.66845703
vt 0.08758545 0.67529297
vt 0.28930664 0.7080078
vt 0.2866211 0.6669922
vt 0.31054688 0.70654297
vt 0.08758545 0.67529297
vt 0.23962402 0.6303711
vt 0.086120605 0.6347656
vt 0.26611328 0.66845703
vt 0.086120605 0.6347656
vt 0.22045898 0.5908203
vt 0.09112549 0.59375
vt 0.23962402 0.6303711
vt 0.09112549 0.59375
vt 0.21118164 0.55029297
vt 0.091552734 0.5527344
vt 0.22045898 0.5908203
vt 0.21118164 0.55029297
vt 0.12878418 0.5107422
vt 0.091552734 0.5527344
vt 0.21252441 0.5083008
vt 0.21252441 0.5083008
vt 0.16003418 0.46777344
vt 0.12878418 0.5107422
vt 0.2244873 0.4658203
vt 0.22558594 0.51123047
vt 0.24377441 0.46533203
vt 0.2244873 0.4658203
vt 0.15490723 0.42700195
vt 0.16003418 0.46777344
vt 0.23693848 0.4243164
vt 0.24377441 0.46533203
vt 0.25683594 0.42382812
vt 0.25463867 0.38256836
vt 0.12432861 0.34448242
vt 0.12915039 0.3864746
vt 0.3017578 0.3371582
vt 0.27514648 0.38232422
vt 0.30200195 0.35742188
vt 0.32421875 0.33691406
vt 0.3017578 0.3371582
vt 0.120788574 0.30371094
vt 0.12432861 0.34448242
vt 0.30639648 0.296875
vt 0.32421875 0.33691406
vt 0.32910156 0.29638672
vt 0.120788574 0.30371094
vt 0.31689453 0.2553711
vt 0.10211182 0.2631836
vt 0.30639648 0.296875
vt 0.32910156 0.29638672
vt 0.33984375 0.2548828
vt 0.31689453 0.2553711
vt 0.10070801 0.2220459
vt 0.10211182 0.2631836
vt 0.32543945 0.21386719
vt 0.33984375 0.2548828
vt 0.34887695 0.21313477
vt 0.32543945 0.21386719
vt 0.09509277 0.17895508
vt 0.10070801 0.2220459
vt 0.33154297 0.16455078
vt 0.34887695 0.21313477
vt 0.3552246 0.16320801
vt 0.09436035 0.14013672
vt 0.3322754 0.09429932
vt 0.08917236 0.09967041
vt 0.33129883 0.13293457
vt 0.35424805 0.13220215
vt 0.35620117 0.094055176
vt 0.08917236 0.09967041
vt 0.30517578 0.05090332
vt 0.089416504 0.057678223
vt 0.3322754 0.09429932
vt 0.32763672 0.050201416
vt 0.35620117 0.094055176
vt 0.089416504 0.057678223
vt 0.2854004 0.010604858
vt 0.082458496 0.016708374
vt 0.30517578 0.05090332
vt 0.98779297 0.6098633
vt 0.9375 0.6118164
vt 0.9633789 0.6328125
vt 0.97509766 0.5834961
vt 0.9633789 0.6328125
vt 0.97216797 0.6894531
vt 0.98583984 0.6489258
vt 0.93896484 0.6582031
vt 0.9472656 0.72265625
vt 0.90527344 0.6855469
vt 0.97216797 0.6894531
vt 0.91796875 0.5864258
vt 0.8676758 0.59033203
vt 0.89404297 0.609375
vt 0.9038086 0.57714844
vt 0.8881836 0.56933594
vt 0.8417969 0.54052734
vt 0.8276367 0.56396484
vt 0.79589844 0.52490234
vt 0.78808594 0.5366211
vt 0.91796875 0.5864258
vt 0.9145508 0.62402344
vt 0.9375 0.6118164
vt 0.89404297 0.609375
vt 0.87402344 0.6645508
vt 0.86035156 0.62646484
vt 0.92089844 0.6376953
vt 0.93896484 0.6582031
vt 0.9633789 0.6328125
vt 0.90527344 0.6855469
vt 0.3552246 0.16320801
vt 0.37231445 0.13024902
vt 0.35424805 0.13220215
vt 0.37475586 0.15124512
vt 0.35424805 0.13220215
vt 0.36889648 0.095458984
vt 0.35620117 0.094055176
vt 0.37231445 0.13024902
vt 0.8442383 0.73095703
vt 0.83203125 0.7607422
vt 0.85302734 0.7402344
vt 0.8203125 0.7573242
vt 0.8647461 0.71875
vt 0.88623047 0.7553711
vt 0.90625 0.74853516
vt 0.86083984 0.7368164
vt 0.8442383 0.73095703
vt 0.86083984 0.7368164
vt 0.8647461 0.71875
vt 0.85302734 0.7402344
vt 0.33129883 0.13293457
vt 0.3552246 0.16320801
vt 0.35424805 0.13220215
vt 0.33154297 0.16455078
vt 0.09436035 0.14013672
vt 0.33154297 0.16455078
vt 0.09509277 0.17895508
vt 0.3227539 0.010002136
vt 0.30517578 0.05090332
vt 0.32763672 0.050201416
vt 0.2854004 0.010604858
vt 0.80566406 0.4855957
vt 0.7866211 0.50878906
vt 0.8129883 0.49243164
vt 0.81591797 0.5073242
vt 0.7558594 0.5004883
vt 0.76220703 0.50634766
vt 0.7866211 0.4753418
vt 0.73339844 0.53808594
vt 0.77246094 0.52978516
vt 0.79589844 0.52490234
vt 0.7866211 0.50878906
vt 0.78808594 0.5366211
vt 0.77246094 0.52978516
vt 0.7597656 0.5546875
vt 0.75146484 0.5546875
vt 0.80566406 0.4855957
vt 0.828125 0.47387695
vt 0.8232422 0.46289062
vt 0.8129883 0.49243164
vt 0.828125 0.47387695
vt 0.8569336 0.5097656
vt 0.8720703 0.47924805
vt 0.8129883 0.49243164
vt 0.92285156 0.54052734
vt 0.8881836 0.56933594
vt 0.9038086 0.57714844
vt 0.90283203 0.5283203
vt 0.9399414 0.51953125
vt 0.90283203 0.5283203
vt 0.92285156 0.54052734
vt 0.9111328 0.49194336
vt 0.90283203 0.5283203
vt 0.8417969 0.54052734
vt 0.8881836 0.56933594
vt 0.8569336 0.5097656
vt 0.8720703 0.47924805
vt 0.9111328 0.49194336
vt 0.82910156 0.6254883
vt 0.80371094 0.57958984
vt 0.7973633 0.5961914
vt 0.8364258 0.60839844
vt 0.77246094 0.52978516
vt 0.73339844 0.53808594
vt 0.75146484 0.5546875
vt 0.7192383 0.5839844
vt 0.9472656 0.72265625
vt 0.8647461 0.71875
vt 0.90625 0.74853516
vt 0.90527344 0.6855469
vt 0.8647461 0.71875
vt 0.87402344 0.6645508
vt 0.8388672 0.6894531
vt 0.90527344 0.6855469
vt 0.8388672 0.6894531
vt 0.85839844 0.6425781
vt 0.81884766 0.6791992
vt 0.87402344 0.6645508
vt 0.7973633 0.5961914
vt 0.79052734 0.6479492
vt 0.82910156 0.6254883
vt 0.76464844 0.6201172
vt 0.7338867 0.5834961
vt 0.75146484 0.5546875
vt 0.7192383 0.5839844
vt 0.7636719 0.56933594
vt 0.8442383 0.73095703
vt 0.8388672 0.6894531
vt 0.8125 0.69970703
vt 0.8647461 0.71875
vt 0.8203125 0.7573242
vt 0.8125 0.69970703
vt 0.77734375 0.72802734
vt 0.8442383 0.73095703
vt 0.7636719 0.56933594
vt 0.76464844 0.6201172
vt 0.7973633 0.5961914
vt 0.7338867 0.5834961
vt 0.7973633 0.5961914
vt 0.7597656 0.5546875
vt 0.7636719 0.56933594
vt 0.80371094 0.57958984
vt 0.82910156 0.6254883
vt 0.81884766 0.6791992
vt 0.85839844 0.6425781
vt 0.79052734 0.6479492
vt 0.75878906 0.63427734
vt 0.7529297 0.6855469
vt 0.7792969 0.6645508
vt 0.73046875 0.64697266
vt 0.8125 0.69970703
vt 0.7495117 0.6958008
vt 0.77734375 0.72802734
vt 0.78222656 0.67529297
vt 0.81884766 0.6791992
vt 0.78222656 0.67529297
vt 0.8125 0.69970703
vt 0.79052734 0.6479492
vt 0.79052734 0.6479492
vt 0.75878906 0.63427734
vt 0.7792969 0.6645508
vt 0.76464844 0.6201172
vt 0.7338867 0.5834961
vt 0.7270508 0.60253906
vt 0.78222656 0.67529297
vt 0.7529297 0.6855469
vt 0.7495117 0.6958008
vt 0.7792969 0.6645508
vt 0.8276367 0.56396484
vt 0.8364258 0.60839844
vt 0.8676758 0.59033203
vt 0.80371094 0.57958984
vt 0.78808594 0.5366211
vt 0.80371094 0.57958984
vt 0.7597656 0.5546875
vt 0.85839844 0.6425781
vt 0.8364258 0.60839844
vt 0.82910156 0.6254883
vt 0.86035156 0.62646484
vt 0.14489746 0.4111328
vt 0.17358398 0.38964844
vt 0.13122559 0.38964844
vt 0.19104004 0.40405273
vt 0.15490723 0.42700195
vt 0.23693848 0.4243164
vt 0.9399414 0.51953125
vt 0.9692383 0.45581055
vt 0.92626953 0.48095703
vt 0.9902344 0.44848633
vt 0.93896484 0.5683594
vt 0.9038086 0.57714844
vt 0.91796875 0.5864258
vt 0.92285156 0.54052734
vt 0.25463867 0.38256836
vt 0.13122559 0.38964844
vt 0.17358398 0.38964844
vt 0.12915039 0.3864746
vt 0.8417969 0.54052734
vt 0.81591797 0.5073242
vt 0.79589844 0.52490234
vt 0.8569336 0.5097656
vt 0.7993164 0.58496094
vt 0.84765625 0.7294922
vt 0.88916016 0.7241211
vt 0.7832031 0.6113281
vt 0.7832031 0.6113281
vt 0.81884766 0.71875
vt 0.77734375 0.64160156
vt 0.82177734 0.5629883
vt 0.9589844 0.6567383
vt 0.9609375 0.65478516
vt 0.95214844 0.6748047
vt 0.9477539 0.6875
vt 0.9609375 0.65478516
vt 0.8491211 0.5493164
vt 0.82177734 0.5629883
vt 0.96435547 0.6230469
vt 0.95458984 0.5942383
vt 0.8491211 0.5493164
vt 0.96435547 0.6230469
vt 0.8779297 0.54589844
vt 0.95458984 0.5942383
vt 0.9091797 0.5522461
vt 0.93652344 0.56640625
vt 0.7788086 0.6743164
vt 0.81884766 0.71875
vt 0.77734375 0.64160156
vt 0.7944336 0.7001953
vt 0.48266602 0.88134766
vt 0.49487305 0.80566406
vt 0.4819336 0.84277344
vt 0.55371094 0.7553711
vt 0.52001953 0.77490234
vt 0.5942383 0.9707031
vt 0.52197266 0.94677734
vt 0.49658203 0.91796875
vt 0.55615234 0.96533203
vt 0.70214844 0.87841797
vt 0.66503906 0.9448242
vt 0.63183594 0.9638672
vt 0.6894531 0.91503906
vt 0.6303711 0.75439453
vt 0.5917969 0.7480469
vt 0.68896484 0.8027344
vt 0.6640625 0.7734375
vt 0.7026367 0.83935547
vt 0.6640625 0.7734375
vt 0.6972656 0.79833984
vt 0.6699219 0.76660156
vt 0.68896484 0.8027344
vt 0.7026367 0.83935547
vt 0.6972656 0.79833984
vt 0.68896484 0.8027344
vt 0.7114258 0.8378906
vt 0.70214844 0.87841797
vt 0.7114258 0.8378906
vt 0.7026367 0.83935547
vt 0.7109375 0.8798828
vt 0.6894531 0.91503906
vt 0.7109375 0.8798828
vt 0.70214844 0.87841797
vt 0.6972656 0.9194336
vt 0.66503906 0.9448242
vt 0.6972656 0.9194336
vt 0.6894531 0.91503906
vt 0.67041016 0.9511719
vt 0.63183594 0.9638672
vt 0.67041016 0.9511719
vt 0.66503906 0.9448242
vt 0.6347656 0.97216797
vt 0.5942383 0.9707031
vt 0.6347656 0.97216797
vt 0.63183594 0.9638672
vt 0.59472656 0.9794922
vt 0.55615234 0.96533203
vt 0.59472656 0.9794922
vt 0.5942383 0.9707031
vt 0.55322266 0.9736328
vt 0.52197266 0.94677734
vt 0.55322266 0.9736328
vt 0.55615234 0.96533203
vt 0.51660156 0.9536133
vt 0.49658203 0.91796875
vt 0.51660156 0.9536133
vt 0.52197266 0.94677734
vt 0.48901367 0.9223633
vt 0.48266602 0.88134766
vt 0.48901367 0.9223633
vt 0.49658203 0.91796875
vt 0.4741211 0.8833008
vt 0.4819336 0.84277344
vt 0.4741211 0.8833008
vt 0.48266602 0.88134766
vt 0.4729004 0.8413086
vt 0.49487305 0.80566406
vt 0.4729004 0.8413086
vt 0.4819336 0.84277344
vt 0.4868164 0.80078125
vt 0.52001953 0.77490234
vt 0.4868164 0.80078125
vt 0.49487305 0.80566406
vt 0.51416016 0.7680664
vt 0.55371094 0.7553711
vt 0.51416016 0.7680664
vt 0.52001953 0.77490234
vt 0.55078125 0.7470703
vt 0.5917969 0.7480469
vt 0.55078125 0.7470703
vt 0.55371094 0.7553711
vt 0.5917969 0.73876953
vt 0.6303711 0.75439453
vt 0.5917969 0.73876953
vt 0.5917969 0.7480469
vt 0.6333008 0.74609375
vt 0.6640625 0.7734375
vt 0.6333008 0.74609375
vt 0.6303711 0.75439453
vt 0.6699219 0.76660156
vt 0.018188477 0.5131836
vt 0.091552734 0.5527344
vt 0.12878418 0.5107422
vt 0.020614624 0.5541992
vt 0.016571045 0.47216797
vt 0.12878418 0.5107422
vt 0.16003418 0.46777344
vt 0.018188477 0.5131836
vt 0.15490723 0.42700195
vt 0.016571045 0.47216797
vt 0.16003418 0.46777344
vt 0.015716553 0.43115234
vt 0.15490723 0.42700195
vt 0.14489746 0.4111328
vt 0.015716553 0.43115234
vt 0.13122559 0.38964844
vt 0.01550293 0.38989258
vt 0.12432861 0.34448242
vt 0.01550293 0.38989258
vt 0.12915039 0.3864746
vt 0.015731812 0.34887695
vt 0.120788574 0.30371094
vt 0.015731812 0.34887695
vt 0.12432861 0.34448242
vt 0.015853882 0.3076172
vt 0.10211182 0.2631836
vt 0.015853882 0.3076172
vt 0.120788574 0.30371094
vt 0.015899658 0.26635742
vt 0.015792847 0.22509766
vt 0.10211182 0.2631836
vt 0.10070801 0.2220459
vt 0.015899658 0.26635742
vt 0.09509277 0.17895508
vt 0.015792847 0.22509766
vt 0.10070801 0.2220459
vt 0.015426636 0.18383789
vt 0.014793396 0.14257812
vt 0.09509277 0.17895508
vt 0.09436035 0.14013672
vt 0.015426636 0.18383789
vt 0.08917236 0.09967041
vt 0.014793396 0.14257812
vt 0.09436035 0.14013672
vt 0.013671875 0.10131836
vt 0.01209259 0.06008911
vt 0.08917236 0.09967041
vt 0.089416504 0.057678223
vt 0.013671875 0.10131836
vt 0.082458496 0.016708374
vt 0.01209259 0.06008911
vt 0.089416504 0.057678223
vt 0.010002136 0.01889038
vt 0.10510254 0.7158203
vt 0.037353516 0.7597656
vt 0.10974121 0.75634766
vt 0.034210205 0.71875
vt 0.08758545 0.67529297
vt 0.034210205 0.71875
vt 0.10510254 0.7158203
vt 0.03074646 0.6777344
vt 0.086120605 0.6347656
vt 0.03074646 0.6777344
vt 0.08758545 0.67529297
vt 0.027175903 0.63671875
vt 0.0236969 0.5957031
vt 0.086120605 0.6347656
vt 0.09112549 0.59375
vt 0.027175903 0.63671875
vt 0.091552734 0.5527344
vt 0.0236969 0.5957031
vt 0.09112549 0.59375
vt 0.020614624 0.5541992
vt 0.96875 0.60253906
vt 0.7470703 0.6352539
vt 0.96435547 0.64404297
vt 0.7392578 0.5957031
vt 0.96875 0.60253906
vt 0.74853516 0.55810547
vt 0.7392578 0.5957031
vt 0.9628906 0.56396484
vt 0.9628906 0.56396484
vt 0.7714844 0.5229492
vt 0.74853516 0.55810547
vt 0.94433594 0.5292969
vt 0.94433594 0.5292969
vt 0.8022461 0.4987793
vt 0.7714844 0.5229492
vt 0.9145508 0.5024414
vt 0.9145508 0.5024414
vt 0.8417969 0.4873047
vt 0.87841797 0.48779297
vt 0.82421875 0.7192383
vt 0.7495117 0.63916016
vt 0.75097656 0.66308594
vt 0.7519531 0.68066406
vt 0.45825195 0.6694336
vt 0.46948242 0.5854492
vt 0.3930664 0.6489258
vt 0.49121094 0.67041016
vt 0.13549805 0.82421875
vt 0.10345459 0.9770508
vt 0.13562012 0.9658203
vt 0.09863281 0.8251953
vt 0.93066406 0.45117188
vt 0.9116211 0.3930664
vt 0.9194336 0.44970703
vt 0.9428711 0.41552734
vt 0.07788086 0.96728516
vt 0.032165527 0.9038086
vt 0.03881836 0.9711914
vt 0.064575195 0.8955078
vt 0.953125 0.39770508
vt 0.86279297 0.32788086
vt 0.9116211 0.3930664
vt 0.88134766 0.31323242
vt 0.019851685 0.8251953
vt 0.063964844 0.86328125
vt 0.06756592 0.8178711
vt 0.028045654 0.8798828
vt 0.064575195 0.8955078
vt 0.028701782 0.88916016
vt 0.032165527 0.9038086
vt 0.08654785 0.8725586
vt 0.028045654 0.8798828
vt 0.08654785 0.8725586
vt 0.063964844 0.86328125
vt 0.028701782 0.88916016
vt 0.07788086 0.96728516
vt 0.08654785 0.8725586
vt 0.064575195 0.8955078
vt 0.10345459 0.9770508
vt 0.13562012 0.9658203
vt 0.23217773 0.8183594
vt 0.13549805 0.82421875
vt 0.20507812 0.95947266
vt 0.9707031 0.3618164
vt 0.88134766 0.31323242
vt 0.953125 0.39770508
vt 0.95703125 0.26660156
vt 0.55566406 0.6484375
vt 0.50146484 0.57910156
vt 0.52441406 0.67333984
vt 0.53515625 0.57177734
vt 0.50146484 0.57910156
vt 0.49121094 0.67041016
vt 0.52441406 0.67333984
vt 0.46948242 0.5854492
vt 0.81347656 0.1607666
vt 0.78222656 0.013542175
vt 0.77246094 0.16894531
vt 0.80810547 0.013648987
vt 0.70166016 0.15808105
vt 0.75390625 0.19604492
vt 0.73828125 0.17016602
vt 0.6982422 0.1763916
vt 0.7441406 0.020935059
vt 0.70947266 0.12487793
vt 0.74560547 0.04748535
vt 0.71728516 0.027282715
vt 0.77246094 0.16894531
vt 0.86279297 0.32788086
vt 0.88134766 0.31323242
vt 0.75390625 0.19604492
vt 0.73828125 0.17016602
vt 0.70166016 0.15808105
vt 0.74365234 0.14880371
vt 0.7060547 0.14208984
vt 0.73828125 0.17016602
vt 0.7426758 0.13293457
vt 0.7080078 0.13439941
vt 0.7607422 0.14611816
vt 0.70947266 0.12487793
vt 0.7060547 0.14208984
vt 0.7607422 0.14611816
vt 0.7080078 0.13439941
vt 0.74365234 0.14880371
vt 0.7607422 0.14611816
vt 0.74365234 0.14880371
vt 0.77246094 0.16894531
vt 0.73828125 0.17016602
vt 0.7607422 0.14611816
vt 0.74560547 0.04748535
vt 0.7426758 0.13293457
vt 0.75683594 0.018829346
vt 0.78222656 0.013542175
vt 0.88134766 0.31323242
vt 0.81347656 0.1607666
vt 0.77246094 0.16894531
vt 0.95703125 0.26660156
vt 0.81347656 0.1607666
vt 0.9892578 0.18884277
vt 0.98095703 0.12878418
vt 0.96435547 0.091796875
vt 0.47558594 0.47265625
vt 0.51171875 0.4597168
vt 0.48266602 0.45825195
vt 0.53515625 0.57177734
vt 0.50146484 0.57910156
vt 0.44140625 0.4699707
vt 0.46948242 0.5854492
vt 0.46923828 0.46069336
vt 0.47558594 0.47265625
vt 0.20507812 0.95947266
vt 0.33569336 0.8354492
vt 0.23217773 0.8183594
vt 0.2993164 0.93408203
vt 0.81347656 0.1607666
vt 0.9428711 0.01146698
vt 0.80810547 0.013648987
vt 0.96435547 0.091796875
vt 0.45410156 0.86376953
vt 0.3708496 0.8779297
vt 0.42871094 0.96777344
vt 0.41333008 0.8564453
vt 0.96435547 0.091796875
vt 0.95654297 0.010002136
vt 0.9428711 0.01146698
vt 0.97216797 0.08770752
vt 0.32495117 0.95166016
vt 0.3486328 0.9067383
vt 0.33276367 0.90283203
vt 0.34155273 0.9511719
vt 0.33276367 0.90283203
vt 0.3708496 0.8779297
vt 0.3581543 0.8671875
vt 0.3486328 0.9067383
vt 0.3581543 0.8671875
vt 0.41333008 0.8564453
vt 0.4038086 0.84716797
vt 0.3708496 0.8779297
vt 0.98095703 0.12878418
vt 0.97216797 0.08770752
vt 0.96435547 0.091796875
vt 0.98583984 0.11871338
vt 0.33276367 0.90283203
vt 0.2993164 0.93408203
vt 0.32495117 0.95166016
vt 0.33569336 0.8354492
vt 0.42871094 0.96777344
vt 0.3486328 0.9067383
vt 0.34155273 0.9511719
vt 0.3708496 0.8779297
vt 0.44433594 0.49169922
vt 0.38549805 0.4987793
vt 0.40478516 0.5229492
vt 0.41918945 0.4716797
vt 0.40478516 0.5229492
vt 0.30908203 0.5605469
vt 0.32592773 0.5864258
vt 0.38549805 0.4987793
vt 0.8022461 0.2919922
vt 0.8417969 0.2902832
vt 0.84521484 0.28076172
vt 0.8720703 0.22595215
vt 0.80078125 0.28588867
vt 0.7548828 0.19494629
vt 0.75 0.2590332
vt 0.79248047 0.29418945
vt 0.8652344 0.09539795
vt 0.77783203 0.10394287
vt 0.86083984 0.087524414
vt 0.8881836 0.10418701
vt 0.88427734 0.0869751
vt 0.8696289 0.08984375
vt 0.9116211 0.3930664
vt 0.8925781 0.45263672
vt 0.9194336 0.44970703
vt 0.8779297 0.39941406
vt 0.85498047 0.45751953
vt 0.85791016 0.40478516
vt 0.8466797 0.40625
vt 0.86621094 0.45751953
vt 0.8466797 0.34033203
vt 0.85791016 0.40478516
vt 0.8779297 0.39941406
vt 0.78564453 0.3371582
vt 0.8466797 0.34033203
vt 0.7363281 0.24243164
vt 0.7529297 0.21801758
vt 0.86621094 0.45751953
vt 0.8779297 0.39941406
vt 0.85791016 0.40478516
vt 0.8925781 0.45263672
vt 0.9116211 0.3930664
vt 0.8466797 0.34033203
vt 0.8779297 0.39941406
vt 0.86279297 0.32788086
vt 0.75390625 0.19604492
vt 0.69628906 0.18041992
vt 0.7529297 0.21801758
vt 0.6982422 0.1763916
vt 0.6748047 0.22277832
vt 0.7363281 0.24243164
vt 0.67822266 0.21459961
vt 0.72998047 0.24951172
vt 0.67822266 0.21459961
vt 0.7529297 0.21801758
vt 0.69628906 0.18041992
vt 0.7363281 0.24243164
vt 0.75390625 0.19604492
vt 0.8466797 0.34033203
vt 0.86279297 0.32788086
vt 0.7529297 0.21801758
vt 0.7788086 0.34399414
vt 0.7363281 0.24243164
vt 0.72998047 0.24951172
vt 0.78564453 0.3371582
vt 0.8730469 0.13085938
vt 0.94921875 0.12658691
vt 0.9291992 0.08520508
vt 0.9008789 0.16540527
vt 0.7597656 0.22106934
vt 0.9008789 0.16540527
vt 0.8730469 0.13085938
vt 0.7910156 0.25268555
vt 0.96435547 0.13989258
vt 0.84765625 0.14697266
vt 0.88623047 0.19824219
vt 0.9248047 0.10144043
vt 0.88623047 0.19824219
vt 0.7705078 0.21459961
vt 0.7988281 0.2631836
vt 0.84765625 0.14697266
vt 0.44018555 0.26586914
vt 0.47558594 0.2758789
vt 0.47045898 0.19030762
vt 0.5097656 0.26733398
vt 0.50390625 0.27929688
vt 0.5371094 0.16040039
vt 0.52246094 0.039001465
vt 0.5185547 0.030700684
vt 0.4802246 0.027191162
vt 0.48608398 0.026184082
vt 0.41625977 0.33422852
vt 0.41601562 0.31982422
vt 0.3876953 0.3330078
vt 0.3791504 0.41723633
vt 0.40551758 0.4255371
vt 0.5527344 0.33496094
vt 0.5517578 0.3479004
vt 0.56152344 0.3527832
vt 0.54541016 0.33276367
vt 0.5209961 0.33325195
vt 0.5253906 0.34838867
vt 0.5732422 0.4206543
vt 0.56152344 0.3527832
vt 0.5517578 0.3479004
vt 0.57714844 0.41967773
vt 0.5444336 0.4284668
vt 0.5517578 0.3479004
vt 0.5253906 0.34838867
vt 0.5732422 0.4206543
vt 0.41625977 0.33422852
vt 0.4729004 0.32495117
vt 0.41601562 0.31982422
vt 0.47436523 0.34716797
vt 0.40551758 0.4255371
vt 0.47436523 0.34716797
vt 0.41625977 0.33422852
vt 0.4711914 0.4375
vt 0.5253906 0.34838867
vt 0.4729004 0.32495117
vt 0.47436523 0.34716797
vt 0.5209961 0.33325195
vt 0.4711914 0.4375
vt 0.5253906 0.34838867
vt 0.47436523 0.34716797
vt 0.5444336 0.4284668
vt 0.3876953 0.3330078
vt 0.39331055 0.25708008
vt 0.3696289 0.25708008
vt 0.41601562 0.31982422
vt 0.54785156 0.23901367
vt 0.5527344 0.33496094
vt 0.5541992 0.23840332
vt 0.54541016 0.33276367
vt 0.5234375 0.24194336
vt 0.54541016 0.33276367
vt 0.54785156 0.23901367
vt 0.5209961 0.33325195
vt 0.41601562 0.31982422
vt 0.46704102 0.24645996
vt 0.39331055 0.25708008
vt 0.4729004 0.32495117
vt 0.4729004 0.32495117
vt 0.5234375 0.24194336
vt 0.46704102 0.24645996
vt 0.5209961 0.33325195
vt 0.3918457 0.026275635
vt 0.43310547 0.11053467
vt 0.41235352 0.019577026
vt 0.40576172 0.10974121
vt 0.5527344 0.12695312
vt 0.5488281 0.13720703
vt 0.5644531 0.12646484
vt 0.54248047 0.13720703
vt 0.60546875 0.05996704
vt 0.5644531 0.12646484
vt 0.6088867 0.062316895
vt 0.5527344 0.12695312
vt 0.5527344 0.12695312
vt 0.51416016 0.124694824
vt 0.54248047 0.13720703
vt 0.52001953 0.11199951
vt 0.55859375 0.029891968
vt 0.5527344 0.12695312
vt 0.60546875 0.05996704
vt 0.52001953 0.11199951
vt 0.43310547 0.11053467
vt 0.4790039 0.12902832
vt 0.48217773 0.11077881
vt 0.4338379 0.12524414
vt 0.41235352 0.019577026
vt 0.48217773 0.11077881
vt 0.4963379 0.010002136
vt 0.43310547 0.11053467
vt 0.52001953 0.11199951
vt 0.4790039 0.12902832
vt 0.51416016 0.124694824
vt 0.48217773 0.11077881
vt 0.4963379 0.010002136
vt 0.52001953 0.11199951
vt 0.55859375 0.029891968
vt 0.48217773 0.11077881
vt 0.40576172 0.10974121
vt 0.39331055 0.25708008
vt 0.4338379 0.12524414
vt 0.3696289 0.25708008
vt 0.54785156 0.23901367
vt 0.5488281 0.13720703
vt 0.54248047 0.13720703
vt 0.5541992 0.23840332
vt 0.54248047 0.13720703
vt 0.5234375 0.24194336
vt 0.54785156 0.23901367
vt 0.51416016 0.124694824
vt 0.4790039 0.12902832
vt 0.5234375 0.24194336
vt 0.46704102 0.24645996
vt 0.4338379 0.12524414
vt 0.46704102 0.24645996
vt 0.4790039 0.12902832
vt 0.39331055 0.25708008
vt 0.38330078 0.5258789
vt 0.47753906 0.5834961
vt 0.4868164 0.5258789
vt 0.38330078 0.5932617
vt 0.2685547 0.5253906
vt 0.38330078 0.5932617
vt 0.38330078 0.5258789
vt 0.27490234 0.58496094
vt 0.5053711 0.5991211
vt 0.43237305 0.52734375
vt 0.42822266 0.5888672
vt 0.50097656 0.5332031
vt 0.42822266 0.5888672
vt 0.28979492 0.5175781
vt 0.27661133 0.5805664
vt 0.43237305 0.52734375
vt 0.5605469 0.36206055
vt 0.52490234 0.40405273
vt 0.5605469 0.3803711
vt 0.4765625 0.4086914
vt 0.55859375 0.2956543
vt 0.45581055 0.40600586
vt 0.45117188 0.40673828
vt 0.43920898 0.31860352
vt 0.3918457 0.23181152
vt 0.39453125 0.22949219
vt 0.4987793 0.17944336
vt 0.44384766 0.18078613
vt 0.49243164 0.16674805
vt 0.41186523 0.20141602
vt 0.70703125 0.5307617
vt 0.6743164 0.46313477
vt 0.67578125 0.5336914
vt 0.69189453 0.44628906
vt 0.6489258 0.44458008
vt 0.5996094 0.42114258
vt 0.5991211 0.44677734
vt 0.6557617 0.4194336
vt 0.58740234 0.4501953
vt 0.5859375 0.47216797
vt 0.5991211 0.44677734
vt 0.56347656 0.5131836
vt 0.5566406 0.50878906
vt 0.5883789 0.48168945
vt 0.5708008 0.5175781
vt 0.69189453 0.44628906
vt 0.7871094 0.39013672
vt 0.703125 0.38110352
vt 0.7753906 0.46362305
vt 0.62890625 0.50146484
vt 0.57910156 0.5209961
vt 0.6245117 0.53125
vt 0.5966797 0.48950195
vt 0.63378906 0.5307617
vt 0.62890625 0.50146484
vt 0.6245117 0.53125
vt 0.6376953 0.49438477
vt 0.6225586 0.484375
vt 0.62890625 0.50146484
vt 0.6376953 0.49438477
vt 0.5966797 0.48950195
vt 0.5859375 0.47216797
vt 0.5966797 0.48950195
vt 0.5883789 0.48168945
vt 0.57910156 0.5209961
vt 0.5883789 0.48168945
vt 0.5708008 0.5175781
vt 0.5966797 0.48950195
vt 0.5991211 0.44677734
vt 0.6225586 0.484375
vt 0.6489258 0.44458008
vt 0.5859375 0.47216797
vt 0.6225586 0.484375
vt 0.6743164 0.46313477
vt 0.6591797 0.44921875
vt 0.6376953 0.49438477
vt 0.6743164 0.46313477
vt 0.6557617 0.4194336
vt 0.6591797 0.44921875
vt 0.69189453 0.44628906
vt 0.67578125 0.5336914
vt 0.6376953 0.49438477
vt 0.63378906 0.5307617
vt 0.6743164 0.46313477
vt 0.71191406 0.27246094
vt 0.59375 0.34692383
vt 0.6826172 0.34814453
vt 0.66064453 0.26611328
vt 0.6557617 0.4194336
vt 0.61376953 0.3647461
vt 0.5996094 0.42114258
vt 0.703125 0.38110352
vt 0.18334961 0.79541016
vt 0.23864746 0.77001953
vt 0.18286133 0.7636719
vt 0.2578125 0.7988281
vt 0.2578125 0.7988281
vt 0.18334961 0.79541016
vt 0.18334961 0.79541016
vt 0.2578125 0.7988281
vt 0.18334961 0.79541016
vt 0.18286133 0.7636719
vt 0.18286133 0.7636719
vt 0.18334961 0.79541016
vt 0.80859375 0.2631836
vt 0.7871094 0.14123535
vt 0.7348633 0.1928711
vt 0.85058594 0.265625
vt 0.89501953 0.23010254
vt 0.8696289 0.078552246
vt 0.90527344 0.23547363
vt 0.953125 0.19848633
vt 0.9550781 0.1763916
vt 0.9580078 0.18762207
vt 0.953125 0.16564941
vn 0.78271484 0.12036133 0.61035156
vn 0.78271484 0.1204834 0.61035156
vn 0.78271484 0.12036133 0.61035156
vn 0.60791016 0.66845703 0.42895508
vn 0.60791016 0.66796875 0.42895508
vn 0.60791016 0.66845703 0.42895508
vn 0.42358398 0.43164062 0.7963867
vn 0.42333984 0.43164062 0.7963867
vn 0.42358398 0.43164062 0.7963867
vn 0.027267456 0.0715332 0.9970703
vn 0.02708435 0.0713501 0.9970703
vn 0.02708435 0.07147217 0.9970703
vn -0.34228516 -0.036376953 0.93896484
vn -0.3425293 -0.036346436 0.93896484
vn -0.3425293 -0.036346436 0.93896484
vn -0.14807129 -0.091308594 0.9848633
vn -0.14819336 -0.091430664 0.9848633
vn -0.14880371 -0.09136963 0.9848633
vn 0.34545898 -0.9238281 0.16540527
vn 0.34545898 -0.9238281 0.16564941
vn 0.3449707 -0.9238281 0.16540527
vn 0.14404297 -0.9736328 -0.17773438
vn 0.14404297 -0.9736328 -0.17736816
vn 0.1439209 -0.9736328 -0.17749023
vn 0.7480469 -0.10760498 0.65478516
vn 0.7480469 -0.10760498 0.65478516
vn 0.74853516 -0.107177734 0.65478516
vn -0.025558472 -0.9995117 0
vn -0.025558472 -0.9995117 -0.00038146973
vn -0.025543213 -0.9995117 0
vn 0.5126953 -0.83496094 0.20031738
vn 0.5126953 -0.83496094 0.20056152
vn 0.5126953 -0.83496094 0.20019531
vn 0.53808594 -0.83447266 0.117492676
vn 0.5385742 -0.83447266 0.1171875
vn 0.5385742 -0.83447266 0.11755371
vn 0.3918457 -0.8823242 0.2614746
vn 0.39208984 -0.88183594 0.26123047
vn 0.39160156 -0.8823242 0.26123047
vn -0.8027344 -0.3774414 0.4621582
vn -0.8022461 -0.37768555 0.46240234
vn -0.8022461 -0.3779297 0.4621582
vn 0.070007324 -0.15026855 0.9863281
vn 0.07019043 -0.15063477 0.9863281
vn 0.070007324 -0.15063477 0.9863281
vn 0.78759766 -0.37182617 0.49169922
vn 0.78759766 -0.37182617 0.49169922
vn 0.78759766 -0.3720703 0.49145508
vn 0.6533203 -0.44482422 0.61279297
vn 0.6538086 -0.4440918 0.61279297
vn 0.6538086 -0.4440918 0.61279297
vn 0.7626953 -0.32958984 0.5566406
vn 0.7626953 -0.32958984 0.5566406
vn 0.7626953 -0.32958984 0.5566406
vn 0.89208984 -0.29785156 0.33911133
vn 0.89208984 -0.29833984 0.33911133
vn 0.89208984 -0.29833984 0.33911133
vn 0.82373047 -0.03930664 0.5654297
vn 0.82373047 -0.039276123 0.5654297
vn 0.82373047 -0.039276123 0.5654297
vn 0.91259766 0.18847656 0.36254883
vn 0.91259766 0.18884277 0.36254883
vn 0.91259766 0.18847656 0.36254883
vn 0.7363281 -0.4050293 0.5419922
vn 0.7363281 -0.4050293 0.5419922
vn 0.7363281 -0.4050293 0.5419922
vn 0.84472656 -0.53125 -0.06085205
vn 0.84521484 -0.53125 -0.060668945
vn 0.84521484 -0.5307617 -0.060638428
vn 0.6035156 -0.6845703 0.40893555
vn 0.6035156 -0.6845703 0.40844727
vn 0.6035156 -0.6845703 0.4086914
vn 0.7270508 -0.6855469 0.03643799
vn 0.7270508 -0.6855469 0.036224365
vn 0.7270508 -0.68603516 0.036224365
vn 0.83447266 0.39819336 0.3803711
vn 0.83447266 0.39868164 0.3803711
vn 0.83496094 0.39819336 0.38012695
vn 0.5834961 0.20300293 0.7861328
vn 0.5834961 0.20300293 0.7861328
vn 0.5834961 0.20300293 0.7861328
vn 0.15466309 -0.045410156 0.9868164
vn 0.15478516 -0.04574585 0.9868164
vn 0.15490723 -0.045776367 0.9868164
vn -0.42919922 -0.2322998 0.8730469
vn -0.42895508 -0.2322998 0.8730469
vn -0.42871094 -0.23156738 0.8730469
vn 0.6064453 0.28564453 0.7421875
vn 0.6064453 0.2861328 0.7416992
vn 0.6064453 0.28564453 0.7421875
vn 0.9135742 0.37890625 0.14916992
vn 0.91308594 0.37939453 0.14916992
vn 0.91308594 0.3791504 0.14953613
vn 0.3232422 0.10491943 0.9404297
vn 0.32348633 0.1048584 0.9404297
vn 0.3232422 0.10449219 0.9404297
vn 0.28735352 0.1430664 0.9472656
vn 0.28759766 0.1427002 0.9472656
vn 0.28735352 0.1427002 0.9472656
vn 0.8120117 0.17504883 0.5566406
vn 0.8120117 0.1743164 0.5566406
vn 0.8120117 0.1743164 0.5566406
vn 0.66259766 -0.7470703 0.050933838
vn 0.66259766 -0.7470703 0.051116943
vn 0.66259766 -0.7470703 0.05114746
vn 0.5722656 -0.4326172 0.69677734
vn 0.5722656 -0.4326172 0.69677734
vn 0.5722656 -0.43286133 0.69677734
vn -0.4255371 0.8691406 0.25146484
vn -0.4255371 0.8691406 0.25170898
vn -0.4255371 0.8691406 0.25146484
vn -0.37036133 0.89404297 0.2524414
vn -0.37036133 0.89404297 0.25268555
vn -0.37036133 0.89404297 0.25268555
vn -0.890625 0.4477539 0.08105469
vn -0.890625 0.4477539 0.08105469
vn -0.890625 0.4477539 0.08087158
vn -0.55371094 0.81640625 0.1640625
vn -0.55322266 0.81640625 0.1640625
vn -0.55322266 0.81689453 0.16418457
vn 0.59765625 -0.68408203 0.4182129
vn 0.59765625 -0.68408203 0.4182129
vn 0.59765625 -0.68408203 0.4182129
vn 0.20727539 -0.8173828 0.5371094
vn 0.20727539 -0.8173828 0.5371094
vn 0.20739746 -0.8173828 0.5371094
vn 0.5703125 -0.7944336 0.2088623
vn 0.5703125 -0.7944336 0.2088623
vn 0.5703125 -0.7944336 0.2088623
vn 0.3527832 0.22253418 0.9086914
vn 0.3527832 0.22253418 0.9086914
vn 0.3527832 0.22253418 0.9086914
vn 0.4321289 -0.028274536 0.9013672
vn 0.4321289 -0.02822876 0.9013672
vn 0.4321289 -0.028320312 0.9013672
vn 0.42260742 0.05215454 0.90478516
vn 0.42260742 0.05215454 0.90478516
vn 0.42260742 0.05215454 0.90478516
vn -0.1026001 0.90478516 0.41381836
vn -0.10253906 0.9042969 0.4140625
vn -0.1026001 0.9042969 0.4140625
vn 0.05758667 0.6689453 0.74121094
vn 0.057800293 0.6689453 0.74121094
vn 0.05758667 0.6689453 0.74121094
vn -0.5419922 0.8334961 0.10797119
vn -0.5419922 0.8334961 0.10803223
vn -0.5419922 0.8334961 0.10797119
vn 0.9248047 0.25195312 0.28442383
vn 0.92529297 0.25170898 0.28442383
vn 0.92529297 0.25170898 0.2841797
vn 0.4140625 -0.87353516 0.25512695
vn 0.41357422 -0.87402344 0.2553711
vn 0.41357422 -0.87402344 0.25512695
vn 0.53515625 -0.48828125 -0.6894531
vn 0.53564453 -0.48828125 -0.68896484
vn 0.53564453 -0.4880371 -0.68896484
vn 0.63916016 -0.061584473 -0.76660156
vn 0.63916016 -0.061401367 -0.76660156
vn 0.63916016 -0.06121826 -0.76660156
vn 0.3227539 -0.35229492 0.87841797
vn 0.32202148 -0.35253906 0.87890625
vn 0.3227539 -0.35253906 0.87841797
vn 0.31347656 -0.3642578 0.8769531
vn 0.31347656 -0.3642578 0.8769531
vn 0.31347656 -0.3642578 0.8769531
vn 0.47680664 -0.87158203 0.11260986
vn 0.47680664 -0.87158203 0.11260986
vn 0.47705078 -0.87158203 0.1126709
vn 0.94140625 0.2388916 -0.23876953
vn 0.94140625 0.2388916 -0.2388916
vn 0.94140625 0.2388916 -0.23876953
vn 0.91503906 0.3671875 0.16577148
vn 0.91552734 0.36694336 0.16589355
vn 0.91503906 0.3671875 0.16589355
vn 0.9248047 0.36669922 0.101135254
vn 0.9248047 0.36645508 0.10064697
vn 0.9248047 0.36645508 0.10101318
vn -0.4555664 0.11706543 0.8823242
vn -0.4555664 0.11706543 0.8823242
vn -0.45581055 0.1171875 0.8823242
vn -0.31347656 0.47998047 0.81933594
vn -0.31347656 0.47998047 0.81933594
vn -0.31347656 0.47998047 0.81933594
vn 0.9819336 0.18884277 -0.009155273
vn 0.9819336 0.1887207 -0.009254456
vn 0.9819336 0.1887207 -0.009254456
vn 0.9350586 0.28515625 0.20983887
vn 0.9350586 0.2854004 0.2097168
vn 0.9350586 0.2854004 0.21008301
vn 0.47875977 0.68359375 0.55078125
vn 0.4790039 0.68359375 0.55078125
vn 0.4790039 0.68359375 0.55078125
vn -0.9902344 -0.016403198 0.1394043
vn -0.9902344 -0.016586304 0.1394043
vn -0.9902344 -0.016403198 0.13952637
vn 0.07342529 0.09234619 0.99316406
vn 0.07342529 0.09240723 0.99316406
vn 0.07336426 0.09234619 0.99316406
vn -0.9111328 0.15429688 0.38183594
vn -0.9111328 0.15490723 0.38183594
vn -0.9111328 0.15490723 0.38183594
vn -0.93896484 -0.3359375 0.07067871
vn -0.9394531 -0.3359375 0.07067871
vn -0.9394531 -0.3359375 0.07067871
vn 0.9692383 -0.2166748 0.11529541
vn 0.9692383 -0.2166748 0.11529541
vn 0.9692383 -0.2166748 0.11529541
vn 0.9848633 0.13122559 0.11193848
vn 0.9848633 0.13122559 0.11193848
vn 0.9848633 0.13122559 0.11193848
vn 0.89404297 0.11785889 0.4326172
vn 0.8935547 0.11773682 0.43286133
vn 0.89404297 0.11767578 0.4326172
vn -0.33032227 -0.06866455 0.94140625
vn -0.3310547 -0.06854248 0.94091797
vn -0.33032227 -0.06829834 0.94140625
vn 0.6279297 -0.56103516 0.5390625
vn 0.6279297 -0.56103516 0.5395508
vn 0.6279297 -0.56103516 0.5390625
vn 0.45117188 -0.3725586 0.81103516
vn 0.45141602 -0.3725586 0.8105469
vn 0.45141602 -0.37231445 0.81103516
vn -0.95654297 0.1928711 0.21838379
vn -0.95654297 0.1928711 0.21838379
vn -0.95654297 0.1928711 0.21850586
vn -0.9663086 -0.03186035 0.25585938
vn -0.052825928 0.5527344 0.83154297
vn -0.052825928 0.5527344 0.83154297
vn -0.052642822 0.5527344 0.83154297
vn -0.124938965 0.4350586 0.89160156
vn 0.79785156 0.41430664 0.43798828
vn 0.8574219 0.33251953 0.39233398
vn 0.7963867 0.4477539 0.40625
vn 0.79785156 0.41430664 0.43798828
vn 0.79785156 0.41430664 0.43798828
vn -0.97558594 -0.031463623 0.21655273
vn -0.97558594 -0.031463623 0.21643066
vn -0.97558594 -0.03152466 0.21655273
vn -0.9770508 -0.05645752 0.20507812
vn -0.3388672 -0.11480713 0.93408203
vn -0.3388672 -0.11468506 0.93408203
vn -0.3388672 -0.11462402 0.93408203
vn -0.3474121 -0.12609863 0.9291992
vn 0.82373047 0.002670288 0.5673828
vn 0.82373047 0.002861023 0.5673828
vn 0.82373047 0.002861023 0.5673828
vn 0.8354492 0.017166138 0.5493164
vn -0.2277832 0.9711914 0.07092285
vn -0.2277832 0.9711914 0.07092285
vn -0.22814941 0.9711914 0.07092285
vn -0.21057129 0.96875 0.13208008
vn -0.84472656 0.49121094 0.21264648
vn -0.84472656 0.4909668 0.21252441
vn -0.84472656 0.4909668 0.21240234
vn -0.8984375 0.35375977 0.25927734
vn -0.22814941 0.5366211 0.8125
vn -0.2277832 0.5366211 0.8125
vn -0.22814941 0.5366211 0.8120117
vn -0.22192383 0.5629883 0.7963867
vn -0.5761719 0.20336914 0.7919922
vn -0.5761719 0.20349121 0.7915039
vn -0.5756836 0.20373535 0.7919922
vn 0.82470703 0.39672852 0.40307617
vn 0.82470703 0.39672852 0.40307617
vn 0.82470703 0.39672852 0.40307617
vn 0.7973633 0.46362305 0.38623047
vn 0.13330078 0.96484375 0.22595215
vn 0.13317871 0.96484375 0.22595215
vn 0.13317871 0.96484375 0.22595215
vn 0.19433594 0.953125 0.23168945
vn -0.17602539 0.9794922 0.09869385
vn -0.17602539 0.9794922 0.09869385
vn -0.17602539 0.9794922 0.09875488
vn -0.2854004 0.9394531 0.18945312
vn -0.703125 0.65185547 0.28393555
vn -0.2166748 0.8041992 0.55322266
vn -0.5727539 0.79541016 -0.19824219
vn -0.6328125 0.75146484 0.18640137
vn -0.6328125 0.75146484 0.18640137
vn -0.6323242 0.7519531 0.18640137
vn -0.5 0.5517578 0.66748047
vn -0.5004883 0.55126953 0.66748047
vn -0.5004883 0.55126953 0.66748047
vn -0.5878906 0.31518555 0.7446289
vn 0.040618896 -0.099853516 0.9941406
vn 0.040618896 -0.09991455 0.9941406
vn 0.04043579 -0.09991455 0.9941406
vn 0.03262329 -0.10882568 0.99365234
vn 0.77685547 0.31445312 0.54541016
vn 0.87353516 0.2998047 0.38378906
vn 0.87353516 0.2998047 0.3840332
vn 0.87353516 0.30004883 0.38378906
vn -0.96533203 -0.15161133 0.2133789
vn -0.96533203 -0.1517334 0.2133789
vn -0.96533203 -0.1517334 0.2133789
vn -0.9692383 -0.14086914 0.2010498
vn 0.16247559 -0.9863281 0.017730713
vn 0.16247559 -0.9863281 0.017715454
vn 0.16247559 -0.9863281 0.017715454
vn 0.22106934 -0.9741211 0.045196533
vn 0.9980469 0.02861023 0.05432129
vn 0.9980469 0.02861023 0.054260254
vn 0.9140625 -0.23291016 0.3322754
vn 0.9980469 0.02861023 0.054351807
vn 0.94628906 0.31835938 0.055786133
vn 0.94628906 0.31835938 0.055877686
vn 0.94628906 0.31835938 0.055786133
vn 0.94628906 0.31835938 0.055877686
vn 0.19665527 -0.98046875 -0.0038146973
vn 0.19641113 -0.98046875 -0.0037784576
vn 0.27270508 -0.96191406 0.015022278
vn 0.19641113 -0.98046875 -0.0038146973
vn 0.053985596 0.0146865845 -0.99853516
vn 0.053985596 0.0146865845 -0.99853516
vn 0.053985596 0.0146865845 -0.99853516
vn 0.0541687 0.0146865845 -0.99853516
vn 0.05380249 0.0146865845 -0.99853516
vn 0.053985596 0.0146865845 -0.99853516
vn 0.053985596 0.0146865845 -0.99853516
vn 0.05380249 0.0146865845 -0.99853516
vn 0.05380249 0.0146865845 -0.99853516
vn 0.05380249 0.014640808 -0.99853516
vn 0.053985596 0.0146865845 -0.99853516
vn 0.0541687 0.0146865845 -0.99853516
vn 0.05380249 0.0146865845 -0.99853516
vn 0.6958008 0.3383789 -0.63378906
vn 0.6958008 0.33813477 -0.63378906
vn 0.7001953 0.34277344 -0.62646484
vn 0.6958008 0.3383789 -0.63378906
vn 0.70410156 0.32958984 -0.62890625
vn 0.79248047 0.06945801 -0.60595703
vn 0.8520508 0.4099121 -0.3256836
vn 0.8520508 0.40966797 -0.32592773
vn 0.85302734 0.41186523 -0.3203125
vn 0.8520508 0.41015625 -0.3256836
vn 0.85595703 0.40405273 -0.32226562
vn 0.85595703 0.40405273 -0.32226562
vn 0.9033203 0.42871094 0.007724762
vn 0.9033203 0.42871094 0.00762558
vn 0.90185547 0.43188477 0.02116394
vn 0.9033203 0.42895508 0.007820129
vn 0.8432617 0.3930664 0.36694336
vn 0.8432617 0.39257812 0.3671875
vn 0.8432617 0.39282227 0.36694336
vn 0.8432617 0.39282227 0.36694336
vn 0.68115234 0.30322266 0.6660156
vn 0.68115234 0.30371094 0.6660156
vn 0.68310547 0.30371094 0.6640625
vn 0.68115234 0.30322266 0.6660156
vn 0.4501953 0.18469238 0.87353516
vn 0.45043945 0.18457031 0.87353516
vn 0.4477539 0.18139648 0.8754883
vn 0.44995117 0.18530273 0.87353516
vn 0.17407227 0.05645752 0.98291016
vn 0.17419434 0.05569458 0.98291016
vn 0.16955566 0.045776367 0.984375
vn 0.17407227 0.05606079 0.98291016
vn 0.1505127 0.081604004 0.98535156
vn 0.15258789 0.077819824 0.98535156
vn -0.15527344 -0.097229004 0.98291016
vn -0.15515137 -0.09686279 0.98291016
vn -0.15856934 -0.10223389 0.9819336
vn -0.15515137 -0.09692383 0.98291016
vn -0.17382812 -0.0770874 0.9819336
vn -0.1739502 -0.075927734 0.9819336
vn -0.6279297 -0.28710938 0.7236328
vn -0.6279297 -0.28735352 0.7236328
vn -0.66308594 -0.328125 0.67285156
vn -0.6279297 -0.2866211 0.7236328
vn -0.6298828 -0.28295898 0.72314453
vn -0.6298828 -0.28295898 0.72314453
vn -0.6298828 -0.28222656 0.7236328
vn -0.8823242 -0.4104004 0.2298584
vn -0.8823242 -0.41064453 0.23010254
vn -0.87353516 -0.39257812 0.28710938
vn -0.8823242 -0.4104004 0.22998047
vn -0.8852539 -0.40454102 0.22912598
vn -0.8828125 -0.41186523 0.22607422
vn -0.9057617 -0.4182129 -0.06921387
vn -0.9057617 -0.4182129 -0.06945801
vn -0.9042969 -0.42456055 -0.039764404
vn -0.9057617 -0.41796875 -0.06903076
vn -0.9033203 -0.42407227 -0.067871094
vn -0.90185547 -0.42651367 -0.06866455
vn -0.83496094 -0.39208984 -0.3864746
vn -0.83496094 -0.39208984 -0.38623047
vn -0.8417969 -0.3918457 -0.37109375
vn -0.83496094 -0.39208984 -0.38598633
vn -0.8334961 -0.3959961 -0.38549805
vn -0.83251953 -0.39819336 -0.38549805
vn -0.61083984 -0.29907227 -0.73339844
vn -0.61083984 -0.29833984 -0.73339844
vn -0.6621094 -0.3076172 -0.68310547
vn -0.61035156 -0.2980957 -0.7338867
vn -0.6118164 -0.29614258 -0.7338867
vn -0.6069336 -0.3022461 -0.7348633
vn -0.14038086 -0.059509277 -0.98828125
vn -0.14038086 -0.059509277 -0.98828125
vn -0.13867188 -0.058166504 -0.98876953
vn -0.14038086 -0.059539795 -0.98828125
vn -0.13452148 -0.07324219 -0.98828125
vn -0.13439941 -0.07397461 -0.98828125
vn 0.14343262 0.072509766 -0.9868164
vn 0.14343262 0.07208252 -0.9868164
vn 0.16577148 0.08886719 -0.9819336
vn 0.14343262 0.07244873 -0.9868164
vn 0.15478516 0.06518555 -0.98583984
vn 0.15600586 0.062561035 -0.98583984
vn 0.45629883 0.22546387 -0.86083984
vn 0.4560547 0.22546387 -0.86083984
vn 0.4633789 0.23120117 -0.85546875
vn 0.45629883 0.22546387 -0.86083984
vn 0.69677734 -0.4013672 0.59472656
vn 0.69628906 -0.4020996 0.59472656
vn 0.7138672 -0.56152344 0.41845703
vn 0.69628906 -0.4020996 0.59472656
vn 0.29638672 -0.9160156 0.2697754
vn 0.29638672 -0.9160156 0.2697754
vn 0.29614258 -0.9160156 0.2697754
vn 0.41967773 -0.88134766 0.21691895
vn 0.39648438 -0.88183594 0.25512695
vn 0.43798828 -0.8666992 0.23791504
vn 0.39697266 -0.88134766 0.25561523
vn 0.52001953 -0.7285156 0.4453125
vn 0.52001953 -0.7285156 0.4453125
vn 0.5205078 -0.7285156 0.4453125
vn 0.5151367 -0.7504883 0.4140625
vn 0.51904297 -0.74658203 0.4165039
vn 0.53564453 -0.74902344 0.38964844
vn 0.53515625 -0.7495117 0.3894043
vn 0.53515625 -0.7495117 0.3894043
vn 0.57714844 -0.74121094 0.34228516
vn 0.8105469 0.18310547 0.55615234
vn 0.8105469 0.18310547 0.5566406
vn 0.8105469 0.18347168 0.5566406
vn 0.8066406 0.1739502 0.5649414
vn 0.8334961 0.16333008 0.5283203
vn 0.83203125 0.1529541 0.5332031
vn 0.8413086 -0.04385376 0.5390625
vn 0.8413086 -0.04425049 0.5390625
vn 0.8413086 -0.04425049 0.5385742
vn 0.82470703 -0.046539307 0.56396484
vn -0.2208252 -0.7680664 -0.6010742
vn -0.22070312 -0.7685547 -0.60058594
vn -0.2467041 -0.62597656 -0.7397461
vn -0.22070312 -0.7680664 -0.6010742
vn 0.06964111 -0.45166016 -0.88964844
vn 0.06939697 -0.45214844 -0.88916016
vn 0.077819824 -0.52490234 -0.84765625
vn 0.06964111 -0.45166016 -0.88964844
vn 0.8227539 0.52246094 0.22424316
vn 0.8232422 0.52197266 0.22399902
vn 0.9111328 0.1083374 0.3972168
vn 0.8232422 0.52197266 0.22399902
vn -0.07098389 -0.54052734 0.8383789
vn -0.07116699 -0.5410156 0.8378906
vn -0.3334961 -0.4111328 0.84814453
vn -0.07092285 -0.5410156 0.8378906
vn 0.45043945 0.14343262 0.88134766
vn 0.4506836 0.1427002 0.88134766
vn 0.6665039 -0.024398804 0.7451172
vn 0.4506836 0.1427002 0.88134766
vn -0.47851562 -0.23962402 -0.84472656
vn -0.47851562 -0.23950195 -0.84472656
vn -0.48291016 -0.23657227 -0.8432617
vn -0.47827148 -0.23950195 -0.84521484
vn -0.44311523 -0.21057129 -0.87158203
vn -0.4428711 -0.21057129 -0.87158203
vn -0.44311523 -0.2109375 -0.87109375
vn 0.52490234 0.15759277 -0.8364258
vn 0.52490234 0.15722656 -0.8364258
vn 0.5205078 0.23913574 -0.8198242
vn 0.52490234 0.15795898 -0.8364258
vn 0.72509766 0.28344727 0.6274414
vn 0.72509766 0.28271484 0.6279297
vn 0.72509766 0.28271484 0.6279297
vn 0.72558594 0.28198242 0.6274414
vn 0.6533203 -0.57470703 0.49291992
vn 0.6533203 -0.57470703 0.49291992
vn 0.6533203 -0.57470703 0.49267578
vn 0.6533203 -0.57470703 0.49291992
vn 0.84375 0.19873047 0.49853516
vn 0.84375 0.19836426 0.4987793
vn 0.84375 0.19873047 0.4987793
vn 0.8935547 0.11022949 0.43530273
vn 0.8754883 0.119018555 0.46826172
vn 0.8754883 0.118652344 0.46826172
vn 0.8510742 -0.09307861 0.51660156
vn 0.79296875 0.28710938 0.53759766
vn 0.79296875 0.28637695 0.53808594
vn 0.6586914 0.5097656 0.55371094
vn 0.79296875 0.28637695 0.53808594
vn 0.6557617 -0.57666016 0.4868164
vn 0.6557617 -0.57666016 0.4868164
vn 0.73535156 -0.5517578 0.3930664
vn 0.6557617 -0.57714844 0.48657227
vn -0.15490723 -0.98291016 0.099731445
vn -0.15478516 -0.98291016 0.09979248
vn 0.41308594 -0.6586914 0.62890625
vn -0.15490723 -0.98291016 0.09991455
vn -0.21948242 -0.97314453 0.06903076
vn -0.21923828 -0.97314453 0.06903076
vn -0.1986084 -0.96533203 0.17004395
vn -0.21948242 -0.97314453 0.068725586
vn 0.59375 -0.71728516 0.36450195
vn 0.5942383 -0.7167969 0.3647461
vn 0.58447266 -0.7573242 0.29052734
vn 0.59375 -0.71728516 0.3647461
vn 0.6015625 -0.71972656 0.34594727
vn 0.6220703 -0.7104492 0.3293457
vn -0.18579102 -0.36572266 0.9121094
vn -0.18579102 -0.36547852 0.9121094
vn -0.27392578 -0.328125 0.9038086
vn -0.18579102 -0.36547852 0.9121094
vn 0.73828125 -0.4868164 0.46728516
vn 0.73828125 -0.48657227 0.46704102
vn 0.73828125 -0.4868164 0.46728516
vn 0.73779297 -0.4868164 0.46728516
vn 0.39282227 -0.86572266 0.31030273
vn 0.39282227 -0.86572266 0.31054688
vn 0.3930664 -0.89501953 0.21118164
vn 0.39282227 -0.86572266 0.31030273
vn 0.65478516 -0.47216797 0.58984375
vn 0.65478516 -0.47216797 0.58984375
vn 0.7607422 -0.3491211 0.5473633
vn 0.65478516 -0.47216797 0.58984375
vn 0.7788086 -0.16247559 0.60595703
vn 0.7788086 -0.16174316 0.60595703
vn 0.8354492 0.036621094 0.54833984
vn 0.7788086 -0.16247559 0.60595703
vn 0.65625 -0.69140625 0.30200195
vn 0.65625 -0.69140625 0.3022461
vn 0.609375 -0.7290039 0.3112793
vn 0.6557617 -0.69189453 0.3017578
vn 0.7910156 0.25146484 0.55810547
vn 0.7910156 0.25146484 0.55810547
vn 0.7504883 0.50390625 0.42797852
vn 0.7910156 0.25146484 0.55810547
vn 0.64941406 -0.34570312 0.6777344
vn 0.64941406 -0.34594727 0.6772461
vn 0.66845703 -0.33325195 0.6645508
vn 0.64941406 -0.34545898 0.6772461
vn 0.9140625 -0.34643555 0.21057129
vn 0.9140625 -0.34570312 0.21130371
vn 0.7392578 -0.5410156 0.4008789
vn 0.9140625 -0.34570312 0.21130371
vn 0.73046875 -0.6508789 0.20776367
vn 0.73046875 -0.6508789 0.20751953
vn 0.6225586 -0.7373047 0.2614746
vn 0.73046875 -0.6508789 0.20751953
vn -0.18920898 -0.28271484 0.9404297
vn -0.1895752 -0.28271484 0.9404297
vn -0.45581055 -0.11517334 0.8828125
vn -0.1895752 -0.28295898 0.9404297
vn 0.63720703 -0.6845703 0.3544922
vn 0.63671875 -0.6845703 0.3544922
vn 0.62353516 -0.6953125 0.35742188
vn 0.63720703 -0.6845703 0.35424805
vn 0.6665039 -0.5083008 0.5449219
vn 0.6665039 -0.50927734 0.5444336
vn 0.59472656 -0.5654297 0.57128906
vn 0.6665039 -0.5083008 0.5449219
vn 0.46972656 -0.85058594 0.23571777
vn 0.46972656 -0.85058594 0.23571777
vn 0.46166992 -0.8798828 0.11065674
vn 0.46948242 -0.8510742 0.23571777
vn -0.33911133 -0.35205078 0.8725586
vn -0.33911133 -0.3515625 0.8725586
vn -0.25097656 -0.5834961 0.77246094
vn -0.3388672 -0.35180664 0.8725586
vn -0.040618896 -0.5571289 0.82910156
vn -0.040618896 -0.5571289 0.82958984
vn -0.16418457 -0.39941406 0.90185547
vn -0.04043579 -0.5571289 0.82910156
vn -0.023269653 -0.54833984 0.8359375
vn 0.23303223 -0.5913086 0.77197266
vn 0.75097656 0.038146973 0.6591797
vn 0.75097656 0.037384033 0.6591797
vn 0.7788086 -0.30395508 0.54833984
vn 0.75097656 0.037750244 0.6591797
vn 0.75390625 -0.65478516 -0.05340576
vn 0.75390625 -0.65478516 -0.05340576
vn 0.69384766 -0.72021484 -0.00667572
vn 0.75390625 -0.65527344 -0.05319214
vn 0.68310547 -0.72998047 -0.032226562
vn 0.68310547 -0.72998047 -0.032226562
vn 0.68310547 -0.72998047 -0.032043457
vn -0.3708496 -0.18847656 0.9091797
vn -0.3708496 -0.18847656 0.9091797
vn -0.06829834 -0.28881836 0.9550781
vn -0.3708496 -0.18811035 0.9091797
vn -0.47753906 -0.24987793 0.84228516
vn -0.47753906 -0.24987793 0.84228516
vn -0.46948242 -0.25170898 0.8461914
vn -0.4777832 -0.24987793 0.84228516
vn -0.4934082 -0.2541504 0.83203125
vn -0.4934082 -0.2541504 0.83203125
vn -0.5473633 -0.5253906 0.6513672
vn -0.5473633 -0.5253906 0.6513672
vn -0.6640625 -0.54296875 0.51416016
vn -0.5473633 -0.5253906 0.6513672
vn 0.7470703 -0.28588867 0.60009766
vn 0.7470703 -0.28637695 0.5996094
vn 0.578125 -0.7910156 0.20080566
vn 0.7470703 -0.2861328 0.5996094
vn -0.14440918 -0.088134766 0.98535156
vn -0.14440918 -0.088134766 0.98535156
vn -0.14465332 -0.088134766 0.98535156
vn -0.14416504 -0.087768555 0.98583984
vn 0.49291992 -0.8071289 0.32421875
vn 0.49316406 -0.8071289 0.3244629
vn 0.5810547 -0.77978516 0.23205566
vn 0.49291992 -0.8076172 0.32421875
vn -0.54248047 0.8388672 -0.040618896
vn -0.54248047 0.8388672 -0.04043579
vn -0.94433594 0.32128906 0.06774902
vn -0.54248047 0.8388672 -0.040618896
vn -0.4465332 0.8925781 -0.059783936
vn -0.4465332 0.8930664 -0.059692383
vn -0.4465332 0.8925781 -0.0597229
vn 0.04815674 0.9506836 0.30688477
vn 0.04824829 0.9506836 0.30664062
vn 0.048065186 0.9506836 0.30664062
vn 0.020126343 0.9536133 0.30029297
vn 0.017456055 0.9536133 0.2998047
vn -0.43066406 0.89208984 0.13757324
vn -0.43066406 0.89208984 0.13745117
vn -0.4958496 0.8598633 0.12243652
vn -0.43041992 0.89208984 0.1373291
vn -0.26586914 0.9296875 0.25463867
vn -0.26586914 0.9296875 0.25463867
vn -0.5214844 0.84814453 0.09631348
vn -0.26611328 0.9296875 0.25512695
vn 0.3984375 0.86865234 0.2939453
vn 0.3984375 0.86865234 0.2939453
vn 0.3984375 0.86865234 0.2939453
vn -0.76904297 0.63916016 0.010299683
vn -0.76904297 0.63916016 0.0104904175
vn -0.92529297 0.37451172 -0.058929443
vn -0.76904297 0.63916016 0.010299683
vn -0.17004395 0.025939941 -0.9848633
vn -0.17016602 0.025939941 -0.9848633
vn -0.17016602 0.025939941 -0.9848633
vn -0.17016602 0.025909424 -0.9848633
vn -0.17016602 0.025848389 -0.9848633
vn -0.17016602 0.025909424 -0.9848633
vn -0.1697998 0.025848389 -0.98535156
vn -0.17016602 0.025848389 -0.9848633
vn -0.17016602 0.025939941 -0.9848633
vn -0.17016602 0.025939941 -0.9848633
vn -0.17016602 0.025848389 -0.9848633
vn -0.17016602 0.025894165 -0.9848633
vn -0.17016602 0.025939941 -0.9848633
vn -0.17016602 0.025939941 -0.9848633
vn -0.17016602 0.025894165 -0.9848633
vn -0.17016602 0.025939941 -0.9848633
vn -0.17016602 0.025939941 -0.9848633
vn -0.17016602 0.025756836 -0.9848633
vn 0.35839844 -0.6166992 -0.7011719
vn 0.35839844 -0.6166992 -0.7011719
vn 0.3581543 -0.6166992 -0.7011719
vn 0.35839844 -0.6166992 -0.7011719
vn 0.11645508 -0.74072266 -0.6616211
vn 0.11645508 -0.74072266 -0.6616211
vn 0.11627197 -0.7397461 -0.66308594
vn 0.11645508 -0.74072266 -0.6616211
vn -0.15234375 -0.77490234 -0.61376953
vn -0.15234375 -0.77490234 -0.61376953
vn -0.15197754 -0.77246094 -0.6166992
vn -0.15234375 -0.77490234 -0.61376953
vn -0.41601562 -0.7128906 -0.5649414
vn -0.41601562 -0.7128906 -0.5649414
vn -0.4152832 -0.7114258 -0.56689453
vn -0.41601562 -0.7128906 -0.5649414
vn -0.6425781 -0.5625 -0.52001953
vn -0.6425781 -0.5625 -0.52001953
vn -0.64160156 -0.5620117 -0.52197266
vn -0.6425781 -0.5625 -0.52001953
vn -0.8051758 -0.34204102 -0.48461914
vn -0.8051758 -0.34204102 -0.48461914
vn -0.8041992 -0.34179688 -0.48632812
vn -0.8051758 -0.34204102 -0.48461914
vn -0.88427734 -0.07720947 -0.46020508
vn -0.88427734 -0.07727051 -0.46020508
vn -0.8823242 -0.077819824 -0.46435547
vn -0.88427734 -0.07720947 -0.46020508
vn -0.87060547 0.20092773 -0.4494629
vn -0.87060547 0.2010498 -0.4494629
vn -0.8676758 0.1986084 -0.45581055
vn -0.87060547 0.2010498 -0.4494629
vn -0.76220703 0.45703125 -0.45874023
vn -0.76220703 0.45703125 -0.45874023
vn -0.76123047 0.45581055 -0.4609375
vn -0.76220703 0.45703125 -0.45874023
vn -0.5727539 0.6611328 -0.48461914
vn -0.5727539 0.6611328 -0.48461914
vn -0.5727539 0.66064453 -0.48535156
vn -0.5727539 0.6611328 -0.48461914
vn -0.32641602 0.7866211 -0.52441406
vn -0.32641602 0.7866211 -0.52441406
vn -0.32641602 0.7871094 -0.5229492
vn -0.32641602 0.7866211 -0.52441406
vn -0.053344727 0.8178711 -0.5727539
vn -0.053375244 0.8178711 -0.5727539
vn -0.0519104 0.8203125 -0.5698242
vn -0.053375244 0.8178711 -0.5727539
vn 0.21228027 0.7519531 -0.62402344
vn 0.21228027 0.7519531 -0.62402344
vn 0.21520996 0.75439453 -0.6201172
vn 0.21228027 0.7519531 -0.62402344
vn 0.43823242 0.59765625 -0.6713867
vn 0.43823242 0.59765625 -0.6713867
vn 0.44213867 0.5991211 -0.66748047
vn 0.43823242 0.59765625 -0.6713867
vn 0.59814453 0.37451172 -0.7084961
vn 0.59814453 0.37451172 -0.7084961
vn 0.6015625 0.37475586 -0.7055664
vn 0.59814453 0.37451172 -0.7084961
vn 0.6723633 0.10974121 -0.7319336
vn 0.67285156 0.10974121 -0.7319336
vn 0.67578125 0.109069824 -0.7290039
vn 0.67285156 0.10974121 -0.7319336
vn 0.6538086 -0.16479492 -0.73828125
vn 0.6538086 -0.16479492 -0.73828125
vn 0.6557617 -0.16589355 -0.7363281
vn 0.6538086 -0.16479492 -0.73828125
vn 0.5449219 -0.4169922 -0.72753906
vn 0.5449219 -0.4169922 -0.72753906
vn 0.54541016 -0.41748047 -0.7270508
vn 0.5449219 -0.4169922 -0.72753906
vn 0.068359375 0.9951172 0.068847656
vn 0.06842041 0.9951172 0.068847656
vn 0.07183838 0.9951172 0.065979004
vn 0.06842041 0.9951172 0.068847656
vn -0.2692871 0.95410156 0.13244629
vn -0.2692871 0.95410156 0.13256836
vn -0.2524414 0.95996094 0.12225342
vn -0.2692871 0.95410156 0.13244629
vn -0.57666016 0.7988281 0.17089844
vn -0.57666016 0.7988281 0.17102051
vn -0.5673828 0.8051758 0.17285156
vn -0.57666016 0.7988281 0.17102051
vn -0.83496094 0.5126953 0.20092773
vn -0.83496094 0.51220703 0.20080566
vn -0.83496094 0.51220703 0.20080566
vn -0.81152344 0.546875 0.20629883
vn -0.81152344 0.546875 0.20629883
vn -0.95654297 0.23083496 0.17712402
vn -0.95654297 0.23095703 0.17712402
vn -0.9355469 0.29052734 0.20178223
vn -0.95654297 0.23083496 0.17712402
vn -0.9785156 -0.11633301 0.16955566
vn -0.9785156 -0.11633301 0.1694336
vn -0.9765625 -0.14929199 0.15356445
vn -0.9785156 -0.11639404 0.16955566
vn -0.8828125 -0.44921875 0.13659668
vn -0.8828125 -0.4494629 0.13659668
vn -0.87841797 -0.46044922 0.12878418
vn -0.8828125 -0.4494629 0.13659668
vn -0.6816406 -0.7270508 0.081848145
vn -0.6816406 -0.7270508 0.081848145
vn -0.67626953 -0.7319336 0.083740234
vn -0.6816406 -0.7270508 0.081848145
vn -0.39501953 -0.91796875 0.035858154
vn -0.39501953 -0.91796875 0.0357666
vn -0.37109375 -0.92822266 0.014305115
vn -0.39526367 -0.91796875 0.0357666
vn -0.06555176 -0.9970703 -0.04043579
vn -0.06555176 -0.9970703 -0.04043579
vn -0.079589844 -0.99560547 -0.04425049
vn -0.06561279 -0.9970703 -0.04043579
vn 0.27294922 -0.9560547 -0.1081543
vn 0.27294922 -0.9560547 -0.1081543
vn 0.27246094 -0.9560547 -0.10772705
vn 0.27319336 -0.9560547 -0.1081543
vn 0.5800781 -0.7998047 -0.15368652
vn 0.5800781 -0.7998047 -0.15356445
vn 0.57128906 -0.80566406 -0.15795898
vn 0.5800781 -0.7998047 -0.15368652
vn 0.8154297 -0.546875 -0.19091797
vn 0.8154297 -0.546875 -0.1907959
vn 0.81347656 -0.5498047 -0.18847656
vn 0.8154297 -0.546875 -0.1907959
vn 0.953125 -0.22766113 -0.19909668
vn 0.953125 -0.22766113 -0.19909668
vn 0.9526367 -0.23144531 -0.19702148
vn 0.953125 -0.22766113 -0.19909668
vn 0.9760742 0.11883545 -0.18188477
vn 0.9760742 0.11883545 -0.18188477
vn 0.9765625 0.116882324 -0.18066406
vn 0.9760742 0.11883545 -0.18188477
vn 0.8808594 0.45117188 -0.14343262
vn 0.8808594 0.45117188 -0.14343262
vn 0.88378906 0.44677734 -0.14074707
vn 0.8808594 0.45117188 -0.14343262
vn 0.6801758 0.7285156 -0.0814209
vn 0.6801758 0.7285156 -0.0814209
vn 0.6801758 0.7285156 -0.0814209
vn 0.6801758 0.7285156 -0.0814209
vn 0.39794922 0.91748047 -0.0062942505
vn 0.39794922 0.91748047 -0.006389618
vn 0.39648438 0.91796875 -0.006866455
vn 0.39794922 0.91748047 -0.006389618
vn 0.30908203 -0.19189453 0.9316406
vn 0.3088379 -0.19189453 0.9316406
vn 0.40039062 0.3154297 0.86035156
vn 0.3088379 -0.19189453 0.9316406
vn 0.31054688 -0.021774292 0.9501953
vn 0.31030273 -0.021743774 0.9501953
vn 0.31762695 -0.092041016 0.94384766
vn 0.31054688 -0.021743774 0.9501953
vn 0.22277832 0.08026123 0.9716797
vn 0.22277832 0.080322266 0.9716797
vn 0.26049805 -0.43798828 0.86035156
vn 0.22277832 0.080322266 0.9716797
vn 0.23486328 -0.18981934 0.953125
vn 0.23486328 -0.18981934 0.953125
vn 0.21850586 -0.015823364 0.97558594
vn 0.23474121 -0.18981934 0.953125
vn 0.18518066 0.24743652 0.9511719
vn 0.18530273 0.24719238 0.9511719
vn 0.18530273 0.24719238 0.9511719
vn 0.60791016 -0.72265625 0.3293457
vn 0.60791016 -0.72265625 0.32910156
vn 0.60791016 -0.72265625 0.3293457
vn 0.609375 -0.7084961 0.3564453
vn 0.87597656 0.3071289 0.3725586
vn 0.87597656 0.3071289 0.3725586
vn 0.89697266 0.38305664 0.22094727
vn 0.8754883 0.3071289 0.3725586
vn -0.109191895 0.94091797 0.32104492
vn -0.109436035 0.94091797 0.32080078
vn -0.0869751 0.91748047 0.38793945
vn -0.109069824 0.94091797 0.32080078
vn -0.9785156 -0.08428955 -0.18847656
vn -0.9785156 -0.084472656 -0.18847656
vn -0.98046875 -0.071899414 -0.18249512
vn -0.9785156 -0.084106445 -0.18847656
vn 0.07019043 0.97998047 -0.18603516
vn 0.070373535 0.97998047 -0.18603516
vn 0.21166992 0.8510742 -0.48046875
vn 0.07080078 0.97998047 -0.18603516
vn -0.97753906 -0.09057617 0.19091797
vn -0.97753906 -0.09069824 0.19091797
vn -0.95458984 -0.107788086 0.2770996
vn -0.97753906 -0.09069824 0.19091797
vn -0.43652344 0.8232422 -0.3630371
vn -0.43652344 0.8232422 -0.3630371
vn -0.53125 0.80322266 -0.2692871
vn -0.43652344 0.8232422 -0.3630371
vn -0.9711914 -0.017745972 -0.23754883
vn -0.9711914 -0.017547607 -0.23754883
vn -0.8652344 0.30810547 -0.3955078
vn -0.9711914 -0.017745972 -0.23754883
vn 0.7714844 0.60791016 0.18713379
vn 0.7714844 0.60839844 0.18713379
vn 0.9160156 0.35766602 0.18237305
vn 0.7714844 0.60839844 0.18713379
vn -0.093811035 0.9589844 0.26782227
vn -0.094177246 0.9589844 0.26782227
vn 0.08581543 0.59228516 0.80126953
vn -0.09423828 0.9589844 0.26782227
vn -0.3046875 0.79589844 0.5229492
vn -0.30493164 0.7963867 0.52246094
vn -0.026138306 0.6020508 0.79785156
vn -0.30493164 0.7963867 0.52246094
vn -0.9946289 -0.09576416 0.03729248
vn -0.9946289 -0.095581055 0.03729248
vn -0.9941406 -0.09918213 0.047698975
vn -0.9946289 -0.095703125 0.037200928
vn 0.90966797 0.3425293 -0.23498535
vn 0.90966797 0.34277344 -0.23498535
vn 0.90234375 0.30859375 -0.3010254
vn 0.90966797 0.3425293 -0.23498535
vn 0.8618164 0.31030273 -0.4008789
vn 0.8618164 0.31030273 -0.4008789
vn 0.8803711 0.30151367 -0.36669922
vn 0.8618164 0.31030273 -0.4008789
vn 0.40429688 -0.9082031 0.107666016
vn 0.40429688 -0.9082031 0.107543945
vn 0.41845703 -0.8876953 0.19238281
vn 0.40429688 -0.9082031 0.107666016
vn -0.78466797 -0.6064453 0.12719727
vn -0.78515625 -0.6064453 0.1270752
vn -0.94873047 -0.31079102 -0.056427002
vn -0.78515625 -0.6064453 0.12719727
vn 0.5683594 -0.7783203 -0.26733398
vn 0.5673828 -0.7788086 -0.26757812
vn 0.5654297 -0.79248047 -0.22851562
vn 0.5673828 -0.7788086 -0.26733398
vn -0.91845703 -0.34936523 0.18664551
vn -0.91845703 -0.3491211 0.18652344
vn -0.91845703 -0.3491211 0.18664551
vn -0.86816406 -0.30371094 0.39233398
vn -0.84033203 -0.42236328 0.33935547
vn 0.45581055 -0.8769531 0.15344238
vn 0.4555664 -0.8769531 0.15344238
vn 0.5883789 -0.8046875 0.07678223
vn 0.45581055 -0.8769531 0.15356445
vn -0.58447266 -0.80615234 0.08911133
vn -0.58447266 -0.80615234 0.08905029
vn -0.36010742 -0.9321289 0.031188965
vn -0.58496094 -0.80615234 0.08905029
vn 0.94921875 -0.3125 0.03302002
vn 0.94921875 -0.31225586 0.032989502
vn 0.9765625 -0.2142334 0.013389587
vn 0.94921875 -0.3125 0.033050537
vn 0.45629883 -0.8261719 0.33032227
vn 0.4560547 -0.8261719 0.33032227
vn 0.4560547 -0.8261719 0.33032227
vn 0.43798828 -0.83935547 0.3215332
vn 0.4621582 -0.7832031 0.41625977
vn 0.46191406 -0.7832031 0.41625977
vn 0.4621582 -0.7832031 0.41625977
vn 0.46142578 -0.79052734 0.40307617
vn 0.44482422 -0.8955078 -0.004673004
vn -0.9375 -0.3479004 0.000667572
vn -0.9375 -0.3479004 0.000667572
vn -0.9375 -0.3479004 0.000667572
vn -0.9394531 -0.33618164 0.06542969
vn -0.87109375 -0.4790039 0.1083374
vn -0.9116211 -0.4013672 0.08886719
vn -0.87109375 -0.4790039 0.1083374
vn -0.87109375 -0.47875977 0.1083374
vn 0.90527344 0.17883301 -0.38549805
vn 0.90527344 0.17895508 -0.3857422
vn 0.9326172 0.068847656 -0.3540039
vn 0.90527344 0.17895508 -0.38549805
vn 0.8964844 0.17590332 -0.40649414
vn 0.8964844 0.17565918 -0.40625
vn 0.8964844 0.17578125 -0.40649414
vn 0.93652344 0.22241211 -0.27026367
vn 0.91308594 0.22253418 0.34179688
vn -0.42382812 0.78808594 0.4465332
vn -0.42333984 0.78808594 0.44677734
vn -0.28735352 0.7626953 0.57958984
vn -0.42358398 0.78808594 0.4465332
vn 0.44311523 -0.89404297 -0.06463623
vn 0.44262695 -0.89453125 -0.06451416
vn 0.39990234 -0.9160156 -0.028137207
vn 0.44311523 -0.89404297 -0.064453125
vn -0.2548828 -0.04006958 0.9663086
vn -0.2548828 -0.0395813 0.9663086
vn 0.004196167 0.019256592 1
vn -0.2548828 -0.03967285 0.9663086
vn 0.45825195 -0.87060547 0.17932129
vn 0.4584961 -0.87060547 0.17919922
vn 0.45239258 -0.8666992 0.21020508
vn 0.4580078 -0.87060547 0.17883301
vn -0.13891602 0.9345703 0.32739258
vn -0.13867188 0.9345703 0.32739258
vn -0.14074707 0.9355469 0.32421875
vn -0.13806152 0.9345703 0.32739258
vn -0.62402344 0.71435547 0.3161621
vn -0.62402344 0.71484375 0.31591797
vn -0.67285156 0.7006836 0.23730469
vn -0.62402344 0.71484375 0.31591797
vn -0.98535156 0.02279663 0.16821289
vn -0.98535156 0.022705078 0.16784668
vn -0.8178711 0.12573242 0.56152344
vn -0.98535156 0.02279663 0.16784668
vn -0.8310547 -0.47924805 0.28271484
vn -0.8310547 -0.47924805 0.28222656
vn -0.80810547 -0.41357422 0.41992188
vn -0.8310547 -0.47924805 0.28271484
vn -0.34887695 0.6845703 0.63964844
vn -0.3491211 0.6850586 0.63964844
vn 0.017547607 0.4868164 0.8730469
vn -0.34887695 0.6850586 0.63964844
vn 0.091918945 0.20117188 0.97509766
vn 0.09173584 0.20141602 0.97509766
vn 0.09197998 0.20129395 0.97509766
vn 0.06121826 0.1685791 0.9838867
vn -0.9760742 -0.10662842 -0.19006348
vn -0.9760742 -0.10668945 -0.1899414
vn -1 0.015975952 0.012466431
vn -0.9760742 -0.10681152 -0.1899414
vn -0.9453125 -0.32641602 0.009780884
vn -0.9453125 -0.32641602 0.009773254
vn -0.94921875 -0.29882812 0.09881592
vn -0.9453125 -0.32641602 0.009773254
vn -0.012397766 0.0059127808 -1
vn -0.012397766 0.0059127808 -1
vn -0.012397766 0.0059127808 -1
vn -0.012397766 0.0059127808 -1
vn -0.012397766 0.0059127808 -1
vn -0.012207031 0.0059127808 -1
vn -0.012397766 0.0059127808 -1
vn -0.012397766 0.0059127808 -1
vn -0.012397766 0.0059127808 -1
vn -0.012207031 0.005722046 -1
vn -0.012397766 0.005722046 -1
vn -0.012397766 0.0059127808 -1
vn -0.012397766 0.005722046 -1
vn -0.012397766 0.0061035156 -1
vn 0.025650024 0.9873047 0.15795898
vn 0.35473633 0.9223633 0.15246582
vn -0.086120605 0.97216797 0.21887207
vn 0.3310547 0.93115234 0.15356445
vn -0.90966797 0.41381836 0.037139893
vn -0.90966797 0.41381836 0.037109375
vn -0.9189453 0.3918457 0.03842163
vn -0.90966797 0.41381836 0.037139893
vn 0.1821289 0.02609253 0.98291016
vn 0.18261719 0.01096344 0.98291016
vn 0.18237305 0.015167236 0.98291016
vn 0.13354492 -0.004886627 0.99121094
vn 0.11828613 0.023086548 0.9926758
vn 0.11810303 0.014022827 0.9926758
vn 0.21032715 -0.0058174133 0.97753906
vn 0.09906006 0.9838867 0.14916992
vn 0.07409668 0.98583984 0.15039062
vn 0.121398926 0.9824219 0.14013672
vn 0.09918213 0.9838867 0.14916992
vn 0.78271484 0.08203125 0.6166992
vn 0.7705078 -0.109069824 0.6279297
vn 0.48950195 0.009544373 0.8720703
vn 0.7783203 -0.043548584 0.62646484
vn 0.1899414 -0.97802734 0.0871582
vn 0.19018555 -0.97802734 0.0871582
vn 0.15661621 -0.98291016 0.09490967
vn 0.1899414 -0.97802734 0.0871582
vn -0.91064453 -0.4111328 0.036132812
vn -0.91064453 -0.41137695 0.036132812
vn -0.8955078 -0.44384766 0.034729004
vn -0.91064453 -0.41137695 0.036132812
vn -0.12573242 -0.98779297 0.09161377
vn -0.12573242 -0.98779297 0.091552734
vn -0.11541748 -0.9897461 0.08685303
vn -0.12573242 -0.98779297 0.091552734
vn 0.7763672 -0.009437561 0.6303711
vn 0.77197266 0.061401367 0.6323242
vn 0.7709961 0.12854004 0.62402344
vn 0.7763672 -0.009536743 0.6303711
vn 0.06021118 0.009361267 0.9980469
vn 0.060272217 0.009346008 0.9980469
vn -0.94433594 -0.15673828 0.28979492
vn 0.0602417 0.009384155 0.9980469
vn 0.97314453 -0.23071289 0
vn 0.99365234 0.10986328 -0.011634827
vn 0.9868164 -0.016784668 0.16223145
vn 0.99853516 -0.053649902 -0.0061454773
vn 0.99560547 -0.010681152 -0.09185791
vn 0.98095703 0.16723633 -0.09832764
vn 0.99902344 -0.038757324 0
vn 0.99560547 -0.0105896 -0.09185791
vn -0.97265625 0.23156738 0.01159668
vn -0.97265625 0.23156738 0.011634827
vn -0.9746094 0.2241211 0
vn -0.97265625 0.23156738 0.011634827
vn -0.9902344 -0.140625 0
vn -0.9902344 -0.140625 0
vn -0.99072266 -0.1373291 0.0060768127
vn -0.9902344 -0.140625 0
vn -0.012397766 0.0059127808 -1
vn -0 0 -1
vn -0 0 -1
vn -0 0 -1
vn -0 0 -1
vn -0 0 -1
vn -0 0 -1
vn -0 0 -1
vn -0 0 -1
vn -0 0 -1
vn -0.91064453 0.3178711 -0.26416016
vn -0.91064453 0.3178711 -0.26416016
vn -0.91064453 0.3178711 -0.26416016
vn -0.89404297 0.3330078 -0.29882812
vn -0.89404297 0.33325195 -0.29882812
vn 0.3762207 0.8964844 0.23352051
vn 0.3762207 0.8964844 0.23352051
vn 0.3762207 0.8964844 0.23352051
vn 0.39013672 0.8925781 0.22583008
vn 0.40893555 0.88427734 0.22497559
vn 0.58203125 0.69140625 0.42797852
vn 0.1586914 0.9746094 0.1586914
vn 0.1586914 0.9746094 0.1586914
vn 0.30029297 0.94189453 0.14904785
vn 0.1586914 0.9746094 0.1586914
vn 0.47558594 0.86621094 0.15283203
vn 0.47558594 0.86621094 0.15283203
vn 0.5307617 0.83740234 0.12976074
vn 0.47558594 0.86621094 0.15283203
vn -0.13232422 0.6040039 0.7861328
vn -0.13232422 0.6040039 0.7861328
vn 0.00076293945 0.84716797 0.5317383
vn -0.13220215 0.6035156 0.7861328
vn -0.21557617 0.9716797 0.09564209
vn -0.21557617 0.9716797 0.095703125
vn -0.09765625 0.9946289 0.030029297
vn -0.21557617 0.9716797 0.09564209
vn 0.09686279 0.89160156 0.44262695
vn 0.09686279 0.89160156 0.44262695
vn 0.28149414 0.51708984 0.80859375
vn 0.09686279 0.89160156 0.44262695
vn 0.26635742 0.9550781 0.1282959
vn 0.26660156 0.9550781 0.1282959
vn 0.2866211 0.9511719 0.11303711
vn 0.26660156 0.9550781 0.1282959
vn -0.96875 0.14221191 -0.20239258
vn -0.96875 0.14221191 -0.20239258
vn -0.9746094 0.1586914 -0.15722656
vn -0.96875 0.14245605 -0.20251465
vn 0.7055664 -0.19689941 0.68066406
vn 0.7055664 -0.19689941 0.68066406
vn 0.73339844 -0.20361328 0.6489258
vn 0.7055664 -0.19702148 0.68066406
vn 0.32958984 -0.13244629 0.9350586
vn 0.3293457 -0.13244629 0.9350586
vn 0.35546875 -0.14489746 0.92333984
vn 0.32958984 -0.13232422 0.9350586
vn -0.10144043 -0.061706543 0.99316406
vn -0.10168457 -0.061676025 0.9926758
vn -0.10583496 -0.064453125 0.9921875
vn -0.10144043 -0.061706543 0.99316406
vn 0.16052246 -0.10430908 0.9814453
vn 0.16052246 -0.10430908 0.9814453
vn 0.15710449 -0.10583496 0.9819336
vn 0.16052246 -0.10430908 0.9814453
vn -0.9082031 -0.4169922 -0.038085938
vn -0.9082031 -0.4169922 -0.03805542
vn -0.99365234 -0.111206055 -0.004486084
vn -0.9082031 -0.41674805 -0.03805542
vn 0.33789062 -0.92871094 0.15332031
vn 0.33789062 -0.92871094 0.15319824
vn 0.3305664 -0.93066406 0.15698242
vn 0.33789062 -0.92871094 0.15319824
vn 0.27392578 -0.95654297 0.09979248
vn 0.27392578 -0.95654297 0.099853516
vn 0.17919922 -0.97802734 0.10644531
vn 0.27392578 -0.95654297 0.099853516
vn 0.6489258 -0.69677734 0.30517578
vn 0.6489258 -0.69677734 0.30517578
vn 0.5810547 -0.8017578 0.13977051
vn 0.6489258 -0.69677734 0.30517578
vn 0.63623047 -0.76660156 0.08862305
vn 0.63623047 -0.76660156 0.08862305
vn 0.61279297 -0.7832031 0.105163574
vn 0.63623047 -0.76660156 0.08862305
vn -0.03488159 -0.8564453 0.5151367
vn -0.03475952 -0.8564453 0.5151367
vn -0.15881348 -0.67285156 0.72265625
vn -0.034729004 -0.8564453 0.5151367
vn -0.10449219 -0.9897461 0.09863281
vn -0.10455322 -0.9897461 0.09869385
vn -0.074401855 -0.9941406 0.0791626
vn -0.10467529 -0.9897461 0.09869385
vn 0.30688477 -0.60546875 0.734375
vn 0.30688477 -0.60546875 0.734375
vn 0.010253906 -0.9477539 0.3190918
vn 0.30688477 -0.60546875 0.734375
vn 0.21948242 -0.97216797 0.0847168
vn 0.21948242 -0.97216797 0.0847168
vn 0.21459961 -0.97265625 0.08734131
vn 0.21936035 -0.97216797 0.08465576
vn -0.9794922 -0.13427734 -0.15039062
vn -0.9794922 -0.13415527 -0.15039062
vn -0.9770508 -0.17358398 0.12322998
vn -0.9794922 -0.13415527 -0.15039062
vn 0.7651367 0.14648438 0.6274414
vn 0.7651367 0.14648438 0.6274414
vn 0.74072266 0.14367676 0.6567383
vn 0.7651367 0.14648438 0.6274414
vn 0.3942871 0.1270752 0.91015625
vn 0.3942871 0.12719727 0.91015625
vn 0.3942871 0.12719727 0.91015625
vn 0.22619629 0.07574463 0.9711914
vn 0.1887207 0.09307861 0.97753906
vn 0.1887207 0.09289551 0.97753906
vn 0.18884277 0.09295654 0.97753906
vn -0.08850098 0.043670654 0.9951172
vn -0.08850098 0.043640137 0.9951172
vn -0.13989258 0.059326172 0.98828125
vn -0.08831787 0.043670654 0.9951172
vn 0.97314453 -0.23034668 0
vn 0.97314453 -0.23034668 0
vn 0.9746094 -0.2241211 -0.010383606
vn 0.97314453 -0.23034668 0
vn 0.9897461 0.14123535 -0.0064888
vn 0.9897461 0.14111328 -0.0064849854
vn 0.99072266 0.1373291 0
vn 0.9897461 0.14111328 -0.0064849854
vn -0.93115234 0.15161133 -0.33129883
vn -0.93115234 0.1517334 -0.33129883
vn -0.93603516 0.33081055 -0.119262695
vn -0.93115234 0.1517334 -0.33129883
vn -0.98291016 -0.13427734 -0.12597656
vn -0.98291016 -0.13439941 -0.12597656
vn -0.9892578 -0.11804199 -0.08843994
vn -0.98291016 -0.13439941 -0.12597656
vn -0 0 -1
vn -0 0 -1
vn -0 0 -1
vn -0 0 -1
vn -0 0 -1
vn -0 0 -1
vn -0 0 -1
vn -0 0 -1
vn -0 0 -1
vn -0 0 -1
vn -0 0 -1
vn -0 0 -1
vn -0 0 -1
vn -0 0 -1
vn -0.36279297 -0.9199219 0.14904785
vn -0.36279297 -0.9199219 0.14916992
vn -0.45092773 -0.8730469 0.1850586
vn -0.36279297 -0.9199219 0.14916992
vn 0.12322998 -0.56152344 0.8183594
vn 0.123413086 -0.56152344 0.8183594
vn 0.058563232 -0.4807129 0.875
vn 0.12359619 -0.56152344 0.8183594
vn 0.9370117 -0.28466797 0.20178223
vn 0.9370117 -0.2849121 0.20166016
vn 0.9370117 -0.28466797 0.20178223
vn 0.96777344 -0.19970703 0.15209961
vn 0.9667969 -0.20385742 0.1529541
vn 0.9711914 -0.15942383 0.17590332
vn 0.9711914 -0.15966797 0.17590332
vn -0.91015625 -0.38208008 0.16040039
vn -0.91015625 -0.38208008 0.16040039
vn -0.9291992 -0.28076172 0.24047852
vn -0.91015625 -0.38208008 0.16040039
vn 0.23400879 -0.95703125 0.17028809
vn 0.23425293 -0.95703125 0.17041016
vn 0.2355957 -0.95654297 0.17248535
vn 0.23425293 -0.95703125 0.17041016
vn -0.6738281 -0.73828125 0.022521973
vn -0.6738281 -0.73876953 0.022506714
vn -0.77978516 -0.6245117 0.038909912
vn -0.6738281 -0.73876953 0.022506714
vn 0.0423584 -0.6166992 0.7861328
vn 0.04232788 -0.6171875 0.78564453
vn 0.038513184 -0.61572266 0.7871094
vn 0.04272461 -0.6171875 0.78564453
vn -0.4675293 -0.3215332 0.8232422
vn -0.46728516 -0.3215332 0.8232422
vn -0.46728516 -0.3215332 0.82373047
vn 0.45336914 -0.8647461 0.21606445
vn 0.453125 -0.8647461 0.21606445
vn 0.6611328 -0.7265625 0.18579102
vn 0.45361328 -0.8647461 0.21606445
vn 0.22949219 -0.95996094 0.15979004
vn 0.22924805 -0.95996094 0.15979004
vn 0.062927246 -0.953125 0.29638672
vn 0.22961426 -0.95996094 0.15966797
vn 0.3371582 -0.89404297 0.29467773
vn 0.33740234 -0.89404297 0.2944336
vn 0.359375 -0.8696289 0.33862305
vn 0.33740234 -0.89404297 0.29467773
vn 0.26000977 -0.59375 0.76171875
vn 0.26000977 -0.5932617 0.76171875
vn -0.29052734 -0.46044922 0.8388672
vn 0.26000977 -0.5932617 0.76171875
vn 0.22851562 -0.9560547 0.18395996
vn 0.22851562 -0.9560547 0.18395996
vn 0.2536621 -0.95410156 0.15795898
vn 0.22839355 -0.9560547 0.18395996
vn -0.35742188 0.9316406 0.068115234
vn -0.35766602 0.93115234 0.068115234
vn -0.33032227 0.9433594 0.03186035
vn -0.35717773 0.9316406 0.068115234
vn -0.17834473 0.18273926 0.9667969
vn -0.17895508 0.18249512 0.9667969
vn 0.037384033 0.062561035 0.9975586
vn -0.17932129 0.18249512 0.9667969
vn 0.90234375 0.26757812 0.3383789
vn 0.90234375 0.26757812 0.3383789
vn 0.7709961 0.35083008 0.5317383
vn 0.90234375 0.26782227 0.3383789
vn 0.9555664 0.27954102 0.09289551
vn 0.9555664 0.27954102 0.09289551
vn 0.9399414 0.34179688 0.0069122314
vn 0.9555664 0.27929688 0.09289551
vn -0.15600586 0.98779297 0.0002861023
vn -0.15600586 0.98779297 0.00019073486
vn -0.23339844 0.97216797 -0.014663696
vn -0.15600586 0.98779297 0.0002861023
vn 0.006866455 0.001335144 -1
vn 0.006866455 0.001335144 -1
vn 0.006866455 0.001335144 -1
vn 0.006866455 0.001335144 -1
vn 0.006866455 0.001335144 -1
vn 0.006866455 0.0013828278 -1
vn 0.006866455 0.001335144 -1
vn 0.006866455 0.001335144 -1
vn 0.006866455 0.001335144 -1
vn 0.006866455 0.001335144 -1
vn 0.006866455 0.001335144 -1
g Hieronymus_rock_02_Destroy_0
f 3/3/3 2/2/2 1/1/1
f 6/6/6 5/5/5 4/4/4
f 9/9/9 8/8/8 7/7/7
f 12/12/12 11/11/11 10/10/10
f 15/15/15 14/14/14 13/13/13
f 18/18/18 17/17/17 16/16/16
f 21/21/21 20/20/20 19/19/19
f 24/24/24 23/23/23 22/22/22
f 27/27/27 26/26/26 25/25/25
f 30/30/30 29/29/29 28/28/28
f 33/33/33 32/32/32 31/31/31
f 36/36/36 35/35/35 34/34/34
f 39/39/39 38/38/38 37/37/37
f 42/42/42 41/41/41 40/40/40
f 45/45/45 44/44/44 43/43/43
f 48/48/48 47/47/47 46/46/46
f 51/51/51 50/50/50 49/49/49
f 50/50/50 53/53/53 52/52/52
f 54/54/54 52/52/52 53/53/53
f 57/57/57 56/56/56 55/55/55
f 55/55/55 59/59/59 58/58/58
f 60/60/60 58/58/58 59/59/59
f 63/63/63 62/62/62 61/61/61
f 66/66/66 65/65/65 64/64/64
f 69/69/69 68/68/68 67/67/67
f 72/72/72 71/71/71 70/70/70
f 75/75/75 74/74/74 73/73/73
f 78/78/78 77/77/77 76/76/76
f 81/81/81 80/80/80 79/79/79
f 84/84/84 83/83/83 82/82/82
f 87/87/87 86/86/86 85/85/85
f 90/90/90 89/89/89 88/88/88
f 93/93/93 92/92/92 91/91/91
f 96/96/96 95/95/95 94/94/94
f 99/99/99 98/98/98 97/97/97
f 102/102/102 101/101/101 100/100/100
f 105/105/105 104/104/104 103/103/103
f 108/108/108 107/107/107 106/106/106
f 111/111/111 110/110/110 109/109/109
f 114/114/114 113/113/113 112/112/112
f 117/117/117 116/116/116 115/115/115
f 120/120/120 119/119/119 118/118/118
f 123/123/123 122/122/122 121/121/121
f 126/126/126 125/125/125 124/124/124
f 129/129/129 128/128/128 127/127/127
f 132/132/132 131/131/131 130/130/130
f 135/135/135 134/134/134 133/133/133
f 138/138/138 137/137/137 136/136/136
f 141/141/141 140/140/140 139/139/139
f 144/144/144 143/143/143 142/142/142
f 147/147/147 146/146/146 145/145/145
f 150/150/150 149/149/149 148/148/148
f 153/153/153 152/152/152 151/151/151
f 156/156/156 155/155/155 154/154/154
f 159/159/159 158/158/158 157/157/157
f 162/162/162 161/161/161 160/160/160
f 165/165/165 164/164/164 163/163/163
f 168/168/168 167/167/167 166/166/166
f 171/171/171 170/170/170 169/169/169
f 174/174/174 173/173/173 172/172/172
f 174/174/174 176/176/176 175/175/175
f 177/177/177 175/175/175 176/176/176
f 180/180/180 179/179/179 178/178/178
f 183/183/183 182/182/182 181/181/181
f 186/186/186 185/185/185 184/184/184
f 189/189/189 188/188/188 187/187/187
f 192/192/192 191/191/191 190/190/190
f 195/195/195 194/194/194 193/193/193
f 198/198/198 197/197/197 196/196/196
f 201/201/201 200/200/200 199/199/199
f 204/204/204 203/203/203 202/202/202
f 207/207/207 206/206/206 205/205/205
f 210/210/210 209/209/209 208/208/208
f 213/213/213 212/212/212 211/211/211
f 216/216/216 215/215/215 214/214/214
f 219/219/219 218/218/218 217/217/217
f 222/222/222 221/221/221 220/220/220
f 225/225/225 224/224/224 223/223/223
f 226/226/226 223/223/223 224/224/224
f 229/229/229 228/228/228 227/227/227
f 230/230/230 227/227/227 228/228/228
f 233/233/233 232/232/232 231/231/231
f 232/232/232 234/234/234 231/231/231
f 234/234/234 235/235/235 231/231/231
f 238/238/238 237/237/237 236/236/236
f 239/239/239 236/236/236 237/237/237
f 242/242/242 241/241/241 240/240/240
f 243/243/243 240/240/240 241/241/241
f 246/246/246 245/245/245 244/244/244
f 247/247/247 244/244/244 245/245/245
f 250/250/250 249/249/249 248/248/248
f 251/251/251 248/248/248 249/249/249
f 254/254/254 253/253/253 252/252/252
f 255/255/255 252/252/252 253/253/253
f 258/258/258 257/257/257 256/256/256
f 259/259/259 256/256/256 257/257/257
f 256/256/256 261/261/261 260/260/260
f 262/262/262 260/260/260 261/261/261
f 265/265/265 264/264/264 263/263/263
f 266/266/266 263/263/263 264/264/264
f 269/269/269 268/268/268 267/267/267
f 270/270/270 267/267/267 268/268/268
f 273/273/273 272/272/272 271/271/271
f 274/274/274 271/271/271 272/272/272
f 277/277/277 276/276/276 275/275/275
f 276/276/276 278/278/278 275/275/275
f 278/278/278 279/279/279 275/275/275
f 280/280/280 279/279/279 278/278/278
f 283/283/283 282/282/282 281/281/281
f 284/284/284 281/281/281 282/282/282
f 287/287/287 286/286/286 285/285/285
f 288/288/288 285/285/285 286/286/286
f 291/291/291 290/290/290 289/289/289
f 292/292/292 289/289/289 290/290/290
f 295/295/295 294/294/294 293/293/293
f 296/296/296 293/293/293 294/294/294
f 299/299/299 298/298/298 297/297/297
f 300/300/300 297/297/297 298/298/298
f 303/303/303 302/302/302 301/301/301
f 304/304/304 301/301/301 302/302/302
f 307/307/307 306/306/306 305/305/305
f 308/308/308 305/305/305 306/306/306
f 311/311/311 310/310/310 309/309/309
f 312/312/312 309/309/309 310/310/310
f 315/315/315 314/314/314 313/313/313
f 314/314/314 316/316/316 313/313/313
f 316/316/316 317/317/317 313/313/313
f 318/318/318 316/316/316 314/314/314
f 319/319/319 316/316/316 318/318/318
f 316/316/316 319/319/319 320/320/320
f 320/320/320 319/319/319 321/321/321
f 322/322/322 321/321/321 319/319/319
f 323/323/323 322/322/322 319/319/319
f 324/324/324 323/323/323 319/319/319
f 325/325/325 322/322/322 323/323/323
f 328/328/328 327/327/327 326/326/326
f 329/329/329 326/326/326 327/327/327
f 327/327/327 330/330/330 329/329/329
f 331/331/331 329/329/329 330/330/330
f 334/334/334 333/333/333 332/332/332
f 335/335/335 332/332/332 333/333/333
f 333/333/333 336/336/336 335/335/335
f 337/337/337 335/335/335 336/336/336
f 340/340/340 339/339/339 338/338/338
f 341/341/341 338/338/338 339/339/339
f 344/344/344 343/343/343 342/342/342
f 345/345/345 342/342/342 343/343/343
f 348/348/348 347/347/347 346/346/346
f 349/349/349 346/346/346 347/347/347
f 352/352/352 351/351/351 350/350/350
f 353/353/353 350/350/350 351/351/351
f 356/356/356 355/355/355 354/354/354
f 357/357/357 354/354/354 355/355/355
f 354/354/354 357/357/357 358/358/358
f 359/359/359 358/358/358 357/357/357
f 362/362/362 361/361/361 360/360/360
f 363/363/363 360/360/360 361/361/361
f 360/360/360 363/363/363 364/364/364
f 365/365/365 364/364/364 363/363/363
f 368/368/368 367/367/367 366/366/366
f 369/369/369 366/366/366 367/367/367
f 370/370/370 366/366/366 369/369/369
f 371/371/371 370/370/370 369/369/369
f 372/372/372 371/371/371 369/369/369
f 375/375/375 374/374/374 373/373/373
f 376/376/376 373/373/373 374/374/374
f 373/373/373 376/376/376 377/377/377
f 378/378/378 377/377/377 376/376/376
f 381/381/381 380/380/380 379/379/379
f 382/382/382 379/379/379 380/380/380
f 382/382/382 380/380/380 383/383/383
f 384/384/384 383/383/383 380/380/380
f 387/387/387 386/386/386 385/385/385
f 388/388/388 385/385/385 386/386/386
f 385/385/385 388/388/388 389/389/389
f 390/390/390 389/389/389 388/388/388
f 393/393/393 392/392/392 391/391/391
f 394/394/394 391/391/391 392/392/392
f 391/391/391 394/394/394 395/395/395
f 396/396/396 395/395/395 394/394/394
f 399/399/399 398/398/398 397/397/397
f 400/400/400 397/397/397 398/398/398
f 400/400/400 398/398/398 401/401/401
f 402/402/402 401/401/401 398/398/398
f 405/405/405 404/404/404 403/403/403
f 406/406/406 403/403/403 404/404/404
f 404/404/404 407/407/407 406/406/406
f 408/408/408 406/406/406 407/407/407
f 411/411/411 410/410/410 409/409/409
f 412/412/412 409/409/409 410/410/410
f 415/415/415 414/414/414 413/413/413
f 416/416/416 413/413/413 414/414/414
f 419/419/419 418/418/418 417/417/417
f 420/420/420 417/417/417 418/418/418
f 422/422/422 420/420/420 421/421/421
f 423/423/423 421/421/421 420/420/420
f 426/426/426 425/425/425 424/424/424
f 427/427/427 424/424/424 425/425/425
f 428/428/428 427/427/427 425/425/425
f 428/428/428 425/425/425 429/429/429
f 430/430/430 429/429/429 425/425/425
f 429/429/429 430/430/430 431/431/431
f 432/432/432 431/431/431 430/430/430
f 435/435/435 434/434/434 433/433/433
f 436/436/436 433/433/433 434/434/434
f 434/434/434 437/437/437 436/436/436
f 438/438/438 436/436/436 437/437/437
f 441/441/441 440/440/440 439/439/439
f 442/442/442 439/439/439 440/440/440
f 445/445/445 444/444/444 443/443/443
f 446/446/446 443/443/443 444/444/444
f 449/449/449 448/448/448 447/447/447
f 450/450/450 447/447/447 448/448/448
f 453/453/453 452/452/452 451/451/451
f 454/454/454 451/451/451 452/452/452
f 457/457/457 456/456/456 455/455/455
f 458/458/458 455/455/455 456/456/456
f 461/461/461 460/460/460 459/459/459
f 462/462/462 459/459/459 460/460/460
f 465/465/465 464/464/464 463/463/463
f 466/466/466 463/463/463 464/464/464
f 463/463/463 468/468/468 467/467/467
f 469/469/469 467/467/467 468/468/468
f 472/472/472 471/471/471 470/470/470
f 473/473/473 470/470/470 471/471/471
f 476/476/476 475/475/475 474/474/474
f 477/477/477 475/475/475 476/476/476
f 480/480/480 479/479/479 478/478/478
f 481/481/481 478/478/478 479/479/479
f 484/484/484 483/483/483 482/482/482
f 485/485/485 482/482/482 483/483/483
f 485/485/485 487/487/487 486/486/486
f 488/488/488 486/486/486 487/487/487
f 491/491/491 490/490/490 489/489/489
f 492/492/492 489/489/489 490/490/490
f 495/495/495 494/494/494 493/493/493
f 496/496/496 493/493/493 494/494/494
f 499/499/499 498/498/498 497/497/497
f 500/500/500 497/497/497 498/498/498
f 503/503/503 502/502/502 501/501/501
f 504/504/504 501/501/501 502/502/502
f 507/507/507 506/506/506 505/505/505
f 508/508/508 505/505/505 506/506/506
f 508/508/508 509/509/509 505/505/505
f 510/510/510 505/505/505 509/509/509
f 513/513/513 512/512/512 511/511/511
f 514/514/514 511/511/511 512/512/512
f 517/517/517 516/516/516 515/515/515
f 518/518/518 516/516/516 517/517/517
f 521/521/521 520/520/520 519/519/519
f 522/522/522 519/519/519 520/520/520
f 525/525/525 524/524/524 523/523/523
f 526/526/526 523/523/523 524/524/524
f 529/529/529 528/528/528 527/527/527
f 530/530/530 527/527/527 528/528/528
f 533/533/533 532/532/532 531/531/531
f 534/534/534 531/531/531 532/532/532
f 537/537/537 536/536/536 535/535/535
f 538/538/538 535/535/535 536/536/536
f 541/541/541 540/540/540 539/539/539
f 542/542/542 539/539/539 540/540/540
f 545/545/545 544/544/544 543/543/543
f 546/546/546 543/543/543 544/544/544
f 549/549/549 548/548/548 547/547/547
f 550/550/550 547/547/547 548/548/548
f 553/553/553 552/552/552 551/551/551
f 554/554/554 551/551/551 552/552/552
f 557/557/557 556/556/556 555/555/555
f 558/558/558 555/555/555 556/556/556
f 561/561/561 560/560/560 559/559/559
f 562/562/562 559/559/559 560/560/560
f 565/565/565 564/564/564 563/563/563
f 566/566/566 563/563/563 564/564/564
f 569/569/569 568/568/568 567/567/567
f 570/570/570 567/567/567 568/568/568
f 573/573/573 572/572/572 571/571/571
f 574/574/574 571/571/571 572/572/572
f 574/574/574 572/572/572 575/575/575
f 576/576/576 575/575/575 572/572/572
f 579/579/579 578/578/578 577/577/577
f 580/580/580 577/577/577 578/578/578
f 583/583/583 582/582/582 581/581/581
f 584/584/584 581/581/581 582/582/582
f 581/581/581 586/586/586 585/585/585
f 587/587/587 585/585/585 586/586/586
f 590/590/590 589/589/589 588/588/588
f 591/591/591 588/588/588 589/589/589
f 594/594/594 593/593/593 592/592/592
f 595/595/595 592/592/592 593/593/593
f 592/592/592 595/595/595 596/596/596
f 597/597/597 596/596/596 595/595/595
f 600/600/600 599/599/599 598/598/598
f 601/601/601 598/598/598 599/599/599
f 604/604/604 603/603/603 602/602/602
f 605/605/605 602/602/602 603/603/603
f 608/608/608 607/607/607 606/606/606
f 609/609/609 606/606/606 607/607/607
f 612/612/612 611/611/611 610/610/610
f 613/613/613 610/610/610 611/611/611
f 616/616/616 615/615/615 614/614/614
f 617/617/617 614/614/614 615/615/615
f 615/615/615 619/619/619 618/618/618
f 620/620/620 618/618/618 619/619/619
f 623/623/623 622/622/622 621/621/621
f 622/622/622 624/624/624 621/621/621
f 624/624/624 625/625/625 621/621/621
f 628/628/628 627/627/627 626/626/626
f 629/629/629 626/626/626 627/627/627
f 632/632/632 631/631/631 630/630/630
f 633/633/633 630/630/630 631/631/631
f 633/633/633 635/635/635 634/634/634
f 636/636/636 634/634/634 635/635/635
f 639/639/639 638/638/638 637/637/637
f 640/640/640 637/637/637 638/638/638
f 643/643/643 642/642/642 641/641/641
f 642/642/642 644/644/644 641/641/641
f 645/645/645 644/644/644 642/642/642
f 644/644/644 646/646/646 641/641/641
f 646/646/646 647/647/647 641/641/641
f 647/647/647 648/648/648 641/641/641
f 649/649/649 647/647/647 646/646/646
f 650/650/650 646/646/646 644/644/644
f 651/651/651 646/646/646 650/650/650
f 652/652/652 646/646/646 651/651/651
f 653/653/653 651/651/651 650/650/650
f 654/654/654 650/650/650 644/644/644
f 655/655/655 654/654/654 644/644/644
f 656/656/656 650/650/650 654/654/654
f 657/657/657 656/656/656 654/654/654
f 658/658/658 650/650/650 656/656/656
f 661/661/661 660/660/660 659/659/659
f 662/662/662 659/659/659 660/660/660
f 665/665/665 664/664/664 663/663/663
f 666/666/666 663/663/663 664/664/664
f 669/669/669 668/668/668 667/667/667
f 670/670/670 667/667/667 668/668/668
f 673/673/673 672/672/672 671/671/671
f 674/674/674 671/671/671 672/672/672
f 677/677/677 676/676/676 675/675/675
f 678/678/678 675/675/675 676/676/676
f 681/681/681 680/680/680 679/679/679
f 682/682/682 679/679/679 680/680/680
f 685/685/685 684/684/684 683/683/683
f 686/686/686 683/683/683 684/684/684
f 689/689/689 688/688/688 687/687/687
f 690/690/690 687/687/687 688/688/688
f 693/693/693 692/692/692 691/691/691
f 694/694/694 691/691/691 692/692/692
f 697/697/697 696/696/696 695/695/695
f 698/698/698 695/695/695 696/696/696
f 701/701/701 700/700/700 699/699/699
f 702/702/702 699/699/699 700/700/700
f 705/705/705 704/704/704 703/703/703
f 706/706/706 703/703/703 704/704/704
f 709/709/709 708/708/708 707/707/707
f 710/710/710 707/707/707 708/708/708
f 713/713/713 712/712/712 711/711/711
f 714/714/714 711/711/711 712/712/712
f 717/717/717 716/716/716 715/715/715
f 718/718/718 715/715/715 716/716/716
f 721/721/721 720/720/720 719/719/719
f 722/722/722 719/719/719 720/720/720
f 725/725/725 724/724/724 723/723/723
f 726/726/726 723/723/723 724/724/724
f 729/729/729 728/728/728 727/727/727
f 730/730/730 727/727/727 728/728/728
f 733/733/733 732/732/732 731/731/731
f 734/734/734 731/731/731 732/732/732
f 737/737/737 736/736/736 735/735/735
f 738/738/738 735/735/735 736/736/736
f 741/741/741 740/740/740 739/739/739
f 742/742/742 739/739/739 740/740/740
f 745/745/745 744/744/744 743/743/743
f 744/744/744 745/745/745 746/746/746
f 747/747/747 746/746/746 745/745/745
f 750/750/750 749/749/749 748/748/748
f 751/751/751 748/748/748 749/749/749
f 754/754/754 753/753/753 752/752/752
f 755/755/755 752/752/752 753/753/753
f 758/758/758 757/757/757 756/756/756
f 759/759/759 756/756/756 757/757/757
f 762/762/762 761/761/761 760/760/760
f 763/763/763 760/760/760 761/761/761
f 766/766/766 765/765/765 764/764/764
f 767/767/767 764/764/764 765/765/765
f 770/770/770 769/769/769 768/768/768
f 771/771/771 768/768/768 769/769/769
f 774/774/774 773/773/773 772/772/772
f 775/775/775 772/772/772 773/773/773
f 778/778/778 777/777/777 776/776/776
f 779/779/779 776/776/776 777/777/777
f 782/782/782 781/781/781 780/780/780
f 783/783/783 780/780/780 781/781/781
f 786/786/786 785/785/785 784/784/784
f 787/787/787 784/784/784 785/785/785
f 790/790/790 789/789/789 788/788/788
f 791/791/791 788/788/788 789/789/789
f 794/794/794 793/793/793 792/792/792
f 795/795/795 792/792/792 793/793/793
f 798/798/798 797/797/797 796/796/796
f 799/799/799 796/796/796 797/797/797
f 802/802/802 801/801/801 800/800/800
f 803/803/803 800/800/800 801/801/801
f 806/806/806 805/805/805 804/804/804
f 807/807/807 804/804/804 805/805/805
f 810/810/810 809/809/809 808/808/808
f 811/811/811 808/808/808 809/809/809
f 814/814/814 813/813/813 812/812/812
f 815/815/815 812/812/812 813/813/813
f 818/818/818 817/817/817 816/816/816
f 819/819/819 816/816/816 817/817/817
f 817/817/817 821/821/821 820/820/820
f 822/822/822 820/820/820 821/821/821
f 825/825/825 824/824/824 823/823/823
f 826/826/826 825/825/825 823/823/823
f 829/829/829 828/828/828 827/827/827
f 830/830/830 827/827/827 828/828/828
f 833/833/833 832/832/832 831/831/831
f 834/834/834 831/831/831 832/832/832
f 837/837/837 836/836/836 835/835/835
f 838/838/838 835/835/835 836/836/836
f 841/841/841 840/840/840 839/839/839
f 842/842/842 839/839/839 840/840/840
f 845/845/845 844/844/844 843/843/843
f 846/846/846 843/843/843 844/844/844
f 849/849/849 848/848/848 847/847/847
f 850/850/850 847/847/847 848/848/848
f 853/853/853 852/852/852 851/851/851
f 854/854/854 851/851/851 852/852/852
f 857/857/857 856/856/856 855/855/855
f 858/858/858 855/855/855 856/856/856
f 861/861/861 860/860/860 859/859/859
f 862/862/862 859/859/859 860/860/860
f 865/865/865 864/864/864 863/863/863
f 866/866/866 863/863/863 864/864/864
f 869/869/869 868/868/868 867/867/867
f 870/870/870 867/867/867 868/868/868
f 873/873/873 872/872/872 871/871/871
f 874/874/874 871/871/871 872/872/872
f 877/877/877 876/876/876 875/875/875
f 878/878/878 875/875/875 876/876/876
f 881/881/881 880/880/880 879/879/879
f 882/882/882 879/879/879 880/880/880
f 885/885/885 884/884/884 883/883/883
f 886/886/886 883/883/883 884/884/884
f 889/889/889 888/888/888 887/887/887
f 890/890/890 887/887/887 888/888/888
f 893/893/893 892/892/892 891/891/891
f 892/892/892 894/894/894 891/891/891
f 894/894/894 895/895/895 891/891/891
f 898/898/898 897/897/897 896/896/896
f 899/899/899 896/896/896 897/897/897
f 902/902/902 901/901/901 900/900/900
f 903/903/903 900/900/900 901/901/901
f 906/906/906 905/905/905 904/904/904
f 907/907/907 904/904/904 905/905/905
f 910/910/910 909/909/909 908/908/908
f 910/910/910 911/911/911 909/909/909
f 914/914/914 913/913/913 912/912/912
f 913/913/913 915/915/915 912/912/912
f 915/915/915 916/916/916 912/912/912
f 919/919/919 918/918/918 917/917/917
f 920/920/920 917/917/917 918/918/918
f 922/922/922 920/920/920 921/921/921
f 923/923/923 922/922/922 921/921/921
f 924/924/924 923/923/923 921/921/921
f 927/927/927 926/926/926 925/925/925
f 928/928/928 925/925/925 926/926/926
f 931/931/931 930/930/930 929/929/929
f 930/930/930 932/932/932 929/929/929
f 932/932/932 933/933/933 929/929/929
f 936/936/936 935/935/935 934/934/934
f 937/937/937 934/934/934 935/935/935
f 940/940/940 939/939/939 938/938/938
f 941/941/941 938/938/938 939/939/939
f 944/944/944 943/943/943 942/942/942
f 945/945/945 942/942/942 943/943/943
f 948/948/948 947/947/947 946/946/946
f 949/949/949 946/946/946 947/947/947
f 952/952/952 951/951/951 950/950/950
f 953/953/953 950/950/950 951/951/951
f 956/956/956 955/955/955 954/954/954
f 957/957/957 954/954/954 955/955/955
f 960/960/960 959/959/959 958/958/958
f 961/961/961 958/958/958 959/959/959
f 964/964/964 963/963/963 962/962/962
f 965/965/965 962/962/962 963/963/963
f 968/968/968 967/967/967 966/966/966
f 969/969/969 966/966/966 967/967/967
f 972/972/972 971/971/971 970/970/970
f 971/971/971 973/973/973 970/970/970
f 976/976/976 975/975/975 974/974/974
f 977/977/977 974/974/974 975/975/975
f 980/980/980 979/979/979 978/978/978
f 981/981/981 978/978/978 979/979/979
f 984/984/984 983/983/983 982/982/982
f 985/985/985 984/984/984 982/982/982
f 986/986/986 985/985/985 982/982/982
f 987/987/987 985/985/985 986/986/986
f 987/987/987 986/986/986 988/988/988
f 989/989/989 988/988/988 986/986/986
f 990/990/990 985/985/985 987/987/987
f 991/991/991 990/990/990 987/987/987
f 992/992/992 990/990/990 991/991/991
f 993/993/993 985/985/985 990/990/990
f 993/993/993 990/990/990 994/994/994
f 995/995/995 994/994/994 990/990/990
f 998/998/998 997/997/997 996/996/996
f 999/999/999 996/996/996 997/997/997
f 1002/1002/1002 1001/1001/1001 1000/1000/1000
f 1003/1003/1003 1000/1000/1000 1001/1001/1001
f 1006/1006/1006 1005/1005/1005 1004/1004/1004
f 1007/1007/1007 1004/1004/1004 1005/1005/1005
f 1007/1007/1007 1009/1009/1009 1008/1008/1008
f 1010/1010/1010 1008/1008/1008 1009/1009/1009
f 1013/1013/1013 1012/1012/1012 1011/1011/1011
f 1014/1014/1014 1011/1011/1011 1012/1012/1012
f 1017/1017/1017 1016/1016/1016 1015/1015/1015
f 1018/1018/1018 1015/1015/1015 1016/1016/1016
f 1021/1021/1021 1020/1020/1020 1019/1019/1019
f 1022/1022/1022 1019/1019/1019 1020/1020/1020
f 1025/1025/1025 1024/1024/1024 1023/1023/1023
f 1026/1026/1026 1023/1023/1023 1024/1024/1024
f 1029/1029/1029 1028/1028/1028 1027/1027/1027
f 1030/1030/1030 1027/1027/1027 1028/1028/1028
f 1033/1033/1033 1032/1032/1032 1031/1031/1031
f 1034/1034/1034 1031/1031/1031 1032/1032/1032
f 1037/1037/1037 1036/1036/1036 1035/1035/1035
f 1038/1038/1038 1035/1035/1035 1036/1036/1036
f 1041/1041/1041 1040/1040/1040 1039/1039/1039
f 1042/1042/1042 1039/1039/1039 1040/1040/1040
f 1045/1045/1045 1044/1044/1044 1043/1043/1043
f 1046/1046/1046 1043/1043/1043 1044/1044/1044
f 1049/1049/1049 1048/1048/1048 1047/1047/1047
f 1050/1050/1050 1047/1047/1047 1048/1048/1048
f 1053/1053/1053 1052/1052/1052 1051/1051/1051
f 1054/1054/1054 1051/1051/1051 1052/1052/1052
f 1057/1057/1057 1056/1056/1056 1055/1055/1055
f 1056/1056/1056 1057/1057/1057 1058/1058/1058
f 1059/1059/1059 1056/1056/1056 1058/1058/1058
f 1060/1060/1060 1058/1058/1058 1057/1057/1057
f 1061/1061/1061 1060/1060/1060 1057/1057/1057
f 1062/1062/1062 1061/1061/1061 1057/1057/1057
f 1057/1057/1057 1063/1063/1063 1062/1062/1062
f 1064/1064/1064 1062/1062/1062 1063/1063/1063
f 1067/1067/1067 1066/1066/1066 1065/1065/1065
f 1067/1067/1067 1065/1065/1065 1068/1068/1068
f 1069/1069/1069 1068/1068/1068 1065/1065/1065
f 1072/1072/1072 1071/1071/1071 1070/1070/1070
f 1073/1073/1073 1070/1070/1070 1071/1071/1071
f 1073/1073/1073 1071/1071/1071 1074/1074/1074
f 1075/1075/1075 1074/1074/1074 1071/1071/1071
f 1078/1078/1078 1077/1077/1077 1076/1076/1076
f 1079/1079/1079 1076/1076/1076 1077/1077/1077
f 1082/1082/1082 1081/1081/1081 1080/1080/1080
f 1083/1083/1083 1080/1080/1080 1081/1081/1081
f 1086/1086/1086 1085/1085/1085 1084/1084/1084
f 1087/1087/1087 1084/1084/1084 1085/1085/1085
f 1090/1090/1090 1089/1089/1089 1088/1088/1088
f 1091/1091/1091 1088/1088/1088 1089/1089/1089
f 1094/1094/1094 1093/1093/1093 1092/1092/1092
f 1095/1095/1095 1092/1092/1092 1093/1093/1093
f 1098/1098/1098 1097/1097/1097 1096/1096/1096
f 1099/1099/1099 1096/1096/1096 1097/1097/1097
f 1102/1102/1102 1101/1101/1101 1100/1100/1100
f 1103/1103/1103 1100/1100/1100 1101/1101/1101
f 1106/1106/1106 1105/1105/1105 1104/1104/1104
f 1107/1107/1107 1104/1104/1104 1105/1105/1105
f 1110/1110/1110 1109/1109/1109 1108/1108/1108
f 1111/1111/1111 1108/1108/1108 1109/1109/1109
f 1114/1114/1114 1113/1113/1113 1112/1112/1112
f 1115/1115/1115 1112/1112/1112 1113/1113/1113
f 1118/1118/1118 1117/1117/1117 1116/1116/1116
f 1119/1119/1119 1116/1116/1116 1117/1117/1117
f 1122/1122/1122 1121/1121/1121 1120/1120/1120
f 1123/1123/1123 1120/1120/1120 1121/1121/1121
f 1126/1126/1126 1125/1125/1125 1124/1124/1124
f 1127/1127/1127 1124/1124/1124 1125/1125/1125
f 1130/1130/1130 1129/1129/1129 1128/1128/1128
f 1131/1131/1131 1128/1128/1128 1129/1129/1129
f 1134/1134/1134 1133/1133/1133 1132/1132/1132
f 1135/1135/1135 1132/1132/1132 1133/1133/1133
f 1138/1138/1138 1137/1137/1137 1136/1136/1136
f 1139/1139/1139 1136/1136/1136 1137/1137/1137
f 1142/1142/1142 1141/1141/1141 1140/1140/1140
f 1143/1143/1143 1140/1140/1140 1141/1141/1141
f 1146/1146/1146 1145/1145/1145 1144/1144/1144
f 1147/1147/1147 1144/1144/1144 1145/1145/1145
f 1150/1150/1150 1149/1149/1149 1148/1148/1148
f 1151/1151/1151 1148/1148/1148 1149/1149/1149
f 1154/1154/1154 1153/1153/1153 1152/1152/1152
f 1155/1155/1155 1152/1152/1152 1153/1153/1153
f 1158/1158/1158 1157/1157/1157 1156/1156/1156
f 1159/1159/1159 1156/1156/1156 1157/1157/1157
f 1162/1162/1162 1161/1161/1161 1160/1160/1160
f 1163/1163/1163 1160/1160/1160 1161/1161/1161
f 1166/1166/1166 1165/1165/1165 1164/1164/1164
f 1167/1167/1167 1164/1164/1164 1165/1165/1165
f 1167/1167/1167 1169/1169/1169 1168/1168/1168
f 1170/1170/1170 1168/1168/1168 1169/1169/1169
f 1173/1173/1173 1172/1172/1172 1171/1171/1171
f 1174/1174/1174 1171/1171/1171 1172/1172/1172
f 1177/1177/1177 1176/1176/1176 1175/1175/1175
f 1178/1178/1178 1175/1175/1175 1176/1176/1176
f 1181/1181/1181 1180/1180/1180 1179/1179/1179
f 1182/1182/1182 1179/1179/1179 1180/1180/1180
f 1185/1185/1185 1184/1184/1184 1183/1183/1183
f 1186/1186/1186 1183/1183/1183 1184/1184/1184
f 1189/1189/1189 1188/1188/1188 1187/1187/1187
f 1190/1190/1190 1187/1187/1187 1188/1188/1188
f 1193/1193/1193 1192/1192/1192 1191/1191/1191
f 1191/1191/1191 1192/1192/1192 1194/1194/1194
f 1195/1195/1195 1191/1191/1191 1194/1194/1194
f 1196/1196/1196 1195/1195/1195 1194/1194/1194
f 1197/1197/1197 1195/1195/1195 1196/1196/1196
f 1198/1198/1198 1195/1195/1195 1197/1197/1197
f 1199/1199/1199 1195/1195/1195 1198/1198/1198
f 1200/1200/1200 1195/1195/1195 1199/1199/1199
f 1201/1201/1201 1195/1195/1195 1200/1200/1200
f 1201/1201/1201 1200/1200/1200 1202/1202/1202
f 1203/1203/1203 1201/1201/1201 1202/1202/1202
f 1200/1200/1200 1204/1204/1204 1202/1202/1202
f 1207/1207/1207 1206/1206/1206 1205/1205/1205
f 1208/1208/1208 1205/1205/1205 1206/1206/1206
f 1211/1211/1211 1210/1210/1210 1209/1209/1209
f 1212/1212/1212 1209/1209/1209 1210/1210/1210
f 1215/1215/1215 1214/1214/1214 1213/1213/1213
f 1214/1214/1214 1216/1216/1216 1213/1213/1213
f 1216/1216/1216 1217/1217/1217 1213/1213/1213
f 1214/1214/1214 1218/1218/1218 1216/1216/1216
f 1219/1219/1219 1216/1216/1216 1218/1218/1218
f 1222/1222/1222 1221/1221/1221 1220/1220/1220
f 1223/1223/1223 1220/1220/1220 1221/1221/1221
f 1226/1226/1226 1225/1225/1225 1224/1224/1224
f 1227/1227/1227 1224/1224/1224 1225/1225/1225
f 1230/1230/1230 1229/1229/1229 1228/1228/1228
f 1231/1231/1231 1228/1228/1228 1229/1229/1229
f 1234/1234/1234 1233/1233/1233 1232/1232/1232
f 1235/1235/1235 1232/1232/1232 1233/1233/1233
f 1232/1232/1232 1237/1237/1237 1236/1236/1236
f 1238/1238/1238 1236/1236/1236 1237/1237/1237
f 1241/1241/1241 1240/1240/1240 1239/1239/1239
f 1242/1242/1242 1239/1239/1239 1240/1240/1240
f 1245/1245/1245 1244/1244/1244 1243/1243/1243
f 1246/1246/1246 1243/1243/1243 1244/1244/1244
f 1249/1249/1249 1248/1248/1248 1247/1247/1247
f 1250/1250/1250 1247/1247/1247 1248/1248/1248
f 1253/1253/1253 1252/1252/1252 1251/1251/1251
f 1254/1254/1254 1251/1251/1251 1252/1252/1252
f 1257/1257/1257 1256/1256/1256 1255/1255/1255
f 1258/1258/1258 1255/1255/1255 1256/1256/1256
f 1261/1261/1261 1260/1260/1260 1259/1259/1259
f 1262/1262/1262 1259/1259/1259 1260/1260/1260
f 1265/1265/1265 1264/1264/1264 1263/1263/1263
f 1266/1266/1266 1263/1263/1263 1264/1264/1264
f 1269/1269/1269 1268/1268/1268 1267/1267/1267
f 1270/1270/1270 1267/1267/1267 1268/1268/1268
f 1273/1273/1273 1272/1272/1272 1271/1271/1271
f 1274/1274/1274 1271/1271/1271 1272/1272/1272
f 1277/1277/1277 1276/1276/1276 1275/1275/1275
f 1278/1278/1278 1275/1275/1275 1276/1276/1276
f 1281/1281/1281 1280/1280/1280 1279/1279/1279
f 1282/1282/1282 1279/1279/1279 1280/1280/1280
f 1283/1283/1283 1282/1282/1282 1280/1280/1280
f 1284/1284/1284 1283/1283/1283 1280/1280/1280
f 1283/1283/1283 1284/1284/1284 1285/1285/1285
f 1285/1285/1285 1284/1284/1284 1286/1286/1286
f 1286/1286/1286 1284/1284/1284 1287/1287/1287
f 1288/1288/1288 1286/1286/1286 1287/1287/1287
f 1284/1284/1284 1289/1289/1289 1287/1287/1287
