g Object001
v -0.39195418 0.6995376 0.061589047
v -0.39840332 0.6968188 0.13123828
v -0.32381034 0.68458325 0.06731503
v -0.033303298 -0.78164846 -0.01169445
v 0.013039455 -0.7378773 0.017226754
v -0.041722715 -0.8135321 0.050051384
v -0.4216313 0.19427785 0.0275066
v -0.5410213 0.22854377 0.030970687
v -0.5057585 0.31934604 0.037780188
v 0.39933684 0.2965478 0.005433006
v 0.39933684 0.20945175 0.14593227
v 0.39933684 0.29654783 0.15999171
v 0.39933684 0.2094517 0.005432949
v 0.39933684 -0.2921122 0.15999167
v 0.39933684 -0.2921121 0.0054329108
v 0.3766104 -0.2921122 0.15999167
v 0.39933684 0.20945175 0.14593227
v 0.39933684 -0.2921122 0.15999167
v 0.3766104 0.20945175 0.14593227
v 0.39933684 0.29654783 0.15999171
v 0.3766104 0.2965478 0.15999171
v 0.3766104 -0.2921122 0.15999167
v 0.39933684 -0.2921121 0.0054329108
v 0.3766104 -0.2921121 0.0054329108
v 0.39933684 -0.2921122 0.15999167
v 0.3766104 0.2965478 0.005433006
v 0.39933684 0.2094517 0.005432949
v 0.39933684 0.2965478 0.005433006
v 0.3766104 0.2094517 0.005432949
v 0.39933684 -0.2921121 0.0054329108
v 0.3766104 -0.2921121 0.0054329108
v 0.3766104 0.2965478 0.005433006
v 0.39933684 0.29654783 0.15999171
v 0.3766104 0.2965478 0.15999171
v 0.39933684 0.2965478 0.005433006
v 0.3766104 0.20945175 0.14593227
v 0.3766104 0.2965478 0.005433006
v 0.3766104 0.2965478 0.15999171
v 0.3766104 0.2094517 0.005432949
v 0.3766104 -0.2921122 0.15999167
v 0.3766104 -0.2921121 0.0054329108
v -0.0031280518 -0.3231396 0.0054329108
v 0.41674253 -0.3231396 0.15999165
v 0.41013855 -0.3231396 0.0054329108
v 0.12846771 -0.3231396 0.16363423
v -0.0031280518 -0.3231396 0.13773851
v -0.41477722 -0.3231396 0.101475686
v -0.42299864 -0.3231396 0.1599916
v -0.42299864 -0.3231396 0.0054329108
v -0.42299864 -0.29178503 0.15999162
v -0.0031280518 -0.3231396 0.13773851
v -0.42299864 -0.3231396 0.1599916
v -0.0031280518 -0.29178497 0.14332508
v 0.12846771 -0.3231396 0.16363423
v 0.12846771 -0.291785 0.16181293
v 0.41674253 -0.3231396 0.15999165
v 0.41674253 -0.29178503 0.15999167
v -0.42299864 -0.29178497 0.0054329108
v -0.41477722 -0.3231396 0.101475686
v -0.42299864 -0.3231396 0.0054329108
v -0.41477722 -0.29178497 0.10147569
v -0.42299864 -0.3231396 0.1599916
v -0.42299864 -0.29178503 0.15999162
v -0.0031280518 -0.29178497 0.0054329108
v 0.41013855 -0.3231396 0.0054329108
v 0.41013855 -0.29178497 0.0054329108
v -0.0031280518 -0.3231396 0.0054329108
v -0.42299864 -0.3231396 0.0054329108
v -0.42299864 -0.29178497 0.0054329108
v 0.41013855 -0.29178497 0.0054329108
v 0.41674253 -0.3231396 0.15999165
v 0.41674253 -0.29178503 0.15999167
v 0.41013855 -0.3231396 0.0054329108
v 0.12846771 -0.291785 0.16181293
v 0.41013855 -0.29178497 0.0054329108
v 0.41674253 -0.29178503 0.15999167
v -0.0031280518 -0.29178497 0.0054329108
v -0.0031280518 -0.29178497 0.14332508
v -0.42299864 -0.29178503 0.15999162
v -0.41477722 -0.29178497 0.10147569
v -0.42299864 -0.29178497 0.0054329108
v 0.41346678 0.15723556 0.016471824
v -0.42627442 0.008649063 0.016471805
v -0.410166 0.15723552 0.016471844
v 0.41346678 0.008649063 0.016471805
v -0.42627442 0.17917417 0.016471824
v 0.41346678 0.32776064 0.016471863
v 0.41346678 0.17917418 0.016471824
v -0.41277832 0.27907532 0.016471844
v -0.42627442 0.32776064 0.016471863
v 0.3973413 -0.16187607 0.016471768
v -0.42627442 -0.013289604 0.016471824
v 0.41346678 -0.013289566 0.016471824
v -0.3346643 -0.15366684 0.016471768
v -0.40840453 -0.16187607 0.016471768
v -0.42627442 0.008649063 -0.014882793
v 0.41346678 0.008649063 0.016471805
v 0.41346678 0.008649063 -0.014882793
v -0.42627442 0.008649063 0.016471805
v 0.41346678 0.008649063 -0.014882793
v 0.41346678 0.15723556 0.016471824
v 0.41346678 0.15723558 -0.014882716
v 0.41346678 0.008649063 0.016471805
v 0.41346678 0.15723558 -0.014882716
v -0.410166 0.15723552 0.016471844
v -0.410166 0.15723553 -0.014882716
v 0.41346678 0.15723556 0.016471824
v -0.410166 0.15723553 -0.014882716
v -0.42627442 0.008649063 0.016471805
v -0.42627442 0.008649063 -0.014882793
v -0.410166 0.15723552 0.016471844
v -0.42627442 0.17917418 -0.014882812
v 0.41346678 0.17917418 0.016471824
v 0.41346678 0.17917423 -0.014882812
v -0.42627442 0.17917417 0.016471824
v 0.41346678 0.17917423 -0.014882812
v 0.41346678 0.32776064 0.016471863
v 0.41346678 0.3277607 -0.014882716
v 0.41346678 0.17917418 0.016471824
v 0.41346678 0.3277607 -0.014882716
v -0.42627442 0.32776064 0.016471863
v -0.42627442 0.3277607 -0.014882716
v 0.41346678 0.32776064 0.016471863
v -0.42627442 0.17917418 -0.014882812
v -0.41277832 0.27907532 0.016471844
v -0.42627442 0.17917417 0.016471824
v -0.41277832 0.27907535 -0.014882736
v -0.42627442 0.32776064 0.016471863
v -0.42627442 0.3277607 -0.014882716
v -0.42627442 -0.013289604 -0.014882698
v 0.41346678 -0.013289566 0.016471824
v -0.42627442 -0.013289604 0.016471824
v 0.41346678 -0.013289566 -0.014882698
v -0.42627442 -0.013289604 -0.014882698
v -0.40840453 -0.16187607 0.016471768
v -0.40840453 -0.16187607 -0.014882812
v -0.42627442 -0.013289604 0.016471824
v 0.3973413 -0.16187607 -0.014882812
v -0.3346643 -0.15366684 0.016471768
v 0.3973413 -0.16187607 0.016471768
v -0.3346643 -0.15366684 -0.014882812
v -0.40840453 -0.16187607 0.016471768
v -0.40840453 -0.16187607 -0.014882812
v 0.3973413 -0.16187607 -0.014882812
v 0.41346678 -0.013289566 0.016471824
v 0.41346678 -0.013289566 -0.014882698
v 0.3973413 -0.16187607 0.016471768
v -0.42627442 -0.3329958 0.016471805
v 0.42403442 -0.25870258 0.016471863
v 0.42403442 -0.3329958 0.016471805
v 0.41346678 -0.18440937 0.016471863
v -0.42627442 -0.18440941 0.016471863
v 0.41346678 -0.18440937 -0.014882774
v -0.42627442 -0.18440941 0.016471863
v -0.42627442 -0.18440941 -0.014882774
v 0.41346678 -0.18440937 0.016471863
v -0.42627442 -0.18440941 -0.014882774
v -0.42627442 -0.3329958 0.016471805
v -0.42627442 -0.3329958 -0.014882774
v -0.42627442 -0.18440941 0.016471863
v -0.42627442 -0.3329958 -0.014882774
v 0.42403442 -0.3329958 0.016471805
v 0.42403442 -0.3329958 -0.014882774
v -0.42627442 -0.3329958 0.016471805
v 0.41346678 -0.18440937 -0.014882774
v 0.42403442 -0.25870258 0.016471863
v 0.41346678 -0.18440937 0.016471863
v 0.42403442 -0.25870258 -0.014882716
v 0.42403442 -0.3329958 0.016471805
v 0.42403442 -0.3329958 -0.014882774
v -0.37358794 0.07156777 0.15170164
v -0.39631408 -0.29211214 0.15999167
v -0.39631408 0.071456835 0.15170418
v -0.37358794 -0.2921122 0.15999167
v -0.37358794 -0.2921122 0.15999167
v -0.39631408 -0.2921121 0.0054329108
v -0.39631408 -0.29211214 0.15999167
v -0.37358794 -0.2921121 0.0054329108
v -0.37358794 -0.2921122 0.15999167
v -0.37358794 0.0097499555 0.0054329345
v -0.37358794 -0.2921121 0.0054329108
v -0.37358794 0.07156777 0.15170164
v -0.39631408 0.009637928 0.0054329345
v -0.39631408 -0.29211214 0.15999167
v -0.39631408 -0.2921121 0.0054329108
v -0.39631408 0.071456835 0.15170418
v -0.37358794 -0.2921121 0.0054329108
v -0.39631408 0.009637928 0.0054329345
v -0.39631408 -0.2921121 0.0054329108
v -0.37358794 0.0097499555 0.0054329345
v -0.37358794 0.0097499555 0.0054329345
v -0.39631408 0.071456835 0.15170418
v -0.39631408 0.009637928 0.0054329345
v -0.37358794 0.07156777 0.15170164
v 0.41674253 0.2950831 0.16230552
v -0.096609056 0.30444375 0.013255853
v -0.106850065 0.30013955 0.16634199
v 0.40980956 0.2950831 0.019428883
v -0.10723873 0.32896775 0.16634499
v 0.41674253 0.2950831 0.16230552
v -0.106850065 0.30013955 0.16634199
v 0.41674253 0.32643765 0.16230552
v 0.41674253 0.32643765 0.16230552
v 0.40980956 0.2950831 0.019428883
v 0.41674253 0.2950831 0.16230552
v 0.40980956 0.32643765 0.019428883
v -0.09696825 0.3311213 0.013251476
v 0.41674253 0.32643765 0.16230552
v -0.10723873 0.32896775 0.16634499
v 0.40980956 0.32643765 0.019428883
v 0.40980956 0.32643765 0.019428883
v -0.096609056 0.30444375 0.013255853
v 0.40980956 0.2950831 0.019428883
v -0.09696825 0.3311213 0.013251476
v -0.10723873 0.32896775 0.16634499
v -0.096609056 0.30444375 0.013255853
v -0.09696825 0.3311213 0.013251476
v -0.106850065 0.30013955 0.16634199
v 0.20884222 -0.7266519 0.035451394
v 0.31843692 -0.6837442 -0.0063350676
v 0.2051573 -0.72458434 0.004382706
v 0.3221218 -0.6858117 0.024733543
v 0.20884222 -0.7266519 0.035451394
v 0.06973761 -0.28899315 0.049431227
v 0.073444344 -0.2911308 0.080492705
v 0.2051573 -0.72458434 0.004382706
v 0.3221218 -0.6858117 0.024733543
v 0.34603304 -0.679371 -0.009317207
v 0.31843692 -0.6837442 -0.0063350676
v 0.34971797 -0.68143857 0.021751517
v 0.073444344 -0.2911308 0.080492705
v 0.3221218 -0.6858117 0.024733543
v 0.20884222 -0.7266519 0.035451394
v 0.19961347 -0.24407506 0.07021476
v 0.2072318 -0.24122392 0.06950645
v 0.34971797 -0.68143857 0.021751517
v 0.31843692 -0.6837442 -0.0063350676
v 0.06973761 -0.28899315 0.049431227
v 0.2051573 -0.72458434 0.004382706
v 0.19460914 -0.24259639 0.040818594
v 0.34603304 -0.679371 -0.009317207
v 0.20222305 -0.23974745 0.040116157
v 0.34971797 -0.68143857 0.021751517
v 0.20222305 -0.23974745 0.040116157
v 0.34603304 -0.679371 -0.009317207
v 0.2072318 -0.24122392 0.06950645
v 0.19460914 -0.24259639 0.040818594
v 0.073444344 -0.2911308 0.080492705
v 0.06973761 -0.28899315 0.049431227
v 0.2072318 -0.24122392 0.06950645
v 0.20222305 -0.23974745 0.040116157
v 0.19961347 -0.24407506 0.07021476
v 0.2564287 -0.49111643 0.07378139
v 0.28548992 -0.5943806 0.031819344
v 0.2891749 -0.5964481 0.062888026
v 0.2527437 -0.489049 0.042712707
v 0.28548992 -0.5943806 0.031819344
v 0.13178219 -0.6403256 0.078635745
v 0.2891749 -0.5964481 0.062888026
v 0.12599964 -0.63884294 0.047777023
v 0.2564287 -0.49111643 0.07378139
v 0.13178219 -0.6403256 0.078635745
v 0.08159624 -0.53426474 0.09164611
v 0.2891749 -0.5964481 0.062888026
v 0.2527437 -0.489049 0.042712707
v 0.12599964 -0.63884294 0.047777023
v 0.28548992 -0.5943806 0.031819344
v 0.075785294 -0.53272194 0.060794715
v 0.08159624 -0.53426474 0.09164611
v 0.2527437 -0.489049 0.042712707
v 0.2564287 -0.49111643 0.07378139
v 0.075785294 -0.53272194 0.060794715
v 0.12599964 -0.63884294 0.047777023
v 0.08159624 -0.53426474 0.09164611
v 0.13178219 -0.6403256 0.078635745
v 0.075785294 -0.53272194 0.060794715
v 0.32679683 -0.69717556 0.1810809
v 0.33499935 -0.6722508 0.035393067
v 0.30769968 -0.6810125 0.038047902
v 0.35409647 -0.6884139 0.17842606
v 0.33499935 -0.6722508 0.035393067
v 0.26789963 -0.412468 0.20421809
v 0.20143722 -0.24539839 0.07298099
v 0.35409647 -0.6884139 0.17842606
v 0.30769968 -0.6810125 0.038047902
v 0.20143722 -0.24539839 0.07298099
v 0.16955078 -0.25012276 0.07637046
v 0.33499935 -0.6722508 0.035393067
v 0.32679683 -0.69717556 0.1810809
v 0.26789963 -0.412468 0.20421809
v 0.35409647 -0.6884139 0.17842606
v 0.23715761 -0.4170543 0.20751049
v 0.30769968 -0.6810125 0.038047902
v 0.23715761 -0.4170543 0.20751049
v 0.32679683 -0.69717556 0.1810809
v 0.16955078 -0.25012276 0.07637046
v 0.20143722 -0.24539839 0.07298099
v 0.23715761 -0.4170543 0.20751049
v 0.16955078 -0.25012276 0.07637046
v 0.26789963 -0.412468 0.20421809
v -0.49122092 0.6691784 0.083885685
v -0.20317088 0.34523815 0.1424989
v -0.57068753 0.5464905 0.11340553
v -0.13495842 0.47371048 0.11216972
v -0.054096162 0.43172762 0.11807594
v -0.06548219 0.2789737 0.15143067
v -0.20436007 0.33863872 0.11186969
v -0.06548219 0.2789737 0.15143067
v -0.06495333 0.27154744 0.120912895
v -0.20317088 0.34523815 0.1424989
v -0.49241012 0.6625791 0.053256568
v -0.13495842 0.47371048 0.11216972
v -0.49122092 0.6691784 0.083885685
v -0.1361476 0.46711105 0.081540525
v -0.054096162 0.43172762 0.11807594
v -0.053571966 0.42423862 0.08757194
v -0.49241012 0.6625791 0.053256568
v -0.57068753 0.5464905 0.11340553
v -0.5718767 0.53989106 0.08277634
v -0.49122092 0.6691784 0.083885685
v -0.20436007 0.33863872 0.11186969
v -0.57068753 0.5464905 0.11340553
v -0.20317088 0.34523815 0.1424989
v -0.5718767 0.53989106 0.08277634
v -0.20436007 0.33863872 0.11186969
v -0.49241012 0.6625791 0.053256568
v -0.5718767 0.53989106 0.08277634
v -0.1361476 0.46711105 0.081540525
v -0.053571966 0.42423862 0.08757194
v -0.06495333 0.27154744 0.120912895
v -0.053571966 0.42423862 0.08757194
v -0.06548219 0.2789737 0.15143067
v -0.054096162 0.43172762 0.11807594
v -0.06495333 0.27154744 0.120912895
v -0.49805441 0.23995279 0.14792663
v -0.35098448 0.5454386 0.044299085
v -0.49947998 0.23285593 0.11741386
v -0.34979534 0.552038 0.07492813
v -0.35098448 0.5454386 0.044299085
v -0.45030648 0.59836483 0.068848796
v -0.45149565 0.5917654 0.038219757
v -0.34979534 0.552038 0.07492813
v -0.34979534 0.552038 0.07492813
v -0.58759546 0.30937213 0.13644588
v -0.45030648 0.59836483 0.068848796
v -0.49805441 0.23995279 0.14792663
v -0.45030648 0.59836483 0.068848796
v -0.58902097 0.30227524 0.10593307
v -0.45149565 0.5917654 0.038219757
v -0.58759546 0.30937213 0.13644588
v -0.58902097 0.30227524 0.10593307
v -0.35098448 0.5454386 0.044299085
v -0.45149565 0.5917654 0.038219757
v -0.49947998 0.23285593 0.11741386
v -0.58902097 0.30227524 0.10593307
v -0.49805441 0.23995279 0.14792663
v -0.49947998 0.23285593 0.11741386
v -0.58759546 0.30937213 0.13644588
v -0.5868909 0.5159728 0.120610006
v -0.37034568 0.2788473 0.1632941
v -0.64897156 0.39904928 0.1482128
v -0.34186363 0.40589163 0.13481529
v -0.17992307 0.30485868 0.15029663
v -0.17024463 0.31729248 0.14724189
v -0.24284297 0.22402617 0.17015563
v -0.2520404 0.2122104 0.17305861
v -0.37153488 0.27224788 0.1326649
v -0.2520404 0.2122104 0.17305861
v -0.25158644 0.20468548 0.14256504
v -0.37034568 0.2788473 0.1632941
v -0.34186363 0.40589163 0.13481529
v -0.58808005 0.5093734 0.089980885
v -0.34305277 0.3992922 0.104186095
v -0.5868909 0.5159728 0.120610006
v -0.5868909 0.5159728 0.120610006
v -0.6501607 0.39244986 0.11758362
v -0.58808005 0.5093734 0.089980885
v -0.64897156 0.39904928 0.1482128
v -0.64897156 0.39904928 0.1482128
v -0.37153488 0.27224788 0.1326649
v -0.6501607 0.39244986 0.11758362
v -0.37034568 0.2788473 0.1632941
v -0.37153488 0.27224788 0.1326649
v -0.58808005 0.5093734 0.089980885
v -0.6501607 0.39244986 0.11758362
v -0.34305277 0.3992922 0.104186095
v -0.17952129 0.29726672 0.11981952
v -0.1697478 0.30982268 0.116734765
v -0.2422613 0.21666537 0.13962176
v -0.25158644 0.20468548 0.14256504
v -0.34305277 0.3992922 0.104186095
v -0.17024463 0.31729248 0.14724189
v -0.34186363 0.40589163 0.13481529
v -0.1697478 0.30982268 0.116734765
v -0.24284297 0.22402617 0.17015563
v -0.25158644 0.20468548 0.14256504
v -0.2520404 0.2122104 0.17305861
v -0.17992307 0.30485868 0.15029663
v -0.17024463 0.31729248 0.14724189
v -0.2422613 0.21666537 0.13962176
v -0.17952129 0.29726672 0.11981952
v -0.1697478 0.30982268 0.116734765
v -0.19245529 0.48366973 0.0732044
v -0.49713856 0.40174097 0.041794527
v -0.4712052 0.5540231 0.050140113
v -0.15102053 0.32578498 0.070878066
v -0.13012145 0.3749864 0.07473375
v -0.09721279 0.45246118 0.08080501
v -0.49713856 0.40174097 0.041794527
v -0.15432854 0.3283626 0.039159946
v -0.49424988 0.40295875 0.010597153
v -0.15102053 0.32578498 0.070878066
v -0.49424988 0.40295875 0.010597153
v -0.4712052 0.5540231 0.050140113
v -0.49713856 0.40174097 0.041794527
v -0.46831656 0.55524087 0.018942717
v -0.4712052 0.5540231 0.050140113
v -0.18994796 0.48310974 0.041902293
v -0.19245529 0.48366973 0.0732044
v -0.46831656 0.55524087 0.018942717
v -0.18994796 0.48310974 0.041902293
v -0.46831656 0.55524087 0.018942717
v -0.49424988 0.40295875 0.010597153
v -0.15432854 0.3283626 0.039159946
v -0.13136445 0.3824255 0.043396644
v -0.0989096 0.45883185 0.04938419
v -0.0989096 0.45883185 0.04938419
v -0.19245529 0.48366973 0.0732044
v -0.18994796 0.48310974 0.041902293
v -0.09721279 0.45246118 0.08080501
v -0.13012145 0.3749864 0.07473375
v -0.15432854 0.3283626 0.039159946
v -0.15102053 0.32578498 0.070878066
v -0.09721279 0.45246118 0.08080501
v -0.13136445 0.3824255 0.043396644
v -0.0989096 0.45883185 0.04938419
v -0.40364662 0.5672745 0.056912802
v -0.46584615 0.57619685 0.019989472
v -0.46873483 0.57497907 0.051186826
v -0.4007579 0.5684923 0.02571537
v -0.46584615 0.57619685 0.019989472
v -0.42778766 0.71398526 0.060404357
v -0.46873483 0.57497907 0.051186826
v -0.42489898 0.7152031 0.029206961
v -0.40364662 0.5672745 0.056912802
v 0.20177841 0.5679745 0.103257634
v 0.16677585 0.4241222 0.09440134
v -0.32971543 0.70246184 0.06903537
v -0.46873483 0.57497907 0.051186826
v -0.42778766 0.71398526 0.060404357
v 0.16921806 0.42515177 0.068025835
v 0.18838196 0.41909504 0.09738092
v 0.19429344 0.41935816 0.07080175
v 0.16677585 0.4241222 0.09440134
v -0.40364662 0.5672745 0.056912802
v -0.4007579 0.5684923 0.02571537
v 0.20422061 0.56900406 0.07688213
v -0.32971543 0.70246184 0.06903537
v -0.3268267 0.70367974 0.03783802
v 0.20177841 0.5679745 0.103257634
v 0.23926978 0.5585282 0.10851761
v 0.24526462 0.5587354 0.081459425
v -0.42778766 0.71398526 0.060404357
v -0.3268267 0.70367974 0.03783802
v -0.32971543 0.70246184 0.06903537
v -0.42489898 0.7152031 0.029206961
v 0.20177841 0.5679745 0.103257634
v 0.23926978 0.5585282 0.10851761
v 0.235112 0.5470776 0.107506104
v 0.16677585 0.4241222 0.09440134
v 0.19061862 0.4252475 0.09791231
v 0.18838196 0.41909504 0.09738092
v -0.46584615 0.57619685 0.019989472
v -0.3268267 0.70367974 0.03783802
v -0.42489898 0.7152031 0.029206961
v -0.4007579 0.5684923 0.02571537
v 0.16921806 0.42515177 0.068025835
v 0.20422061 0.56900406 0.07688213
v 0.24070495 0.54623574 0.080450974
v 0.24526462 0.5587354 0.081459425
v 0.19689399 0.42648295 0.07136957
v 0.19429344 0.41935816 0.07080175
v 0.18838196 0.41909504 0.09738092
v 0.19689399 0.42648295 0.07136957
v 0.19429344 0.41935816 0.07080175
v 0.235112 0.5470776 0.107506104
v 0.19061862 0.4252475 0.09791231
v 0.24526462 0.5587354 0.081459425
v 0.24070495 0.54623574 0.080450974
v 0.23926978 0.5585282 0.10851761
v -0.49919233 0.19959831 0.0321447
v -0.32381034 0.68458325 0.06731503
v -0.4310485 0.18464406 0.03787067
v -0.39195418 0.6995376 0.061589047
v -0.5056414 0.19687961 0.10179395
v -0.39195418 0.6995376 0.061589047
v -0.49919233 0.19959831 0.0321447
v -0.39840332 0.6968188 0.13123828
v -0.4310485 0.18464406 0.03787067
v -0.39840332 0.6968188 0.13123828
v -0.5056414 0.19687961 0.10179395
v -0.32381034 0.68458325 0.06731503
v -0.82568556 0.31463596 0.024351273
v -0.69080704 0.14430709 0.023315925
v -0.74432707 0.13608168 0.023157233
v -0.6850389 0.37871695 0.025087394
v -0.4409635 -0.15694614 0.021505317
v -0.6216429 -0.007484846 0.022300873
v -0.66296864 -0.04247265 0.021963196
v -0.62373626 -0.13240902 0.021358604
v -0.5816102 -0.22102699 0.020769196
v -0.6849977 0.37888762 0.002361946
v -0.4409635 -0.15694614 0.021505317
v -0.6850389 0.37871695 0.025087394
v -0.44092232 -0.15677541 -0.001220131
v -0.6216017 -0.007314129 -0.0004245758
v -0.69080704 0.14430709 0.023315925
v -0.6216429 -0.007484846 0.022300873
v -0.6907658 0.14447783 0.00059047696
v -0.6907658 0.14447783 0.00059047696
v -0.74432707 0.13608168 0.023157233
v -0.69080704 0.14430709 0.023315925
v -0.74428594 0.13625239 0.00043178556
v -0.74428594 0.13625239 0.00043178556
v -0.82568556 0.31463596 0.024351273
v -0.74432707 0.13608168 0.023157233
v -0.8256444 0.31480673 0.0016258239
v -0.8256444 0.31480673 0.0016258239
v -0.6850389 0.37871695 0.025087394
v -0.82568556 0.31463596 0.024351273
v -0.6849977 0.37888762 0.002361946
v -0.6629275 -0.04230192 -0.0007622528
v -0.6216429 -0.007484846 0.022300873
v -0.66296864 -0.04247265 0.021963196
v -0.6216017 -0.007314129 -0.0004245758
v -0.44092232 -0.15677541 -0.001220131
v -0.5816102 -0.22102699 0.020769196
v -0.4409635 -0.15694614 0.021505317
v -0.5815691 -0.22085628 -0.001956253
v -0.62373626 -0.13240902 0.021358604
v -0.6629275 -0.04230192 -0.0007622528
v -0.66296864 -0.04247265 0.021963196
v -0.61097 -0.12644055 -0.0013002396
v -0.5816102 -0.22102699 0.020769196
v -0.61097 -0.12644055 -0.0013002396
v -0.62373626 -0.13240902 0.021358604
v -0.5815691 -0.22085628 -0.001956253
v -0.6907658 0.14447783 0.00059047696
v -0.8256444 0.31480673 0.0016258239
v -0.74428594 0.13625239 0.00043178556
v -0.6849977 0.37888762 0.002361946
v -0.44092232 -0.15677541 -0.001220131
v -0.6216017 -0.007314129 -0.0004245758
v -0.6629275 -0.04230192 -0.0007622528
v -0.61097 -0.12644055 -0.0013002396
v -0.5815691 -0.22085628 -0.001956253
v 0.013039455 -0.7378773 0.017226754
v -0.41217476 -0.45711032 0.10422626
v -0.36583197 -0.4133392 0.13314743
v -0.033303298 -0.78164846 -0.01169445
v -0.033303298 -0.78164846 -0.01169445
v -0.4205941 -0.48899397 0.16597205
v -0.41217476 -0.45711032 0.10422626
v -0.041722715 -0.8135321 0.050051384
v -0.36583197 -0.4133392 0.13314743
v -0.041722715 -0.8135321 0.050051384
v 0.013039455 -0.7378773 0.017226754
v -0.4205941 -0.48899397 0.16597205
v -0.11281734 -0.60718924 0.0340905
v -0.2998897 -0.5844695 0.020080071
v -0.198786 -0.67934096 -0.01512268
v -0.1989074 -0.48446685 0.085721776
v 0.08527774 -0.41899914 0.15824768
v -0.017500496 -0.30972606 0.20075017
v -0.20194823 -0.69131607 0.008068314
v -0.11281734 -0.60718924 0.0340905
v -0.198786 -0.67934096 -0.01512268
v -0.116471194 -0.6210268 0.06088875
v -0.20194823 -0.69131607 0.008068314
v -0.2998897 -0.5844695 0.020080071
v -0.30305192 -0.5964446 0.043271065
v -0.198786 -0.67934096 -0.01512268
v -0.20256147 -0.49830458 0.112519875
v -0.017500496 -0.30972606 0.20075017
v -0.021796398 -0.32454714 0.22817157
v -0.1989074 -0.48446685 0.085721776
v -0.2998897 -0.5844695 0.020080071
v -0.30305192 -0.5964446 0.043271065
v -0.30305192 -0.5964446 0.043271065
v -0.116471194 -0.6210268 0.06088875
v -0.20194823 -0.69131607 0.008068314
v -0.20256147 -0.49830458 0.112519875
v 0.08119646 -0.43306506 0.18427964
v -0.021796398 -0.32454714 0.22817157
v -0.116471194 -0.6210268 0.06088875
v 0.08527774 -0.41899914 0.15824768
v -0.11281734 -0.60718924 0.0340905
v 0.08119646 -0.43306506 0.18427964
v 0.08119646 -0.43306506 0.18427964
v -0.017500496 -0.30972606 0.20075017
v 0.08527774 -0.41899914 0.15824768
v -0.021796398 -0.32454714 0.22817157
v -0.16588303 -0.7061276 -0.027305258
v -0.124232955 -0.73376125 -0.035895232
v -0.045739632 -0.58832574 0.050249938
v 0.06397646 -0.68230766 0.01668087
v -0.10288887 -0.76008785 -0.04657913
v -0.05246067 -0.7921799 -0.05627426
v 0.19341567 -0.55612606 0.099381484
v 0.19286886 -0.35826996 0.20138809
v 0.18585283 -0.37550634 0.22650035
v -0.045739632 -0.58832574 0.050249938
v 0.19286886 -0.35826996 0.20138809
v -0.049749296 -0.60351014 0.079655915
v -0.16588303 -0.7061276 -0.027305258
v -0.16934623 -0.7192427 -0.0019066619
v -0.05592392 -0.8052949 -0.030875701
v 0.06397646 -0.68230766 0.01668087
v -0.05246067 -0.7921799 -0.05627426
v 0.05996681 -0.69749206 0.046086807
v 0.18614128 -0.57403374 0.12539978
v 0.19341567 -0.55612606 0.099381484
v -0.16934623 -0.7192427 -0.0019066619
v -0.124232955 -0.73376125 -0.035895232
v -0.16588303 -0.7061276 -0.027305258
v -0.12769619 -0.74687636 -0.010496673
v -0.106352076 -0.77320296 -0.021180572
v -0.05246067 -0.7921799 -0.05627426
v -0.10288887 -0.76008785 -0.04657913
v -0.05592392 -0.8052949 -0.030875701
v -0.106352076 -0.77320296 -0.021180572
v -0.124232955 -0.73376125 -0.035895232
v -0.12769619 -0.74687636 -0.010496673
v -0.10288887 -0.76008785 -0.04657913
v -0.16934623 -0.7192427 -0.0019066619
v -0.049749296 -0.60351014 0.079655915
v -0.12769619 -0.74687636 -0.010496673
v 0.05996681 -0.69749206 0.046086807
v -0.106352076 -0.77320296 -0.021180572
v -0.05592392 -0.8052949 -0.030875701
v 0.18614128 -0.57403374 0.12539978
v 0.18585283 -0.37550634 0.22650035
v 0.18585283 -0.37550634 0.22650035
v 0.19341567 -0.55612606 0.099381484
v 0.18614128 -0.57403374 0.12539978
v 0.19286886 -0.35826996 0.20138809
v 0.2508908 -0.12049274 0.07963566
v 0.36870492 -0.120314606 0.08420906
v 0.36891684 -0.12155816 0.08425342
v 0.24872163 -0.10972098 0.07923843
v 0.35172108 0.16230862 0.07533836
v 0.23681928 0.16035438 0.07092976
v 0.3204989 0.2980103 0.070182644
v 0.21067803 0.28350806 0.06633602
v 0.321716 0.29710048 0.038864974
v 0.35172108 0.16230862 0.07533836
v 0.3204989 0.2980103 0.070182644
v 0.35293815 0.16139877 0.04402061
v 0.321716 0.29710048 0.038864974
v 0.21067803 0.28350806 0.06633602
v 0.2118951 0.28259826 0.035018347
v 0.3204989 0.2980103 0.070182644
v 0.24993873 -0.110630825 0.047920685
v 0.2508908 -0.12049274 0.07963566
v 0.25254202 -0.123558424 0.04839737
v 0.24872163 -0.10972098 0.07923843
v 0.24993873 -0.110630825 0.047920685
v 0.23681928 0.16035438 0.07092976
v 0.24872163 -0.10972098 0.07923843
v 0.23803638 0.15944454 0.039612006
v 0.35293815 0.16139877 0.04402061
v 0.36870492 -0.120314606 0.08420906
v 0.35172108 0.16230862 0.07533836
v 0.36992198 -0.12122441 0.05289131
v 0.23803638 0.15944454 0.039612006
v 0.21067803 0.28350806 0.06633602
v 0.23681928 0.16035438 0.07092976
v 0.2118951 0.28259826 0.035018347
v 0.2118951 0.28259826 0.035018347
v 0.35293815 0.16139877 0.04402061
v 0.321716 0.29710048 0.038864974
v 0.23803638 0.15944454 0.039612006
v 0.36992198 -0.12122441 0.05289131
v 0.24993873 -0.110630825 0.047920685
v 0.25254202 -0.123558424 0.04839737
v 0.37050125 -0.12462323 0.053012542
v 0.36992198 -0.12122441 0.05289131
v 0.36891684 -0.12155816 0.08425342
v 0.36870492 -0.120314606 0.08420906
v 0.37050125 -0.12462323 0.053012542
v 0.25254202 -0.123558424 0.04839737
v 0.36891684 -0.12155816 0.08425342
v 0.37050125 -0.12462323 0.053012542
v 0.2508908 -0.12049274 0.07963566
v 0.41808987 0.33572605 0.100954436
v 0.4368905 0.2004449 0.07422363
v 0.4356734 0.20135471 0.10554145
v 0.41930693 0.3348162 0.06963669
v 0.1721949 0.15936656 0.09652183
v 0.41808987 0.33572605 0.100954436
v 0.4356734 0.20135471 0.10554145
v 0.092366226 0.29410368 0.08950511
v 0.09550115 0.2934389 0.058254775
v 0.41808987 0.33572605 0.100954436
v 0.092366226 0.29410368 0.08950511
v 0.41930693 0.3348162 0.06963669
v 0.4356734 0.20135471 0.10554145
v 0.175297 0.15875714 0.065268554
v 0.1721949 0.15936656 0.09652183
v 0.4368905 0.2004449 0.07422363
v 0.175297 0.15875714 0.065268554
v 0.41930693 0.3348162 0.06963669
v 0.09550115 0.2934389 0.058254775
v 0.4368905 0.2004449 0.07422363
v 0.09550115 0.2934389 0.058254775
v 0.1721949 0.15936656 0.09652183
v 0.175297 0.15875714 0.065268554
v 0.092366226 0.29410368 0.08950511
v 0.4397354 0.17870414 0.07496586
v 0.42194086 0.13162084 0.10703357
v 0.43851832 0.179614 0.106283605
v 0.423158 0.13071103 0.075715825
v 0.423158 0.13071103 0.075715825
v 0.45277724 0.09094904 0.10941353
v 0.42194086 0.13162084 0.10703357
v 0.45399436 0.09003922 0.07809578
v 0.45399436 0.09003922 0.07809578
v 0.45778662 0.03236786 0.111310154
v 0.45277724 0.09094904 0.10941353
v 0.45900375 0.031458024 0.07999233
v 0.43851832 0.179614 0.106283605
v 0.2778917 0.15763482 0.06928833
v 0.4397354 0.17870414 0.07496586
v 0.27593514 0.1584484 0.10058013
v 0.2938982 0.01616518 0.07402019
v 0.45778662 0.03236786 0.111310154
v 0.45900375 0.031458024 0.07999233
v 0.2919385 0.017006235 0.10531109
v 0.06193976 -0.0053198813 0.06562984
v 0.29193848 0.017006235 0.10531116
v 0.05884123 -0.0045843124 0.09687965
v 0.42194086 0.13162084 0.10703357
v 0.27593514 0.1584484 0.10058013
v 0.43851832 0.179614 0.106283605
v 0.27972296 0.124970555 0.10169983
v 0.28739253 0.05718463 0.103967205
v 0.45277724 0.09094904 0.10941353
v 0.45778662 0.03236786 0.111310154
v 0.2919385 0.017006235 0.10531109
v 0.05884123 -0.0045843124 0.09687965
v 0.29193848 0.017006235 0.10531116
v 0.05945609 0.010649834 0.096460916
v 0.06366241 0.11486735 0.093596764
v 0.27972293 0.12497058 0.10169983
v 0.27593514 0.15844838 0.10058013
v 0.06430943 0.13089827 0.09315624
v 0.2778917 0.15763482 0.06928833
v 0.423158 0.13071103 0.075715825
v 0.4397354 0.17870414 0.07496586
v 0.28168648 0.124095656 0.07041008
v 0.28934306 0.05642454 0.07267357
v 0.45399436 0.09003922 0.07809578
v 0.45900375 0.031458024 0.07999233
v 0.2938982 0.01616518 0.07402019
v 0.2893431 0.056424532 0.07267353
v 0.06193976 -0.0053198813 0.06562984
v 0.06256317 0.010125847 0.065205306
v 0.06675743 0.114045344 0.06234943
v 0.28168648 0.124095656 0.07041008
v 0.27789176 0.15763482 0.06928833
v 0.067410804 0.13023375 0.061904524
v 0.28934306 0.05642454 0.07267357
v 0.2919385 0.017006235 0.10531109
v 0.2938982 0.01616518 0.07402019
v 0.28168648 0.124095656 0.07041008
v 0.2778917 0.15763482 0.06928833
v 0.28739253 0.05718463 0.103967205
v 0.27972296 0.124970555 0.10169983
v 0.27593514 0.1584484 0.10058013
v 0.47990045 -0.13661887 0.11707889
v 0.21015987 -0.03209528 0.103559494
v 0.4606322 0.010627217 0.112052344
v 0.30380145 -0.15031818 0.10794857
v 0.20850135 -0.03228601 0.10350055
v 0.21137695 -0.03300511 0.072241664
v 0.21015987 -0.03209528 0.103559494
v 0.20866084 -0.033317473 0.072145194
v 0.20850135 -0.032286007 0.10350055
v 0.074294284 -0.04876991 0.06737225
v 0.06890529 -0.04833986 0.09854191
v 0.48111758 -0.1375287 0.08576107
v 0.30380145 -0.15031818 0.10794857
v 0.47990045 -0.13661887 0.11707889
v 0.30502456 -0.15118143 0.077971876
v 0.48111758 -0.1375287 0.08576107
v 0.4606322 0.010627217 0.112052344
v 0.4618493 0.009717388 0.08073452
v 0.47990045 -0.13661887 0.11707889
v 0.30380145 -0.15031818 0.10794857
v 0.21485668 -0.050707392 0.10465744
v 0.21015987 -0.03209528 0.103559494
v 0.25358325 -0.1629745 0.110858954
v 0.24380924 -0.1654378 0.11142544
v 0.21137695 -0.03300511 0.072241664
v 0.4606322 0.010627217 0.112052344
v 0.21015987 -0.03209528 0.103559494
v 0.4618493 0.009717388 0.08073452
v 0.21015987 -0.03209528 0.103559494
v 0.20854732 -0.03241931 0.10350624
v 0.20850135 -0.03228601 0.10350055
v 0.21485668 -0.050707392 0.10465744
v 0.24380924 -0.1654378 0.11142544
v 0.20279929 -0.17101559 0.10980896
v 0.07979778 -0.058290653 0.099254265
v 0.20854732 -0.032419305 0.10350624
v 0.20850135 -0.032286007 0.10350055
v 0.06890529 -0.04833986 0.09854191
v 0.21137695 -0.03300511 0.072241664
v 0.48111758 -0.1375287 0.08576107
v 0.4618493 0.009717388 0.08073452
v 0.30502456 -0.15118143 0.077971876
v 0.21137695 -0.03300511 0.072241664
v 0.2537939 -0.16416985 0.07865032
v 0.30502456 -0.15118143 0.077971876
v 0.21905899 -0.06346275 0.0737315
v 0.24502034 -0.16639423 0.07876652
v 0.20873615 -0.033535764 0.072154425
v 0.20866084 -0.033317473 0.072145194
v 0.20873612 -0.033535767 0.072154425
v 0.20831485 -0.17138371 0.0774023
v 0.0848651 -0.058426812 0.06806366
v 0.074294284 -0.04876991 0.06737225
v 0.2537939 -0.16416985 0.07865032
v 0.30380145 -0.15031818 0.10794857
v 0.30502456 -0.15118143 0.077971876
v 0.25358325 -0.1629745 0.110858954
v 0.24502034 -0.16639423 0.07876652
v 0.24380924 -0.1654378 0.11142544
v 0.20866084 -0.033317473 0.072145194
v 0.21905899 -0.06346275 0.0737315
v 0.20873615 -0.033535764 0.072154425
v 0.20854732 -0.03241931 0.10350624
v 0.20850135 -0.03228601 0.10350055
v 0.25358325 -0.1629745 0.110858954
v 0.2537939 -0.16416985 0.07865032
v 0.21485668 -0.050707392 0.10465744
v 0.28739253 0.05718463 0.103967205
v 0.2938982 0.01616518 0.07402019
v 0.29193848 0.017006235 0.10531116
v 0.27972293 0.12497058 0.10169983
v 0.27593514 0.15844838 0.10058013
v 0.2893431 0.056424532 0.07267353
v 0.28168648 0.124095656 0.07041008
v 0.27789176 0.15763482 0.06928833
v 0.067410804 0.13023375 0.061904524
v 0.27593514 0.15844838 0.10058013
v 0.06430943 0.13089827 0.09315624
v 0.27789176 0.15763482 0.06928833
v 0.06366241 0.11486735 0.093596764
v 0.067410804 0.13023375 0.061904524
v 0.06430943 0.13089827 0.09315624
v 0.05945609 0.010649834 0.096460916
v 0.05884123 -0.0045843124 0.09687965
v 0.06675743 0.114045344 0.06234943
v 0.06256317 0.010125847 0.065205306
v 0.06193976 -0.0053198813 0.06562984
v 0.20831485 -0.17138371 0.0774023
v 0.24380924 -0.1654378 0.11142544
v 0.24502034 -0.16639423 0.07876652
v 0.20279929 -0.17101559 0.10980896
v 0.20831485 -0.17138371 0.0774023
v 0.07979778 -0.058290653 0.099254265
v 0.20279929 -0.17101559 0.10980896
v 0.074294284 -0.04876991 0.06737225
v 0.0848651 -0.058426812 0.06806366
v 0.06890529 -0.04833986 0.09854191
v 0.25358325 -0.1629745 0.110858954
v 0.21905899 -0.06346275 0.0737315
v 0.2537939 -0.16416985 0.07865032
v 0.20854732 -0.032419305 0.10350624
v 0.21485668 -0.050707392 0.10465744
v 0.20850135 -0.032286007 0.10350055
v 0.20873612 -0.033535767 0.072154425
v 0.20866084 -0.033317473 0.072145194
v -0.77268255 -0.00028972625 0.085014686
v -0.7846672 -0.09537605 0.036874846
v -0.7719995 0.0049334527 0.054105643
v -0.78535026 -0.10059923 0.067783885
v -0.22605307 -0.07076105 0.08771797
v -0.7846672 -0.09537605 0.036874846
v -0.78535026 -0.10059923 0.067783885
v -0.22105941 -0.06509962 0.05572174
v -0.77756214 0.04652216 0.09281742
v -0.7719995 0.0049334527 0.054105643
v -0.77687913 0.051745337 0.061908375
v -0.77268255 -0.00028972625 0.085014686
v -0.35041562 0.060956854 0.10469559
v -0.77687913 0.051745337 0.061908375
v -0.3455346 0.0663219 0.07390323
v -0.77756214 0.04652216 0.09281742
v -0.78535026 -0.10059923 0.067783885
v -0.34029937 0.050310228 0.10311996
v -0.22605307 -0.07076105 0.08771797
v -0.77268255 -0.00028972625 0.085014686
v -0.35041562 0.060956854 0.10469559
v -0.77756214 0.04652216 0.09281742
v -0.33571708 0.055989727 0.072374225
v -0.7846672 -0.09537605 0.036874846
v -0.22105941 -0.06509962 0.05572174
v -0.7719995 0.0049334527 0.054105643
v -0.3455346 0.0663219 0.07390323
v -0.77687913 0.051745337 0.061908375
v -0.34029937 0.050310228 0.10311996
v -0.22105941 -0.06509962 0.05572174
v -0.22605307 -0.07076105 0.08771797
v -0.35041562 0.060956854 0.10469559
v -0.33571708 0.055989727 0.072374225
v -0.3455346 0.0663219 0.07390323
v -0.78343564 -0.11756567 0.033152312
v -0.65543747 -0.116304226 0.06800072
v -0.7841187 -0.122788824 0.064061396
v -0.65475446 -0.111081086 0.037091672
v -0.40341362 -0.10360418 0.07571598
v -0.4026569 -0.0983773 0.04480915
v -0.7753109 -0.26388505 0.008605957
v -0.7800515 -0.22587521 0.046731032
v -0.77599394 -0.26910827 0.039515
v -0.7793686 -0.22065203 0.015822066
v -0.5931166 -0.2466132 0.013335418
v -0.40234146 -0.24272417 0.04909294
v -0.4016108 -0.23932436 0.01944561
v -0.5938748 -0.24926165 0.04246246
v -0.5931166 -0.2466132 0.013335418
v -0.77599394 -0.26910827 0.039515
v -0.5938748 -0.24926165 0.04246246
v -0.7753109 -0.26388505 0.008605957
v -0.7914299 -0.17782232 0.022793159
v -0.7841187 -0.122788824 0.064061396
v -0.7921129 -0.18304548 0.053702123
v -0.78343564 -0.11756567 0.033152312
v -0.7793686 -0.22065203 0.015822066
v -0.7921129 -0.18304548 0.053702123
v -0.7800515 -0.22587521 0.046731032
v -0.7914299 -0.17782232 0.022793159
v -0.5938748 -0.24926165 0.04246246
v -0.40239912 -0.23468031 0.050462034
v -0.40234146 -0.24272417 0.04909294
v -0.40341362 -0.10360418 0.07571598
v -0.65543747 -0.116304226 0.06800072
v -0.7921129 -0.18304548 0.053702123
v -0.7841187 -0.122788824 0.064061396
v -0.7800515 -0.22587521 0.046731032
v -0.77599394 -0.26910827 0.039515
v -0.5931166 -0.2466132 0.013335418
v -0.4016108 -0.23932436 0.01944561
v -0.40166846 -0.23127428 0.02081024
v -0.4026569 -0.0983773 0.04480915
v -0.65475446 -0.111081086 0.037091672
v -0.7914299 -0.17782232 0.022793159
v -0.78343564 -0.11756567 0.033152312
v -0.7793686 -0.22065203 0.015822066
v -0.7753109 -0.26388505 0.008605957
v -0.4026569 -0.0983773 0.04480915
v -0.40239912 -0.23468031 0.050462034
v -0.40341362 -0.10360418 0.07571598
v -0.4016108 -0.23932436 0.01944561
v -0.40166846 -0.23127428 0.02081024
v -0.40234146 -0.24272417 0.04909294
v -0.5841793 0.015206099 0.06335255
v -0.6713031 -0.22641592 0.020596657
v -0.6970249 0.030513104 0.06344562
v -0.5610252 -0.21607362 0.024781227
v -0.6970249 0.030513104 0.06344562
v -0.6706201 -0.22119284 -0.010312347
v -0.6962866 0.035183754 0.032444496
v -0.6713031 -0.22641592 0.020596657
v -0.6706201 -0.22119284 -0.010312347
v -0.5610252 -0.21607362 0.024781227
v -0.5603422 -0.2108505 -0.006127777
v -0.6713031 -0.22641592 0.020596657
v -0.6706201 -0.22119284 -0.010312347
v -0.583441 0.019876719 0.032351457
v -0.6962866 0.035183754 0.032444496
v -0.5603422 -0.2108505 -0.006127777
v -0.5610252 -0.21607362 0.024781227
v -0.583441 0.019876719 0.032351457
v -0.5603422 -0.2108505 -0.006127777
v -0.5841793 0.015206099 0.06335255
v -0.583441 0.019876719 0.032351457
v -0.6970249 0.030513104 0.06344562
v -0.6962866 0.035183754 0.032444496
v -0.5841793 0.015206099 0.06335255
v -0.4216313 0.19427785 0.0275066
v -0.5381326 0.22976154 -0.00022670746
v -0.5410213 0.22854377 0.030970687
v -0.41934675 0.19524093 0.0028339385
v -0.5057585 0.31934604 0.037780188
v -0.5070026 0.3748882 0.008320656
v -0.5098913 0.37367046 0.039518032
v -0.50286984 0.3205638 0.0065827942
v -0.5057585 0.31934604 0.037780188
v -0.35296482 0.33904526 0.046106223
v -0.4216313 0.19427785 0.0275066
v -0.5098913 0.37367046 0.039518032
v -0.4216313 0.19427785 0.0275066
v -0.2216093 0.15426283 0.021427039
v -0.41934675 0.19524093 0.0028339385
v -0.22371654 0.15315424 0.048000544
v -0.3503782 0.34013572 0.018171195
v -0.5098913 0.37367046 0.039518032
v -0.5070026 0.3748882 0.008320656
v -0.35296482 0.33904526 0.046106223
v -0.20202865 0.30460867 0.060246523
v -0.19975045 0.30581427 0.03153118
v -0.5410213 0.22854377 0.030970687
v -0.50286984 0.3205638 0.0065827942
v -0.5057585 0.31934604 0.037780188
v -0.5381326 0.22976154 -0.00022670746
v -0.50286984 0.3205638 0.0065827942
v -0.3503782 0.34013572 0.018171195
v -0.5070026 0.3748882 0.008320656
v -0.41934675 0.19524093 0.0028339385
v -0.5381326 0.22976154 -0.00022670746
v -0.2216093 0.15426283 0.021427039
v -0.19975045 0.30581427 0.03153118
v -0.35296482 0.33904526 0.046106223
v -0.22371654 0.15315424 0.048000544
v -0.4216313 0.19427785 0.0275066
v -0.20202865 0.30460867 0.060246523
v -0.22371654 0.15315424 0.048000544
v -0.19975045 0.30581427 0.03153118
v -0.2216093 0.15426283 0.021427039
v -0.20202865 0.30460867 0.060246523
vt 0.609375 0.2388916
vt 0.62939453 0.25854492
vt 0.62939453 0.21911621
vt 0.609375 0.2388916
vt 0.62939453 0.21911621
vt 0.62939453 0.25854492
vt 0.72509766 0.89746094
vt 0.72509766 0.97265625
vt 0.6640625 0.97265625
vt 0.34985352 0.04827881
vt 0.3017578 0.12854004
vt 0.34985352 0.13305664
vt 0.3017578 0.04827881
vt 0.023803711 0.13305664
vt 0.023803711 0.04827881
vt 0.023803711 0.14465332
vt 0.3017578 0.12854004
vt 0.023803711 0.13305664
vt 0.3017578 0.14465332
vt 0.34985352 0.13305664
vt 0.34985352 0.14465332
vt 0.01058197 0.13305664
vt 0.023803711 0.04827881
vt 0.01058197 0.04827881
vt 0.023803711 0.13305664
vt 0.34985352 0.03579712
vt 0.3017578 0.04827881
vt 0.34985352 0.04827881
vt 0.3017578 0.03579712
vt 0.023803711 0.04827881
vt 0.023803711 0.03579712
vt 0.3630371 0.04827881
vt 0.34985352 0.13305664
vt 0.3630371 0.13305664
vt 0.34985352 0.04827881
vt 0.30200195 0.12408447
vt 0.34985352 0.04827881
vt 0.34985352 0.13305664
vt 0.3017578 0.04827881
vt 0.023803711 0.13305664
vt 0.023803711 0.04827881
vt 0.8676758 0.7104492
vt 0.77783203 0.97265625
vt 0.87158203 0.97265625
vt 0.77783203 0.79248047
vt 0.7885742 0.7104492
vt 0.81103516 0.4501953
vt 0.77783203 0.4501953
vt 0.87158203 0.4501953
vt 0.7597656 0.4501953
vt 0.7885742 0.7104492
vt 0.77783203 0.4501953
vt 0.77001953 0.7104492
vt 0.77783203 0.79248047
vt 0.7597656 0.79248047
vt 0.77783203 0.97265625
vt 0.7597656 0.97265625
vt 0.87158203 0.4309082
vt 0.81103516 0.4501953
vt 0.87158203 0.4501953
vt 0.81103516 0.4309082
vt 0.77783203 0.4501953
vt 0.77783203 0.4309082
vt 0.890625 0.7104492
vt 0.87158203 0.97265625
vt 0.890625 0.97265625
vt 0.8676758 0.7104492
vt 0.87158203 0.4501953
vt 0.890625 0.4501953
vt 0.87158203 0.9921875
vt 0.77783203 0.97265625
vt 0.77783203 0.9921875
vt 0.87158203 0.97265625
vt 0.77783203 0.79248047
vt 0.87158203 0.97265625
vt 0.77783203 0.97265625
vt 0.8676758 0.7104492
vt 0.7885742 0.7104492
vt 0.77783203 0.4501953
vt 0.81103516 0.4501953
vt 0.87158203 0.4501953
vt 0.9140625 0.027175903
vt 0.39770508 0.119628906
vt 0.39770508 0.027175903
vt 0.9140625 0.119628906
vt 0.9189453 0.119384766
vt 0.40283203 0.026931763
vt 0.40283203 0.119384766
vt 0.9189453 0.058532715
vt 0.9189453 0.026931763
vt 0.40283203 0.119384766
vt 0.9189453 0.026931763
vt 0.40283203 0.026931763
vt 0.86816406 0.119384766
vt 0.9189453 0.119384766
vt 0.39770508 0.13867188
vt 0.9140625 0.119628906
vt 0.9140625 0.13867188
vt 0.39770508 0.119628906
vt 0.93896484 0.119628906
vt 0.9140625 0.027175903
vt 0.93896484 0.027175903
vt 0.9140625 0.119628906
vt 0.9140625 0.008041382
vt 0.39770508 0.027175903
vt 0.39770508 0.008041382
vt 0.9140625 0.027175903
vt 0.3779297 0.027175903
vt 0.39770508 0.119628906
vt 0.3779297 0.119628906
vt 0.39770508 0.027175903
vt 0.9189453 0.13842773
vt 0.40283203 0.119384766
vt 0.40283203 0.13842773
vt 0.9189453 0.119384766
vt 0.3779297 0.119384766
vt 0.40283203 0.026931763
vt 0.3779297 0.026931763
vt 0.40283203 0.119384766
vt 0.40283203 0.007801056
vt 0.9189453 0.026931763
vt 0.9189453 0.007801056
vt 0.40283203 0.026931763
vt 0.93896484 0.119384766
vt 0.9189453 0.058532715
vt 0.9189453 0.119384766
vt 0.93896484 0.05923462
vt 0.9189453 0.026931763
vt 0.93896484 0.026931763
vt 0.9189453 0.007801056
vt 0.40283203 0.026931763
vt 0.9189453 0.026931763
vt 0.40283203 0.007801056
vt 0.93896484 0.026931763
vt 0.9189453 0.119384766
vt 0.93896484 0.119384766
vt 0.9189453 0.026931763
vt 0.40283203 0.13842773
vt 0.86816406 0.119384766
vt 0.40283203 0.119384766
vt 0.8676758 0.13842773
vt 0.9189453 0.119384766
vt 0.9189453 0.13842773
vt 0.3779297 0.119384766
vt 0.40283203 0.026931763
vt 0.3779297 0.026931763
vt 0.40283203 0.119384766
vt 0.9189453 0.026824951
vt 0.40283203 0.070251465
vt 0.40283203 0.026824951
vt 0.40283203 0.119262695
vt 0.9189453 0.119262695
vt 0.40283203 0.13842773
vt 0.9189453 0.119262695
vt 0.9189453 0.13842773
vt 0.40283203 0.119262695
vt 0.93896484 0.119262695
vt 0.9189453 0.026824951
vt 0.93896484 0.026824951
vt 0.9189453 0.119262695
vt 0.9189453 0.007801056
vt 0.40283203 0.026824951
vt 0.40283203 0.007801056
vt 0.9189453 0.026824951
vt 0.3779297 0.119262695
vt 0.40283203 0.070251465
vt 0.40283203 0.119262695
vt 0.3779297 0.070251465
vt 0.40283203 0.026824951
vt 0.3779297 0.026824951
vt 0.22521973 0.14465332
vt 0.023803711 0.13305664
vt 0.2253418 0.13305664
vt 0.023803711 0.14465332
vt 0.01058197 0.13305664
vt 0.023803711 0.04827881
vt 0.023803711 0.13305664
vt 0.01058197 0.04827881
vt 0.023803711 0.13305664
vt 0.19116211 0.04827881
vt 0.023803711 0.04827881
vt 0.2253418 0.13305664
vt 0.19104004 0.04827881
vt 0.023803711 0.13305664
vt 0.023803711 0.04827881
vt 0.2253418 0.13305664
vt 0.023803711 0.03579712
vt 0.19104004 0.04827881
vt 0.023803711 0.04827881
vt 0.19116211 0.03579712
vt 0.19116211 0.04827881
vt 0.2253418 0.13305664
vt 0.19104004 0.04827881
vt 0.22521973 0.14465332
vt 0.6328125 0.4501953
vt 0.72509766 0.76953125
vt 0.6328125 0.77685547
vt 0.72509766 0.4501953
vt 0.6147461 0.77685547
vt 0.6328125 0.4501953
vt 0.6328125 0.77685547
vt 0.6147461 0.4501953
vt 0.6328125 0.43041992
vt 0.72509766 0.4501953
vt 0.6328125 0.4501953
vt 0.72509766 0.43041992
vt 0.72509766 0.76953125
vt 0.6328125 0.4501953
vt 0.6328125 0.77685547
vt 0.72509766 0.4501953
vt 0.7416992 0.4501953
vt 0.72509766 0.76953125
vt 0.72509766 0.4501953
vt 0.7416992 0.76953125
vt 0.6147461 0.77685547
vt 0.72509766 0.76953125
vt 0.72509766 0.76953125
vt 0.6328125 0.77685547
vt 0.60595703 0.9765625
vt 0.5830078 0.89746094
vt 0.5854492 0.9765625
vt 0.6040039 0.8979492
vt 0.5854492 0.9970703
vt 0.28466797 0.9765625
vt 0.28466797 0.9970703
vt 0.5854492 0.9765625
vt 0.6040039 0.8979492
vt 0.58496094 0.88134766
vt 0.5830078 0.89746094
vt 0.60498047 0.8798828
vt 0.28466797 0.9765625
vt 0.5830078 0.89746094
vt 0.5854492 0.9765625
vt 0.28051758 0.88623047
vt 0.2800293 0.88134766
vt 0.58496094 0.88134766
vt 0.5830078 0.89746094
vt 0.28466797 0.9765625
vt 0.5854492 0.9765625
vt 0.28051758 0.88623047
vt 0.58496094 0.88134766
vt 0.2800293 0.88134766
vt 0.58496094 0.8618164
vt 0.2800293 0.88134766
vt 0.58496094 0.88134766
vt 0.28027344 0.8618164
vt 0.28051758 0.88623047
vt 0.28466797 0.9970703
vt 0.28466797 0.9765625
vt 0.2800293 0.88134766
vt 0.2800293 0.88134766
vt 0.28051758 0.88623047
vt 0.24865723 0.24206543
vt 0.26513672 0.17932129
vt 0.2475586 0.17956543
vt 0.26635742 0.24182129
vt 0.26513672 0.17932129
vt 0.35766602 0.16345215
vt 0.265625 0.16174316
vt 0.359375 0.18127441
vt 0.80078125 0.3864746
vt 0.7270508 0.33862305
vt 0.73095703 0.3864746
vt 0.80078125 0.33862305
vt 0.26635742 0.24182129
vt 0.359375 0.18127441
vt 0.26513672 0.17932129
vt 0.36914062 0.24719238
vt 0.36791992 0.26464844
vt 0.26635742 0.24182129
vt 0.26538086 0.25952148
vt 0.36914062 0.24719238
vt 0.53564453 0.30029297
vt 0.3203125 0.35107422
vt 0.53564453 0.29760742
vt 0.5371094 0.31030273
vt 0.87158203 0.9926758
vt 0.77783203 0.97265625
vt 0.77783203 0.9926758
vt 0.87158203 0.97265625
vt 0.77783203 0.97265625
vt 0.87158203 0.79248047
vt 0.77783203 0.6904297
vt 0.87158203 0.97265625
vt 0.7597656 0.97265625
vt 0.77783203 0.6904297
vt 0.7597656 0.6875
vt 0.77783203 0.97265625
vt 0.8911133 0.97265625
vt 0.87158203 0.79248047
vt 0.87158203 0.97265625
vt 0.8911133 0.7890625
vt 0.77783203 0.97265625
vt 0.87158203 0.7890625
vt 0.87158203 0.97265625
vt 0.77783203 0.6875
vt 0.77783203 0.6904297
vt 0.87158203 0.7890625
vt 0.7597656 0.6875
vt 0.87158203 0.79248047
vt 0.037017822 0.6591797
vt 0.30419922 0.5600586
vt 0.028869629 0.5600586
vt 0.30419922 0.6591797
vt 0.36401367 0.6591797
vt 0.40454102 0.5600586
vt 0.30419922 0.5385742
vt 0.40454102 0.5600586
vt 0.40600586 0.5385742
vt 0.30419922 0.5600586
vt 0.03753662 0.68066406
vt 0.30419922 0.6591797
vt 0.037017822 0.6591797
vt 0.30444336 0.68066406
vt 0.36401367 0.6591797
vt 0.36572266 0.68066406
vt 0.016540527 0.6665039
vt 0.028869629 0.5600586
vt 0.008377075 0.5644531
vt 0.037017822 0.6591797
vt 0.30419922 0.5385742
vt 0.028869629 0.5600586
vt 0.30419922 0.5600586
vt 0.028427124 0.5385742
vt 0.30419922 0.5600586
vt 0.037017822 0.6591797
vt 0.028869629 0.5600586
vt 0.30419922 0.6591797
vt 0.36523438 0.6591797
vt 0.40576172 0.5600586
vt 0.36523438 0.6591797
vt 0.40454102 0.5600586
vt 0.36401367 0.6591797
vt 0.40600586 0.5385742
vt 0.40161133 0.18432617
vt 0.5957031 0.16772461
vt 0.4013672 0.16711426
vt 0.5957031 0.18493652
vt 0.61279297 0.18493652
vt 0.5957031 0.24584961
vt 0.61279297 0.24584961
vt 0.5957031 0.18493652
vt 0.5957031 0.18493652
vt 0.41577148 0.24536133
vt 0.5957031 0.24584961
vt 0.40161133 0.18432617
vt 0.5957031 0.24584961
vt 0.41552734 0.26245117
vt 0.5957031 0.2631836
vt 0.41577148 0.24536133
vt 0.75878906 0.33642578
vt 0.80029297 0.3857422
vt 0.80029297 0.33642578
vt 0.7553711 0.3857422
vt 0.5444336 0.3479004
vt 0.54248047 0.33569336
vt 0.32641602 0.35083008
vt 0.5444336 0.34521484
vt 0.029953003 0.49804688
vt 0.2286377 0.40625
vt 0.02961731 0.40625
vt 0.20617676 0.49804688
vt 0.3322754 0.4885254
vt 0.33276367 0.49804688
vt 0.31933594 0.41479492
vt 0.3178711 0.40625
vt 0.22888184 0.3857422
vt 0.3178711 0.40625
vt 0.31933594 0.3857422
vt 0.2286377 0.40625
vt 0.20617676 0.49804688
vt 0.028930664 0.5185547
vt 0.20532227 0.5185547
vt 0.029953003 0.49804688
vt 0.029953003 0.49804688
vt 0.0090408325 0.40234375
vt 0.009391785 0.4909668
vt 0.02961731 0.40625
vt 0.02961731 0.40625
vt 0.22888184 0.3857422
vt 0.030731201 0.3857422
vt 0.2286377 0.40625
vt 0.2286377 0.40625
vt 0.029953003 0.49804688
vt 0.02961731 0.40625
vt 0.20617676 0.49804688
vt 0.3334961 0.48828125
vt 0.33398438 0.49804688
vt 0.32055664 0.41479492
vt 0.3190918 0.40625
vt 0.20532227 0.5185547
vt 0.33276367 0.49804688
vt 0.20617676 0.49804688
vt 0.3334961 0.5185547
vt 0.31933594 0.41479492
vt 0.31933594 0.3857422
vt 0.3178711 0.40625
vt 0.3322754 0.4885254
vt 0.33276367 0.49804688
vt 0.32055664 0.41479492
vt 0.3334961 0.48828125
vt 0.33398438 0.49804688
vt 0.77783203 0.79248047
vt 0.87158203 0.97265625
vt 0.77783203 0.97265625
vt 0.87158203 0.7470703
vt 0.8378906 0.7402344
vt 0.77783203 0.73046875
vt 0.87158203 0.97265625
vt 0.890625 0.75146484
vt 0.890625 0.97265625
vt 0.87158203 0.7470703
vt 0.87158203 0.9921875
vt 0.77783203 0.97265625
vt 0.87158203 0.97265625
vt 0.77783203 0.9921875
vt 0.77783203 0.97265625
vt 0.7597656 0.79248047
vt 0.77783203 0.79248047
vt 0.7597656 0.97265625
vt 0.77783203 0.79248047
vt 0.77783203 0.97265625
vt 0.87158203 0.97265625
vt 0.87158203 0.75146484
vt 0.8339844 0.74365234
vt 0.77783203 0.7338867
vt 0.7597656 0.7338867
vt 0.77783203 0.79248047
vt 0.7597656 0.79248047
vt 0.77783203 0.73046875
vt 0.8378906 0.7402344
vt 0.890625 0.75146484
vt 0.87158203 0.7470703
vt 0.77783203 0.73046875
vt 0.8339844 0.74365234
vt 0.77783203 0.7338867
vt 0.87158203 0.93408203
vt 0.8911133 0.97265625
vt 0.87158203 0.97265625
vt 0.8911133 0.93408203
vt 0.87158203 0.9926758
vt 0.77783203 0.97265625
vt 0.87158203 0.97265625
vt 0.77783203 0.9926758
vt 0.87158203 0.93408203
vt 0.77783203 0.5654297
vt 0.87158203 0.5654297
vt 0.77783203 0.9111328
vt 0.87158203 0.97265625
vt 0.77783203 0.97265625
vt 0.8911133 0.5654297
vt 0.87158203 0.5517578
vt 0.8911133 0.5493164
vt 0.87158203 0.5654297
vt 0.87158203 0.93408203
vt 0.8911133 0.93408203
vt 0.7597656 0.5654297
vt 0.77783203 0.9111328
vt 0.7597656 0.9111328
vt 0.77783203 0.5654297
vt 0.77783203 0.54003906
vt 0.7597656 0.53759766
vt 0.77783203 0.97265625
vt 0.7597656 0.9111328
vt 0.77783203 0.9111328
vt 0.7597656 0.97265625
vt 0.77783203 0.5654297
vt 0.77783203 0.54003906
vt 0.78466797 0.5419922
vt 0.87158203 0.5654297
vt 0.8666992 0.55078125
vt 0.87158203 0.5517578
vt 0.87158203 0.97265625
vt 0.77783203 0.9111328
vt 0.77783203 0.97265625
vt 0.87158203 0.93408203
vt 0.87158203 0.5654297
vt 0.77783203 0.5654297
vt 0.78564453 0.54003906
vt 0.77783203 0.53759766
vt 0.86572266 0.54833984
vt 0.87158203 0.5493164
vt 0.87158203 0.5517578
vt 0.86572266 0.54833984
vt 0.8911133 0.5493164
vt 0.78466797 0.5419922
vt 0.8666992 0.55078125
vt 0.77783203 0.53759766
vt 0.78564453 0.54003906
vt 0.77783203 0.54003906
vt 0.8330078 0.19116211
vt 0.62939453 0.21911621
vt 0.8330078 0.21911621
vt 0.62939453 0.19116211
vt 0.8330078 0.25854492
vt 0.62939453 0.28637695
vt 0.8330078 0.28637695
vt 0.62939453 0.25854492
vt 0.8330078 0.21911621
vt 0.62939453 0.25854492
vt 0.8330078 0.25854492
vt 0.62939453 0.21911621
vt 0.9526367 0.31201172
vt 0.8354492 0.34155273
vt 0.84375 0.31201172
vt 0.9526367 0.3972168
vt 0.6254883 0.3972168
vt 0.74316406 0.34155273
vt 0.734375 0.31201172
vt 0.6791992 0.31201172
vt 0.6254883 0.31201172
vt 0.9526367 0.41210938
vt 0.6254883 0.3972168
vt 0.9526367 0.3972168
vt 0.6254883 0.41210938
vt 0.7495117 0.33374023
vt 0.8354492 0.34155273
vt 0.74316406 0.34155273
vt 0.82910156 0.33374023
vt 0.82910156 0.33374023
vt 0.84375 0.31201172
vt 0.8354492 0.34155273
vt 0.83154297 0.31201172
vt 0.84375 0.2993164
vt 0.9526367 0.31201172
vt 0.84375 0.31201172
vt 0.9526367 0.2993164
vt 0.9658203 0.31201172
vt 0.9526367 0.3972168
vt 0.9526367 0.31201172
vt 0.9658203 0.3972168
vt 0.74658203 0.31201172
vt 0.74316406 0.34155273
vt 0.734375 0.31201172
vt 0.7495117 0.33374023
vt 0.6118164 0.3972168
vt 0.6254883 0.31201172
vt 0.6254883 0.3972168
vt 0.6118164 0.31201172
vt 0.6791992 0.31201172
vt 0.73339844 0.2993164
vt 0.734375 0.31201172
vt 0.6791992 0.2993164
vt 0.6254883 0.31201172
vt 0.6791992 0.2993164
vt 0.6791992 0.31201172
vt 0.6254883 0.2993164
vt 0.8354492 0.34155273
vt 0.9526367 0.31201172
vt 0.84375 0.31201172
vt 0.9526367 0.3972168
vt 0.6254883 0.3972168
vt 0.74316406 0.34155273
vt 0.734375 0.31201172
vt 0.6791992 0.31201172
vt 0.6254883 0.31201172
vt 0.62939453 0.21911621
vt 0.8330078 0.19116211
vt 0.8330078 0.21911621
vt 0.62939453 0.19116211
vt 0.62939453 0.28637695
vt 0.8330078 0.25854492
vt 0.8330078 0.28637695
vt 0.62939453 0.25854492
vt 0.8330078 0.21911621
vt 0.62939453 0.25854492
vt 0.62939453 0.21911621
vt 0.8330078 0.25854492
vt 0.6328125 0.52441406
vt 0.72509766 0.4501953
vt 0.6328125 0.4501953
vt 0.72509766 0.54833984
vt 0.6328125 0.7128906
vt 0.72509766 0.72314453
vt 0.6147461 0.4501953
vt 0.6328125 0.52441406
vt 0.6328125 0.4501953
vt 0.6147461 0.52441406
vt 0.6328125 0.43041992
vt 0.72509766 0.4501953
vt 0.72509766 0.43041992
vt 0.6328125 0.4501953
vt 0.7416992 0.54833984
vt 0.72509766 0.72314453
vt 0.7416992 0.72265625
vt 0.72509766 0.54833984
vt 0.72509766 0.4501953
vt 0.7416992 0.4501953
vt 0.72509766 0.4501953
vt 0.6328125 0.52441406
vt 0.6328125 0.4501953
vt 0.72509766 0.54833984
vt 0.6328125 0.71240234
vt 0.72509766 0.72265625
vt 0.6147461 0.52441406
vt 0.6328125 0.7128906
vt 0.6328125 0.52441406
vt 0.6147461 0.71240234
vt 0.6328125 0.71240234
vt 0.72509766 0.72314453
vt 0.6328125 0.7128906
vt 0.7416992 0.72265625
vt 0.87158203 0.4506836
vt 0.8334961 0.4506836
vt 0.87158203 0.5654297
vt 0.77783203 0.5654297
vt 0.81152344 0.4506836
vt 0.77783203 0.4506836
vt 0.77783203 0.6904297
vt 0.87158203 0.79248047
vt 0.8911133 0.7890625
vt 0.87158203 0.5654297
vt 0.87158203 0.79248047
vt 0.8911133 0.5654297
vt 0.87158203 0.4506836
vt 0.8911133 0.4506836
vt 0.7597656 0.4506836
vt 0.77783203 0.5654297
vt 0.77783203 0.4506836
vt 0.7597656 0.5654297
vt 0.7597656 0.6875
vt 0.77783203 0.6904297
vt 0.87158203 0.43115234
vt 0.8334961 0.4506836
vt 0.87158203 0.4506836
vt 0.8334961 0.43115234
vt 0.81152344 0.43115234
vt 0.77783203 0.4506836
vt 0.81152344 0.4506836
vt 0.77783203 0.43115234
vt 0.81152344 0.43115234
vt 0.8334961 0.4506836
vt 0.8334961 0.43115234
vt 0.81152344 0.4506836
vt 0.87158203 0.4506836
vt 0.87158203 0.5654297
vt 0.8334961 0.4506836
vt 0.77783203 0.5654297
vt 0.81152344 0.4506836
vt 0.77783203 0.4506836
vt 0.77783203 0.6875
vt 0.87158203 0.7890625
vt 0.8911133 0.7890625
vt 0.77783203 0.6904297
vt 0.77783203 0.6875
vt 0.87158203 0.79248047
vt 0.36914062 0.24719238
vt 0.36010742 0.18127441
vt 0.359375 0.18127441
vt 0.37524414 0.2475586
vt 0.51904297 0.17053223
vt 0.52734375 0.23486328
vt 0.59716797 0.17614746
vt 0.5986328 0.23864746
vt 0.59814453 0.1583252
vt 0.51904297 0.17053223
vt 0.59716797 0.17614746
vt 0.51953125 0.1529541
vt 0.6147461 0.17578125
vt 0.5986328 0.23864746
vt 0.61621094 0.23815918
vt 0.59716797 0.17614746
vt 0.37548828 0.26513672
vt 0.36914062 0.24719238
vt 0.36791992 0.26464844
vt 0.37524414 0.2475586
vt 0.37548828 0.26513672
vt 0.52734375 0.23486328
vt 0.37524414 0.2475586
vt 0.52734375 0.25268555
vt 0.51953125 0.1529541
vt 0.36010742 0.18127441
vt 0.51904297 0.17053223
vt 0.35961914 0.16357422
vt 0.52734375 0.25268555
vt 0.5986328 0.23864746
vt 0.52734375 0.23486328
vt 0.59765625 0.25610352
vt 0.80078125 0.33862305
vt 0.72558594 0.3864746
vt 0.80078125 0.3864746
vt 0.72558594 0.33862305
vt 0.72558594 0.33862305
vt 0.72558594 0.3864746
vt 0.73095703 0.3864746
vt 0.7270508 0.33862305
vt 0.35961914 0.16357422
vt 0.359375 0.18127441
vt 0.36010742 0.18127441
vt 0.35766602 0.16345215
vt 0.5371094 0.31298828
vt 0.53564453 0.30029297
vt 0.31933594 0.33911133
vt 0.5371094 0.31030273
vt 0.57958984 0.6591797
vt 0.60009766 0.5625
vt 0.57958984 0.5600586
vt 0.60009766 0.6557617
vt 0.40454102 0.5600586
vt 0.57958984 0.6591797
vt 0.57958984 0.5600586
vt 0.36401367 0.6591797
vt 0.36572266 0.68066406
vt 0.57958984 0.6591797
vt 0.36401367 0.6591797
vt 0.57958984 0.68066406
vt 0.57958984 0.5600586
vt 0.40600586 0.5385742
vt 0.40454102 0.5600586
vt 0.5800781 0.5385742
vt 0.40576172 0.5600586
vt 0.57958984 0.6591797
vt 0.36523438 0.6591797
vt 0.57958984 0.5600586
vt 0.36572266 0.68066406
vt 0.40454102 0.5600586
vt 0.40576172 0.5600586
vt 0.36401367 0.6591797
vt 0.59814453 0.49975586
vt 0.5683594 0.47045898
vt 0.5800781 0.49804688
vt 0.59033203 0.47070312
vt 0.59033203 0.47070312
vt 0.5810547 0.43920898
vt 0.5683594 0.47045898
vt 0.60009766 0.4411621
vt 0.60009766 0.4411621
vt 0.5810547 0.40625
vt 0.5810547 0.43920898
vt 0.6020508 0.40185547
vt 0.5800781 0.49804688
vt 0.4729004 0.5185547
vt 0.5800781 0.5185547
vt 0.4724121 0.49804688
vt 0.4716797 0.3857422
vt 0.5810547 0.40625
vt 0.5800781 0.3857422
vt 0.4716797 0.40625
vt 0.31933594 0.3857422
vt 0.4716797 0.40625
vt 0.3178711 0.40625
vt 0.5683594 0.47045898
vt 0.4724121 0.49804688
vt 0.5800781 0.49804688
vt 0.47460938 0.47753906
vt 0.47094727 0.42895508
vt 0.5810547 0.43920898
vt 0.5810547 0.40625
vt 0.4716797 0.40625
vt 0.3178711 0.40625
vt 0.4716797 0.40625
vt 0.31933594 0.41479492
vt 0.3322754 0.4885254
vt 0.47460938 0.47753906
vt 0.4724121 0.49804688
vt 0.33276367 0.49804688
vt 0.4729004 0.49804688
vt 0.5683594 0.47045898
vt 0.5800781 0.49804688
vt 0.47509766 0.47753906
vt 0.47143555 0.42895508
vt 0.5810547 0.43920898
vt 0.5810547 0.40625
vt 0.47216797 0.40625
vt 0.47143555 0.42895508
vt 0.3190918 0.40625
vt 0.32055664 0.41479492
vt 0.3334961 0.48828125
vt 0.47509766 0.47753906
vt 0.4729004 0.49804688
vt 0.33398438 0.49804688
vt 0.47143555 0.42895508
vt 0.4716797 0.40625
vt 0.47216797 0.40625
vt 0.47509766 0.47753906
vt 0.4729004 0.5185547
vt 0.47094727 0.42895508
vt 0.47460938 0.47753906
vt 0.4724121 0.49804688
vt 0.5810547 0.72021484
vt 0.4140625 0.81591797
vt 0.5810547 0.81591797
vt 0.46484375 0.7260742
vt 0.41308594 0.81591797
vt 0.4140625 0.8364258
vt 0.4140625 0.81591797
vt 0.41210938 0.8364258
vt 0.41308594 0.81591797
vt 0.32348633 0.8364258
vt 0.32080078 0.81591797
vt 0.5800781 0.70166016
vt 0.46484375 0.7260742
vt 0.5810547 0.72021484
vt 0.46557617 0.70166016
vt 0.6015625 0.72021484
vt 0.5810547 0.81591797
vt 0.6015625 0.8178711
vt 0.5810547 0.72021484
vt 0.46484375 0.7260742
vt 0.41552734 0.8027344
vt 0.4140625 0.81591797
vt 0.4309082 0.72314453
vt 0.4243164 0.72265625
vt 0.4140625 0.8364258
vt 0.5810547 0.81591797
vt 0.4140625 0.81591797
vt 0.5800781 0.8364258
vt 0.4140625 0.81591797
vt 0.41308594 0.81591797
vt 0.41308594 0.81591797
vt 0.41552734 0.8027344
vt 0.4243164 0.72265625
vt 0.3972168 0.72216797
vt 0.3269043 0.80908203
vt 0.41308594 0.81591797
vt 0.41308594 0.81591797
vt 0.32080078 0.81591797
vt 0.4140625 0.81591797
vt 0.5810547 0.72021484
vt 0.5810547 0.81591797
vt 0.46484375 0.7260742
vt 0.4140625 0.81591797
vt 0.43017578 0.72314453
vt 0.46484375 0.7260742
vt 0.4165039 0.7944336
vt 0.4243164 0.72265625
vt 0.41235352 0.81591797
vt 0.41235352 0.81591797
vt 0.41235352 0.81591797
vt 0.39990234 0.72216797
vt 0.3293457 0.8095703
vt 0.32348633 0.81591797
vt 0.43139648 0.70166016
vt 0.46484375 0.7260742
vt 0.46557617 0.70166016
vt 0.4309082 0.72314453
vt 0.42578125 0.70166016
vt 0.4243164 0.72265625
vt 0.41210938 0.8364258
vt 0.4165039 0.7944336
vt 0.41235352 0.81591797
vt 0.41308594 0.81591797
vt 0.41308594 0.81591797
vt 0.4309082 0.72314453
vt 0.43017578 0.72314453
vt 0.41552734 0.8027344
vt 0.47094727 0.42895508
vt 0.4716797 0.3857422
vt 0.4716797 0.40625
vt 0.47460938 0.47753906
vt 0.4724121 0.49804688
vt 0.47143555 0.42895508
vt 0.47509766 0.47753906
vt 0.4729004 0.49804688
vt 0.3334961 0.5185547
vt 0.4724121 0.49804688
vt 0.33276367 0.49804688
vt 0.4729004 0.5185547
vt 0.3322754 0.4885254
vt 0.3334961 0.5185547
vt 0.33276367 0.49804688
vt 0.31933594 0.41479492
vt 0.3178711 0.40625
vt 0.3334961 0.48828125
vt 0.32055664 0.41479492
vt 0.3190918 0.40625
vt 0.4013672 0.70166016
vt 0.4243164 0.72265625
vt 0.42578125 0.70166016
vt 0.3972168 0.72216797
vt 0.39990234 0.72216797
vt 0.3269043 0.80908203
vt 0.3972168 0.72216797
vt 0.32348633 0.8364258
vt 0.3293457 0.8095703
vt 0.32080078 0.81591797
vt 0.4309082 0.72314453
vt 0.4165039 0.7944336
vt 0.43139648 0.70166016
vt 0.41308594 0.81591797
vt 0.41552734 0.8027344
vt 0.41308594 0.81591797
vt 0.41235352 0.81591797
vt 0.41235352 0.81591797
vt 0.041229248 0.7871094
vt 0.0099487305 0.72314453
vt 0.020370483 0.7885742
vt 0.030029297 0.72021484
vt 0.3972168 0.72216797
vt 0.030181885 0.70166016
vt 0.030029297 0.72021484
vt 0.4013672 0.70166016
vt 0.040527344 0.81591797
vt 0.020370483 0.7885742
vt 0.020568848 0.81884766
vt 0.041229248 0.7871094
vt 0.32080078 0.81591797
vt 0.040618896 0.8364258
vt 0.32348633 0.8364258
vt 0.040527344 0.81591797
vt 0.030029297 0.72021484
vt 0.3269043 0.80908203
vt 0.3972168 0.72216797
vt 0.041229248 0.7871094
vt 0.32080078 0.81591797
vt 0.040527344 0.81591797
vt 0.3293457 0.8095703
vt 0.030029297 0.72021484
vt 0.39990234 0.72216797
vt 0.041229248 0.7871094
vt 0.32348633 0.81591797
vt 0.040527344 0.81591797
vt 0.3269043 0.80908203
vt 0.4013672 0.70166016
vt 0.3972168 0.72216797
vt 0.32080078 0.81591797
vt 0.3293457 0.8095703
vt 0.32348633 0.81591797
vt 0.03439331 0.9970703
vt 0.119140625 0.9765625
vt 0.034301758 0.9765625
vt 0.119018555 0.9970703
vt 0.28466797 0.9765625
vt 0.28466797 0.9970703
vt 0.013648987 0.8779297
vt 0.032684326 0.9082031
vt 0.034057617 0.88134766
vt 0.011642456 0.9067383
vt 0.15466309 0.8618164
vt 0.2800293 0.88134766
vt 0.28027344 0.8618164
vt 0.15441895 0.88134766
vt 0.15466309 0.8618164
vt 0.034057617 0.88134766
vt 0.15441895 0.88134766
vt 0.035491943 0.8618164
vt 0.008399963 0.9370117
vt 0.034301758 0.9765625
vt 0.028030396 0.9370117
vt 0.013244629 0.9785156
vt 0.011642456 0.9067383
vt 0.028030396 0.9370117
vt 0.032684326 0.9082031
vt 0.008399963 0.9370117
vt 0.15441895 0.88134766
vt 0.28051758 0.88623047
vt 0.2800293 0.88134766
vt 0.28466797 0.9765625
vt 0.119140625 0.9765625
vt 0.028030396 0.9370117
vt 0.034301758 0.9765625
vt 0.032684326 0.9082031
vt 0.034057617 0.88134766
vt 0.15441895 0.88134766
vt 0.2800293 0.88134766
vt 0.28051758 0.88623047
vt 0.28466797 0.9765625
vt 0.119140625 0.9765625
vt 0.028030396 0.9370117
vt 0.034301758 0.9765625
vt 0.032684326 0.9082031
vt 0.034057617 0.88134766
vt 0.28466797 0.9765625
vt 0.28051758 0.88623047
vt 0.28466797 0.9765625
vt 0.28027344 0.8618164
vt 0.28051758 0.88623047
vt 0.2800293 0.88134766
vt 0.40161133 0.18432617
vt 0.27197266 0.24487305
vt 0.41577148 0.24536133
vt 0.2722168 0.18395996
vt 0.41577148 0.24536133
vt 0.27197266 0.26220703
vt 0.41552734 0.26245117
vt 0.27197266 0.24487305
vt 0.25463867 0.24487305
vt 0.2722168 0.18395996
vt 0.2548828 0.18383789
vt 0.27197266 0.24487305
vt 0.72558594 0.33642578
vt 0.7553711 0.3857422
vt 0.75878906 0.33642578
vt 0.72558594 0.3857422
vt 0.2722168 0.18395996
vt 0.4013672 0.16711426
vt 0.2722168 0.16674805
vt 0.40161133 0.18432617
vt 0.54248047 0.3330078
vt 0.5444336 0.34521484
vt 0.32714844 0.33862305
vt 0.54248047 0.33569336
vt 0.72509766 0.89746094
vt 0.7416992 0.97265625
vt 0.72509766 0.97265625
vt 0.7416992 0.89746094
vt 0.6640625 0.97265625
vt 0.6328125 0.99121094
vt 0.6328125 0.97265625
vt 0.6640625 0.99121094
vt 0.6640625 0.97265625
vt 0.6328125 0.87353516
vt 0.72509766 0.89746094
vt 0.6328125 0.97265625
vt 0.72509766 0.89746094
vt 0.7416992 0.76953125
vt 0.7416992 0.89746094
vt 0.72509766 0.76953125
vt 0.6147461 0.87353516
vt 0.6328125 0.97265625
vt 0.6147461 0.97265625
vt 0.6328125 0.87353516
vt 0.6328125 0.77685547
vt 0.6147461 0.77685547
vt 0.72509766 0.97265625
vt 0.6640625 0.99121094
vt 0.6640625 0.97265625
vt 0.72509766 0.99121094
vt 0.6640625 0.97265625
vt 0.6328125 0.87353516
vt 0.6328125 0.97265625
vt 0.72509766 0.89746094
vt 0.72509766 0.97265625
vt 0.72509766 0.76953125
vt 0.6328125 0.77685547
vt 0.6328125 0.87353516
vt 0.72509766 0.76953125
vt 0.72509766 0.89746094
vt 0.6328125 0.77685547
vt 0.72509766 0.76953125
vt 0.6328125 0.77685547
vt 0.7416992 0.76953125
vt 0.6328125 0.77685547
vn -0.2097168 -0.9760742 -0.05758667
vn -0.20898438 -0.9760742 -0.05718994
vn -0.20947266 -0.9760742 -0.057617188
vn -0.7402344 0.6333008 0.22619629
vn -0.7397461 0.6333008 0.22631836
vn -0.7397461 0.63378906 0.22631836
vn 0.006866455 -0.07745361 0.9970703
vn 0.006866455 -0.07745361 0.9970703
vn 0.006866455 -0.07745361 0.9970703
vn 1 0 0
vn 1 0 0
vn 1 0 0
vn 1 0 0
vn 1 0 0
vn 1 0 0
vn -0 0.028030396 0.9995117
vn -0 -0.065979004 0.9980469
vn -0 0.028030396 0.9995117
vn -0 -0.065979004 0.9980469
vn -0 -0.15942383 0.9873047
vn -0 -0.15942383 0.9873047
vn -0 -1 0
vn -0 -1 0
vn -0 -1 0
vn -0 -1 0
vn -0 0 -1
vn -0 0 -1
vn -0 0 -1
vn -0 0 -1
vn -0 0 -1
vn -0 0 -1
vn -0 1 0
vn -0 1 0
vn -0 1 0
vn -0 1 0
vn -1 0 0
vn -1 0 0
vn -1 0 0
vn -1 0 0
vn -1 0 0
vn -1 0 0
vn -0 -1 0
vn -0 -1 0
vn -0 -1 0
vn -0 -1 0
vn -0 -1 0
vn -0 -1 0
vn -0 -1 0
vn -0 -1 0
vn 0.046142578 -0.08868408 0.9951172
vn -0.059448242 -0.074401855 0.99560547
vn 0.046173096 -0.08850098 0.9951172
vn -0.06088257 -0.07421875 0.99560547
vn -0.07836914 -0.014877319 0.99658203
vn -0.07885742 -0.015258789 0.99658203
vn 0.009536743 0.0289917 0.9995117
vn 0.009536743 0.0289917 0.9995117
vn -0.99658203 0 0.08526611
vn -0.9995117 0 -0.02708435
vn -0.99658203 0 0.08526611
vn -0.9995117 0 -0.02708435
vn -0.9902344 0 -0.13916016
vn -0.9902344 0 -0.13916016
vn -0 0 -1
vn -0 0 -1
vn -0 0 -1
vn -0 0 -1
vn -0 0 -1
vn -0 0 -1
vn 0.99902344 0 -0.04269409
vn 0.99902344 0 -0.04272461
vn 0.99902344 0 -0.04272461
vn 0.99902344 0 -0.04269409
vn -0 1 0
vn -0 1 0
vn -0 1 0
vn -0 1 0
vn -0 1 0
vn -0 1 0
vn -0 1 0
vn -0 1 0
vn -0 0 1
vn -0 0 1
vn -0 0 1
vn -0 0 1
vn -0 0 1
vn -0 0 1
vn -0 0 1
vn -0 0 1
vn -0 0 1
vn -0 0 1
vn -0 0 1
vn -0 0 1
vn -0 0 1
vn -0 0 1
vn -0 -1 0
vn -0 -1 0
vn -0 -1 0
vn -0 -1 0
vn 1 0 0
vn 1 0 0
vn 1 0 0
vn 1 0 0
vn -0 1 0
vn -0 1 0
vn -0 1 0
vn -0 1 0
vn -0.9941406 0.107788086 0
vn -0.9941406 0.107788086 0
vn -0.9941406 0.107788086 0
vn -0.9941406 0.107788086 0
vn -0 -1 0
vn -0 -1 0
vn -0 -1 0
vn -0 -1 0
vn 1 0 0
vn 1 0 0
vn 1 0 0
vn 1 0 0
vn -0 1 0
vn -0 1 0
vn -0 1 0
vn -0 1 0
vn -0.99121094 0.13391113 0
vn -0.9975586 -0.068115234 0
vn -0.99121094 0.13391113 0
vn -0.9975586 -0.068115234 0
vn -0.9638672 -0.26708984 0
vn -0.9638672 -0.26708984 0
vn -0 1 0
vn -0 1 0
vn -0 1 0
vn -0 1 0
vn -0.9926758 -0.119384766 0
vn -0.9926758 -0.119384766 0
vn -0.9926758 -0.119384766 0
vn -0.9926758 -0.119384766 0
vn -0.011062622 -1 0
vn 0.049957275 -0.99853516 0
vn -0.011062622 -1 0
vn 0.049957275 -0.99853516 0
vn 0.1105957 -0.99365234 0
vn 0.1105957 -0.99365234 0
vn 0.9941406 -0.10797119 0
vn 0.9941406 -0.107910156 0
vn 0.9941406 -0.107910156 0
vn 0.9941406 -0.10797119 0
vn -0 0 1
vn -0 0 1
vn -0 0 1
vn -0 0 1
vn -0 0 1
vn -0 1 0
vn -0 1 0
vn -0 1 0
vn -0 1 0
vn -1 0 0
vn -1 0 0
vn -1 0 0
vn -1 0 0
vn -0 -1 0
vn -0 -1 0
vn -0 -1 0
vn -0 -1 0
vn 0.9902344 0.14074707 0
vn 0.9975586 0.07055664 0
vn 0.9902344 0.14074707 0
vn 0.9975586 0.07055664 0
vn 1 0 0
vn 1 0 0
vn -0 0.02279663 0.9995117
vn -0 0.02268982 0.9995117
vn -0 0.02279663 0.9995117
vn -0 0.02268982 0.9995117
vn -0 -1 0
vn -0 -1 0
vn -0 -1 0
vn -0 -1 0
vn 1 0 0
vn 1 0 0
vn 1 0 0
vn 1 0 0
vn -1 0 0
vn -1 0 0
vn -1 0 0
vn -1 0 0
vn -0 0 -1
vn -0 0 -1
vn -0 0 -1
vn -0 0 -1
vn -0.0045776367 0.92089844 -0.3894043
vn -0.0045776367 0.92089844 -0.3894043
vn -0.0045776367 0.92089844 -0.3894043
vn -0.0045776367 0.92089844 -0.3894043
vn -0.018310547 -1 0.0009536743
vn -0.018493652 -1 0.0008940697
vn -0.009918213 -0.9995117 -0.028808594
vn -0.018310547 -1 0.0008940697
vn 0.007724762 0 1
vn 0.0076293945 0 1
vn 0.007724762 0 1
vn 0.0076293945 0 1
vn 0.99902344 0 -0.048461914
vn 0.99902344 0 -0.048461914
vn 0.99902344 0 -0.048461914
vn 0.99902344 0 -0.048461914
vn 0.009254456 1 -0.0004529953
vn 0.009155273 1 -0.00038146973
vn 0.0049591064 1 0.014305115
vn 0.009155273 1 -0.0004529953
vn 0.012207031 0 -1
vn 0.012207031 0 -1
vn 0.012207031 0 -1
vn 0.012207031 0 -1
vn -0.9975586 -0.01335144 -0.06713867
vn -0.9975586 -0.01335144 -0.06713867
vn -0.9975586 -0.01335144 -0.06713867
vn -0.9975586 -0.01335144 -0.06713867
vn 0.32910156 -0.93896484 -0.101501465
vn 0.32885742 -0.93896484 -0.10144043
vn 0.32885742 -0.93896484 -0.10144043
vn 0.32885742 -0.93896484 -0.10144043
vn -0.9482422 -0.30371094 0.09234619
vn -0.9482422 -0.30444336 0.092285156
vn -0.9482422 -0.30419922 0.09197998
vn -0.9482422 -0.30444336 0.092285156
vn 0.1472168 -0.98583984 -0.08312988
vn 0.14758301 -0.98535156 -0.08276367
vn 0.1472168 -0.98583984 -0.08312988
vn 0.14758301 -0.98535156 -0.08312988
vn 0.117492676 -0.065979004 0.99072266
vn 0.117492676 -0.06640625 0.99072266
vn 0.117492676 -0.06561279 0.99072266
vn 0.107788086 -0.07208252 0.9916992
vn 0.11810303 -0.0692749 0.99072266
vn 0.11828613 -0.06866455 0.99072266
vn -0.09765625 0.078552246 -0.9921875
vn -0.09790039 0.078552246 -0.9921875
vn -0.11773682 0.06561279 -0.99072266
vn -0.09765625 0.078552246 -0.9921875
vn -0.11828613 0.072509766 -0.9902344
vn -0.118652344 0.07269287 -0.9902344
vn 0.9370117 0.31884766 -0.14416504
vn 0.9370117 0.31884766 -0.14416504
vn 0.9433594 0.31884766 -0.09039307
vn 0.9370117 0.31884766 -0.14343262
vn -0.34033203 0.9345703 0.10449219
vn -0.3400879 0.9345703 0.10449219
vn -0.3400879 0.9345703 0.10491943
vn -0.3400879 0.9345703 0.10491943
vn -0.34033203 0.9345703 0.10491943
vn -0.3400879 0.9345703 0.10449219
vn 0.9482422 0.30419922 -0.09234619
vn 0.9482422 0.30444336 -0.091918945
vn 0.9482422 0.30444336 -0.091918945
vn 0.9482422 0.30444336 -0.09234619
vn 0.25854492 -0.9614258 -0.09460449
vn 0.25830078 -0.9614258 -0.09460449
vn 0.25878906 -0.9614258 -0.09466553
vn 0.25854492 -0.9614258 -0.09460449
vn 0.11755371 -0.06604004 0.99072266
vn 0.117492676 -0.06640625 0.99072266
vn 0.117492676 -0.06561279 0.99072266
vn 0.117492676 -0.065979004 0.99072266
vn -0.117492676 0.065979004 -0.99072266
vn -0.117492676 0.065979004 -0.99072266
vn -0.11755371 0.06604004 -0.99072266
vn -0.117492676 0.06561279 -0.99072266
vn -0.22973633 0.96875 0.0914917
vn -0.22998047 0.96875 0.0914917
vn -0.22998047 0.96875 0.091552734
vn -0.2298584 0.96875 0.091552734
vn -0.88720703 -0.43798828 0.14575195
vn -0.8876953 -0.43725586 0.14501953
vn -0.88720703 -0.43774414 0.14526367
vn -0.88720703 -0.4375 0.14538574
vn 0.28955078 -0.94628906 -0.14538574
vn 0.28930664 -0.94628906 -0.14550781
vn 0.28979492 -0.9458008 -0.14550781
vn 0.28930664 -0.94628906 -0.14538574
vn 0.9477539 0.30517578 -0.09197998
vn 0.9477539 0.3046875 -0.092285156
vn 0.9477539 0.30493164 -0.09197998
vn 0.9482422 0.30444336 -0.09234619
vn -0.11291504 0.051879883 -0.9921875
vn -0.11328125 0.051879883 -0.9921875
vn -0.11303711 0.05206299 -0.9921875
vn -0.11364746 0.051879883 -0.9921875
vn 0.114868164 -0.057250977 0.9916992
vn 0.11480713 -0.05682373 0.9916992
vn 0.114868164 -0.057250977 0.9916992
vn 0.11462402 -0.05682373 0.9916992
vn -0.9458008 -0.3112793 0.09118652
vn -0.9458008 -0.31176758 0.09118652
vn -0.9458008 -0.3112793 0.09075928
vn -0.9458008 -0.31152344 0.09118652
vn -0.007820129 0.61572266 0.78759766
vn -0.0074386597 0.61572266 0.78808594
vn -0.0076293945 0.61572266 0.78808594
vn -0.007820129 0.61572266 0.78808594
vn 0.037750244 0.21057129 0.9770508
vn 0.037750244 0.21020508 0.9770508
vn 0.038146973 0.21057129 0.9770508
vn 0.037963867 0.21057129 0.9770508
vn 0.037963867 0.21020508 0.9770508
vn 0.037963867 0.21032715 0.9770508
vn -0.43530273 -0.87646484 0.20593262
vn -0.43530273 -0.87646484 0.2055664
vn -0.4350586 -0.87646484 0.20605469
vn -0.43530273 -0.87646484 0.20593262
vn 0.48339844 0.8515625 -0.20227051
vn 0.48339844 0.8515625 -0.20214844
vn 0.48291016 0.8520508 -0.20214844
vn 0.48339844 0.8515625 -0.20214844
vn 0.46289062 0.86279297 -0.20373535
vn 0.46264648 0.86279297 -0.20410156
vn -0.8457031 0.52783203 -0.08087158
vn -0.84521484 0.52783203 -0.08087158
vn -0.84521484 0.5283203 -0.08087158
vn -0.84521484 0.5283203 -0.08087158
vn -0.48266602 -0.8520508 0.20251465
vn -0.48217773 -0.85253906 0.20263672
vn -0.48266602 -0.8520508 0.20251465
vn -0.48266602 -0.8520508 0.20214844
vn -0.037963867 -0.21020508 -0.9770508
vn -0.037750244 -0.21057129 -0.9770508
vn -0.037750244 -0.21020508 -0.9770508
vn -0.037750244 -0.21020508 -0.9770508
vn -0.037750244 -0.21057129 -0.9770508
vn -0.037750244 -0.21032715 -0.9770508
vn 0.9970703 -0.06713867 0.033203125
vn 0.9970703 -0.06713867 0.033569336
vn 0.9970703 -0.06713867 0.033966064
vn 0.9970703 -0.06713867 0.033569336
vn 0.9067383 -0.41796875 0.05496216
vn 0.9067383 -0.41796875 0.05493164
vn 0.9067383 -0.4177246 0.054534912
vn 0.9067383 -0.41796875 0.05493164
vn 0.41967773 0.88378906 -0.20678711
vn 0.41967773 0.88378906 -0.2064209
vn 0.41967773 0.88378906 -0.2064209
vn 0.41992188 0.88378906 -0.20666504
vn 0.037750244 0.21057129 0.9770508
vn 0.037750244 0.21057129 0.9770508
vn 0.037750244 0.21057129 0.9770508
vn 0.037750244 0.21032715 0.9770508
vn -0.9067383 0.4182129 -0.05456543
vn -0.9067383 0.41845703 -0.05493164
vn -0.9067383 0.4182129 -0.05456543
vn -0.9067383 0.41796875 -0.05493164
vn -0.037750244 -0.21020508 -0.9770508
vn -0.038146973 -0.21057129 -0.9770508
vn -0.037750244 -0.21057129 -0.9770508
vn -0.037750244 -0.21032715 -0.9770508
vn -0.61572266 -0.7607422 0.20568848
vn -0.61621094 -0.7602539 0.20593262
vn -0.61621094 -0.7602539 0.2055664
vn -0.61572266 -0.7602539 0.2055664
vn 0.037750244 0.21057129 0.9770508
vn 0.037750244 0.21020508 0.9770508
vn 0.038146973 0.21057129 0.9770508
vn 0.038146973 0.21057129 0.9770508
vn 0.037963867 0.21032715 0.9770508
vn 0.038146973 0.21057129 0.9770508
vn 0.037963867 0.21057129 0.9770508
vn 0.037963867 0.21032715 0.9770508
vn -0.49316406 -0.8461914 0.20141602
vn -0.4934082 -0.8461914 0.20141602
vn -0.4934082 -0.8461914 0.20141602
vn -0.49316406 -0.8461914 0.20141602
vn 0.41088867 0.8876953 -0.20715332
vn 0.41064453 0.8876953 -0.20751953
vn 0.41088867 0.8876953 -0.20715332
vn 0.41064453 0.8876953 -0.20751953
vn -0.8876953 0.45629883 -0.064086914
vn -0.8876953 0.4560547 -0.064086914
vn -0.8876953 0.45629883 -0.064086914
vn -0.88720703 0.45654297 -0.06414795
vn -0.39672852 -0.89404297 0.20800781
vn -0.3972168 -0.89404297 0.20825195
vn -0.39746094 -0.8935547 0.20788574
vn -0.3972168 -0.89404297 0.20825195
vn -0.037750244 -0.21057129 -0.9770508
vn -0.038146973 -0.21057129 -0.9770508
vn -0.038146973 -0.20983887 -0.9770508
vn -0.037750244 -0.21057129 -0.9770508
vn -0.037963867 -0.21057129 -0.9770508
vn -0.037750244 -0.21032715 -0.9770508
vn -0.037750244 -0.21032715 -0.9770508
vn -0.038146973 -0.21057129 -0.9770508
vn 0.46069336 0.86376953 -0.20397949
vn 0.46069336 0.86376953 -0.20410156
vn 0.4609375 0.86376953 -0.20410156
vn 0.4609375 0.86376953 -0.20410156
vn 0.79785156 -0.58251953 0.15600586
vn 0.79785156 -0.58251953 0.15527344
vn 0.79785156 -0.58251953 0.15563965
vn 0.7973633 -0.5830078 0.15563965
vn 0.79785156 -0.58251953 0.15563965
vn 0.79785156 -0.58251953 0.15563965
vn 0.7973633 -0.5830078 0.15563965
vn 0.79785156 -0.58251953 0.15527344
vn -0.092285156 -0.038909912 0.9951172
vn -0.09234619 -0.038909912 0.9951172
vn -0.09234619 -0.038909912 0.9951172
vn -0.09210205 -0.038909912 0.9951172
vn -0.09210205 -0.038909912 0.9951172
vn -0.09210205 -0.038909912 0.9951172
vn -0.20947266 -0.9760742 -0.057403564
vn -0.20947266 -0.9760742 -0.057403564
vn -0.20947266 -0.9760742 -0.057617188
vn -0.20947266 -0.9760742 -0.057403564
vn -0.9814453 0.17163086 -0.08428955
vn -0.9814453 0.17199707 -0.08392334
vn -0.9814453 0.17199707 -0.084106445
vn -0.9814453 0.17175293 -0.083984375
vn 0.24560547 0.96728516 0.060638428
vn 0.24572754 0.96728516 0.060455322
vn 0.24438477 0.96972656 0.002286911
vn 0.24597168 0.96728516 0.060638428
vn 0.092163086 0.0385437 -0.9951172
vn 0.09234619 0.038909912 -0.9951172
vn 0.09234619 0.038909912 -0.9951172
vn 0.092163086 0.038909912 -0.9951172
vn 0.092163086 0.0385437 -0.9951172
vn 0.092163086 0.038909912 -0.9951172
vn 0.2939453 0.9399414 0.1743164
vn 0.2939453 0.9399414 0.17468262
vn 0.25756836 0.9663086 0.0030536652
vn 0.2939453 0.9399414 0.17468262
vn 0.9165039 -0.3798828 -0.12646484
vn 0.9165039 -0.37963867 -0.12658691
vn 0.9165039 -0.37963867 -0.12646484
vn 0.9165039 -0.3798828 -0.12646484
vn 0.9165039 -0.37963867 -0.12658691
vn 0.9165039 -0.3791504 -0.12670898
vn -0.11291504 -0.9921875 -0.049224854
vn -0.113342285 -0.9921875 -0.049224854
vn -0.113342285 -0.9921875 -0.049224854
vn -0.11291504 -0.9921875 -0.049224854
vn -0.9550781 0.28686523 -0.07702637
vn -0.9550781 0.28686523 -0.07702637
vn -0.9550781 0.28686523 -0.076660156
vn -0.9550781 0.28686523 -0.07739258
vn -0.07550049 -0.047668457 0.99609375
vn -0.076293945 -0.047302246 0.99609375
vn -0.076293945 -0.04272461 0.99609375
vn -0.07623291 -0.04727173 0.99609375
vn -0.09222412 -0.038879395 0.9951172
vn -0.09234619 -0.038146973 0.9951172
vn -0.21862793 -0.9741211 -0.05819702
vn -0.21850586 -0.9741211 -0.058166504
vn -0.21899414 -0.9741211 -0.058166504
vn -0.21862793 -0.9741211 -0.05819702
vn -0.23913574 -0.9692383 -0.060272217
vn -0.23962402 -0.9692383 -0.060272217
vn 0.2409668 0.96875 0.05987549
vn 0.2409668 0.96875 0.0602417
vn 0.24121094 0.96875 0.060302734
vn 0.2409668 0.96875 0.05987549
vn 0.23657227 0.96972656 0.059906006
vn 0.23596191 0.96972656 0.059539795
vn 0.11206055 0.9926758 0.048797607
vn 0.11212158 0.9926758 0.049194336
vn 0.11242676 0.9926758 0.04916382
vn 0.11206055 0.9926758 0.04916382
vn -0.1472168 -0.033569336 0.98876953
vn -0.14685059 -0.033569336 0.98876953
vn -0.1472168 -0.033569336 0.98876953
vn -0.14416504 -0.033172607 0.98876953
vn -0.14379883 -0.033172607 0.9892578
vn -0.14416504 -0.033203125 0.98876953
vn 0.091918945 0.038909912 -0.9951172
vn 0.0847168 0.04272461 -0.99560547
vn 0.091918945 0.038909912 -0.9951172
vn 0.08508301 0.04272461 -0.99560547
vn 0.0847168 0.04272461 -0.99560547
vn 0.08355713 0.04119873 -0.99560547
vn 0.117492676 0.032409668 -0.9926758
vn 0.119384766 0.036224365 -0.9921875
vn 0.118652344 0.031677246 -0.9921875
vn 0.11785889 0.035858154 -0.9921875
vn 0.91503906 -0.34985352 0.20007324
vn 0.91552734 -0.34985352 0.19970703
vn 0.91503906 -0.35009766 0.20007324
vn 0.91503906 -0.34985352 0.20031738
vn 0.91503906 -0.35009766 0.19970703
vn 0.91503906 -0.34985352 0.20031738
vn 0.91503906 -0.34985352 0.20031738
vn 0.91503906 -0.35009766 0.1998291
vn -0.092285156 -0.03869629 0.9951172
vn -0.09234619 -0.038146973 0.9951172
vn -0.091918945 -0.038726807 0.9951172
vn -0.092285156 -0.038909912 0.9951172
vn 0.9736328 -0.21362305 0.081848145
vn 0.9736328 -0.21362305 0.081604004
vn 0.9736328 -0.21362305 0.081604004
vn 0.9736328 -0.21362305 0.08203125
vn -0.6230469 0.17858887 -0.76171875
vn -0.62353516 0.17858887 -0.76123047
vn -0.62353516 0.1784668 -0.76123047
vn -0.6230469 0.1784668 -0.76123047
vn -0.0015258789 -0.0076293945 1
vn -0.0015258789 -0.0074386597 1
vn -0.0015258789 -0.0076293945 1
vn -0.0015258789 -0.0076293945 1
vn -0.0015258789 -0.0074386597 1
vn -0.0015258789 -0.007534027 1
vn -0.0015258789 -0.007534027 1
vn -0.0019073486 -0.0074386597 1
vn -0.0019073486 -0.0076293945 1
vn 0.90966797 0.41479492 0.0049591064
vn 0.91015625 0.41455078 0.0049591064
vn 0.91015625 0.41430664 0.0049591064
vn 0.90966797 0.41479492 0.004962921
vn -0.91015625 -0.41455078 -0.0045776367
vn -0.91015625 -0.41479492 -0.0045814514
vn -0.91015625 -0.41479492 -0.0045776367
vn -0.91015625 -0.41430664 -0.0045776367
vn 0.15112305 -0.98828125 -0.006866455
vn 0.15185547 -0.98828125 -0.007247925
vn 0.15185547 -0.98828125 -0.006866455
vn 0.15185547 -0.98828125 -0.007247925
vn -0.91015625 -0.41455078 -0.004962921
vn -0.91015625 -0.41455078 -0.004962921
vn -0.91015625 -0.41455078 -0.0049591064
vn -0.91015625 -0.41455078 -0.0049591064
vn -0.41503906 0.90966797 0.0061035156
vn -0.41455078 0.91015625 0.0061073303
vn -0.41479492 0.90966797 0.006099701
vn -0.41479492 0.90966797 0.006099701
vn -0.6455078 0.7636719 0.0045814514
vn -0.6464844 0.7631836 0.0049591064
vn -0.6459961 0.7631836 0.0045776367
vn -0.6464844 0.7631836 0.0049591064
vn 0.41430664 -0.91015625 -0.0061035156
vn 0.41455078 -0.91015625 -0.0061035156
vn 0.41503906 -0.90966797 -0.0061035156
vn 0.41479492 -0.91015625 -0.0061035156
vn -0.72509766 -0.44433594 -0.5258789
vn -0.72509766 -0.44482422 -0.5258789
vn -0.9165039 -0.39990234 -0.0045776367
vn -0.72509766 -0.44433594 -0.5258789
vn -0.95458984 -0.29736328 -0.004196167
vn -0.95458984 -0.29736328 -0.0038146973
vn -0.7680664 -0.36132812 -0.5283203
vn -0.95458984 -0.29711914 -0.004196167
vn 0.0015258789 0.0074386597 -1
vn 0.0015258789 0.0076293945 -1
vn 0.0022888184 0.0076293945 -1
vn 0.0015258789 0.0076293945 -1
vn 0.0015258789 0.0076293945 -1
vn 0.0015258789 0.0076293945 -1
vn 0.0022888184 0.0074386597 -1
vn 0.0019073486 0.0076293945 -1
vn 0.0019073486 0.0076293945 -1
vn -0.12017822 -0.4555664 0.88183594
vn -0.12054443 -0.4555664 0.88183594
vn -0.12011719 -0.45532227 0.8823242
vn -0.1204834 -0.45532227 0.8823242
vn 0.6621094 0.625 0.41333008
vn 0.6621094 0.6254883 0.41333008
vn 0.6621094 0.6254883 0.4128418
vn 0.66259766 0.625 0.4128418
vn -0.38305664 -0.12017822 -0.9160156
vn -0.38305664 -0.12054443 -0.9160156
vn -0.38305664 -0.12054443 -0.9160156
vn -0.38354492 -0.1204834 -0.91552734
vn 0.12145996 0.4560547 -0.88183594
vn 0.12133789 0.4560547 -0.88183594
vn 0.121276855 0.45629883 -0.88134766
vn 0.12133789 0.45629883 -0.88134766
vn 0.12017822 0.4555664 -0.88183594
vn 0.11993408 0.45581055 -0.88183594
vn 0.70214844 -0.6669922 -0.24841309
vn 0.70214844 -0.6669922 -0.2487793
vn 0.70214844 -0.6669922 -0.24841309
vn 0.70214844 -0.6669922 -0.24890137
vn -0.69677734 -0.5942383 -0.4013672
vn -0.6972656 -0.59375 -0.40161133
vn -0.6972656 -0.59375 -0.40185547
vn -0.6972656 -0.59375 -0.4013672
vn -0.74609375 0.6279297 0.22241211
vn -0.74609375 0.6279297 0.22241211
vn -0.74609375 0.6279297 0.22241211
vn -0.74609375 0.6279297 0.22241211
vn -0.75439453 0.6196289 0.21704102
vn -0.75439453 0.6196289 0.21704102
vn -0.14465332 -0.47583008 0.8676758
vn -0.14477539 -0.47583008 0.8676758
vn -0.14465332 -0.4765625 0.8671875
vn -0.1439209 -0.4675293 0.8720703
vn -0.115234375 -0.46435547 0.8779297
vn -0.11541748 -0.46435547 0.8779297
vn 0.74121094 -0.6323242 -0.22521973
vn 0.7416992 -0.63183594 -0.22509766
vn 0.7416992 -0.63183594 -0.22558594
vn 0.7416992 -0.63183594 -0.22546387
vn 0.7392578 0.53759766 0.40576172
vn 0.7392578 0.5371094 0.40600586
vn 0.7392578 0.5371094 0.40625
vn 0.7392578 0.53759766 0.40600586
vn 0.12097168 0.45629883 -0.88134766
vn 0.12097168 0.45629883 -0.88134766
vn 0.121276855 0.45703125 -0.88134766
vn 0.1217041 0.45629883 -0.88134766
vn 0.1217041 0.4555664 -0.88183594
vn 0.121276855 0.45751953 -0.8808594
vn 0.119628906 0.4555664 -0.8823242
vn 0.12017822 0.45483398 -0.8823242
vn -0.74609375 0.6279297 0.22241211
vn -0.74560547 0.6279297 0.22241211
vn -0.74609375 0.6274414 0.22229004
vn -0.74560547 0.6279297 0.22241211
vn -0.75146484 0.6225586 0.21899414
vn -0.75146484 0.6225586 0.21899414
vn 0.7397461 -0.63378906 -0.22607422
vn 0.7397461 -0.63378906 -0.22619629
vn 0.7397461 -0.6333008 -0.22631836
vn 0.7397461 -0.6333008 -0.22631836
vn 0.74902344 -0.6245117 -0.22033691
vn 0.7495117 -0.6245117 -0.22021484
vn -0.55810547 -0.7036133 -0.43969727
vn -0.55810547 -0.7036133 -0.43969727
vn -0.55810547 -0.70410156 -0.43969727
vn -0.55810547 -0.7036133 -0.4399414
vn -0.54003906 -0.71533203 -0.44311523
vn -0.5410156 -0.71484375 -0.44335938
vn -0.5395508 -0.7158203 -0.44335938
vn -0.54052734 -0.71533203 -0.44311523
vn -0.79003906 -0.49414062 -0.3630371
vn -0.79052734 -0.49365234 -0.3623047
vn -0.79052734 -0.49291992 -0.36328125
vn -0.79003906 -0.49414062 -0.36254883
vn -0.13500977 -0.47387695 0.8701172
vn -0.13476562 -0.4741211 0.8701172
vn -0.1348877 -0.47314453 0.87060547
vn -0.11541748 -0.45043945 0.8852539
vn -0.13964844 -0.46850586 0.8720703
vn -0.13500977 -0.47509766 0.8696289
vn -0.11541748 -0.45092773 0.8852539
vn -0.11553955 -0.4506836 0.8852539
vn 0.9741211 -0.101867676 0.20251465
vn 0.9741211 -0.10144043 0.20251465
vn 0.9741211 -0.10180664 0.20214844
vn 0.9741211 -0.10223389 0.20214844
vn -0.038726807 0.0289917 0.99902344
vn -0.038909912 0.02909851 0.99902344
vn -0.038909912 0.02909851 0.99902344
vn -0.038726807 0.02909851 0.99902344
vn -0.0385437 0.0289917 0.99902344
vn -0.038726807 0.0289917 0.99902344
vn -0.0385437 0.0289917 0.99902344
vn -0.038909912 0.0289917 0.99902344
vn 0.9736328 0.22546387 0.031280518
vn 0.9736328 0.22546387 0.031280518
vn 0.9736328 0.22546387 0.031280518
vn 0.9736328 0.22546387 0.031280518
vn -0.12963867 0.99121094 -0.033569336
vn -0.12963867 0.99121094 -0.033569336
vn -0.12963867 0.99121094 -0.033569336
vn -0.12963867 0.99121094 -0.033569336
vn -0.9794922 -0.19848633 -0.032409668
vn -0.9794922 -0.19848633 -0.032409668
vn -0.9794922 -0.19848633 -0.032409668
vn -0.9794922 -0.19836426 -0.032409668
vn -0.9980469 -0.045013428 -0.037750244
vn -0.9980469 -0.045410156 -0.037384033
vn -0.9980469 -0.045013428 -0.037750244
vn -0.9980469 -0.045410156 -0.037384033
vn 0.9975586 0.06100464 0.036987305
vn 0.9975586 0.060943604 0.037017822
vn 0.9975586 0.061035156 0.036987305
vn 0.9975586 0.060943604 0.036987305
vn -0.97753906 -0.2088623 -0.032043457
vn -0.97753906 -0.20861816 -0.03164673
vn -0.97753906 -0.20898438 -0.032043457
vn -0.97753906 -0.20874023 -0.031677246
vn 0.038909912 -0.0289917 -0.99902344
vn 0.038909912 -0.0289917 -0.99902344
vn 0.038909912 -0.0289917 -0.99902344
vn 0.038726807 -0.0289917 -0.99902344
vn 0.0385437 -0.02909851 -0.99902344
vn 0.038726807 -0.02909851 -0.99902344
vn 0.038726807 -0.0289917 -0.99902344
vn 0.038909912 -0.02909851 -0.99902344
vn 0.9848633 0.16906738 0.033203125
vn 0.9848633 0.16906738 0.033203125
vn 0.9848633 0.16906738 0.033203125
vn 0.9848633 0.16906738 0.033569336
vn -0.012779236 -0.9951172 0.09692383
vn -0.012969971 -0.9951172 0.09729004
vn -0.012588501 -0.9951172 0.09686279
vn -0.012588501 -0.9951172 0.09729004
vn 0.99072266 0.13085938 0.034729004
vn 0.99072266 0.13085938 0.034729004
vn 0.99072266 0.13085938 0.034729004
vn 0.99072266 0.13049316 0.034698486
vn -0.038726807 0.0289917 0.99902344
vn -0.038909912 0.0289917 0.99902344
vn -0.038909912 0.0289917 0.99902344
vn -0.03881836 0.0289917 0.99902344
vn -0.12536621 0.9916992 -0.033966064
vn -0.12548828 0.9916992 -0.033966064
vn -0.12561035 0.9916992 -0.033569336
vn -0.12512207 0.9916992 -0.033966064
vn 0.15637207 -0.9873047 0.034698486
vn 0.15600586 -0.9873047 0.034729004
vn 0.15600586 -0.9873047 0.034729004
vn 0.15637207 -0.9873047 0.034698486
vn 0.038909912 -0.0289917 -0.99902344
vn 0.038909912 -0.0289917 -0.99902344
vn 0.03881836 -0.0289917 -0.99902344
vn 0.0385437 -0.0289917 -0.99902344
vn -0.85595703 -0.51123047 -0.07513428
vn -0.8564453 -0.51123047 -0.07476807
vn -0.8564453 -0.51123047 -0.07513428
vn -0.8564453 -0.51123047 -0.07476807
vn 0.94433594 -0.3251953 0.04611206
vn 0.94433594 -0.3256836 0.046173096
vn 0.94433594 -0.3256836 0.046142578
vn 0.94433594 -0.3256836 0.046173096
vn 0.7963867 0.60498047 0.01335144
vn 0.7963867 0.60498047 0.01335144
vn 0.7963867 0.60498047 0.01335144
vn 0.7963867 0.60498047 0.01335144
vn 0.99560547 0.086364746 0.036254883
vn 0.99560547 0.086242676 0.036224365
vn 0.99560547 0.086364746 0.036254883
vn 0.99560547 0.086242676 0.036224365
vn -0.1274414 0.99121094 -0.033569336
vn -0.12780762 0.99121094 -0.033935547
vn -0.1274414 0.99121094 -0.033569336
vn -0.12780762 0.99121094 -0.033935547
vn 0.09100342 -0.9951172 0.032409668
vn 0.09118652 -0.9951172 0.032440186
vn 0.09118652 -0.9951172 0.032409668
vn 0.09082031 -0.9951172 0.032440186
vn 0.09100342 -0.9951172 0.032409668
vn 0.09100342 -0.9951172 0.032409668
vn 0.09100342 -0.9951172 0.032440186
vn -0.0385437 0.0289917 0.99902344
vn -0.038726807 0.0289917 0.99902344
vn -0.038909912 0.0289917 0.99902344
vn -0.038909912 0.029190063 0.99902344
vn -0.038909912 0.0289917 0.99902344
vn -0.038909912 0.0289917 0.99902344
vn -0.038909912 0.0289917 0.99902344
vn -0.038909912 0.0289917 0.99902344
vn -0.03881836 0.0289917 0.99902344
vn -0.038726807 0.0289917 0.99902344
vn -0.03881836 0.0289917 0.99902344
vn -0.038757324 0.0289917 0.99902344
vn -0.038726807 0.0289917 0.99902344
vn -0.038726807 0.0289917 0.99902344
vn -0.03881836 0.0289917 0.99902344
vn 0.038726807 -0.0289917 -0.99902344
vn 0.0385437 -0.029190063 -0.99902344
vn 0.038909912 -0.0289917 -0.99902344
vn 0.038726807 -0.0289917 -0.99902344
vn 0.038909912 -0.0289917 -0.99902344
vn 0.0385437 -0.0289917 -0.99902344
vn 0.0385437 -0.029037476 -0.99902344
vn 0.038909912 -0.029037476 -0.99902344
vn 0.038909912 -0.0289917 -0.99902344
vn 0.03881836 -0.0289917 -0.99902344
vn 0.03881836 -0.0289917 -0.99902344
vn 0.03881836 -0.0289917 -0.99902344
vn 0.038909912 -0.0289917 -0.99902344
vn 0.038726807 -0.0289917 -0.99902344
vn 0.03881836 -0.0289917 -0.99902344
vn -0.9916992 -0.11413574 -0.05911255
vn -0.9916992 -0.11419678 -0.05871582
vn -0.9916992 -0.11419678 -0.059143066
vn -0.9916992 -0.11407471 -0.058746338
vn -0.9916992 -0.11425781 -0.058746338
vn -0.9916992 -0.11413574 -0.059143066
vn -0.9916992 -0.11401367 -0.05871582
vn -0.9916992 -0.11444092 -0.05911255
vn -0.050750732 -0.0037193298 0.99853516
vn -0.051483154 -0.0036945343 0.99853516
vn -0.038909912 0.0289917 0.99902344
vn -0.051483154 -0.0037193298 0.99853516
vn -0.11291504 0.99316406 -0.033203125
vn -0.11291504 0.99316406 -0.033203125
vn -0.11291504 0.99316406 -0.033203125
vn -0.113098145 0.99316406 -0.033569336
vn -0.11328125 0.99316406 -0.033172607
vn -0.11303711 0.99316406 -0.033203125
vn -0.11303711 0.99316406 -0.033203125
vn 0.076293945 -0.99658203 0.03164673
vn 0.075927734 -0.99658203 0.031677246
vn 0.076293945 -0.99658203 0.03164673
vn 0.075927734 -0.99658203 0.032043457
vn 0.99072266 0.13085938 0.034698486
vn 0.99072266 0.13085938 0.034729004
vn 0.99072266 0.13085938 0.034729004
vn 0.99072266 0.13085938 0.034698486
vn 0.040252686 0.06896973 0.99658203
vn 0.040252686 0.06896973 0.99658203
vn 0.04006958 0.06903076 0.99658203
vn 0.040252686 0.06903076 0.99658203
vn 0.04046631 0.06890869 0.99658203
vn -0.16674805 0.98535156 -0.035095215
vn -0.16711426 0.98535156 -0.035095215
vn -0.16674805 0.98535156 -0.035095215
vn -0.16711426 0.98535156 -0.035095215
vn -0.04272461 0.04812622 0.9980469
vn -0.042541504 0.04812622 0.9980469
vn -0.038726807 0.0289917 0.99902344
vn -0.042541504 0.048095703 0.9980469
vn -0.04559326 0.047302246 0.9980469
vn -0.04272461 0.046936035 0.9980469
vn -0.042510986 0.048034668 0.9980469
vn -0.042541504 0.04812622 0.9980469
vn -0.038909912 0.029022217 0.99902344
vn -0.03881836 0.0289917 0.99902344
vn 0.045013428 -0.0126571655 -0.99902344
vn 0.045013428 -0.012588501 -0.99902344
vn 0.0385437 -0.029037476 -0.99902344
vn 0.045013428 -0.012680054 -0.99902344
vn -0.00076293945 -0.049041748 -0.99902344
vn -0.0005722046 -0.049194336 -0.99902344
vn -0.00076293945 -0.04901123 -0.99902344
vn -0.0007634163 -0.049102783 -0.99902344
vn -0.0009531975 -0.048828125 -0.99902344
vn 0.04043579 -0.03857422 -0.99853516
vn 0.038909912 -0.029022217 -0.99902344
vn 0.040618896 -0.03857422 -0.99853516
vn 0.042175293 -0.03817749 -0.99853516
vn 0.040527344 -0.038146973 -0.99853516
vn 0.03881836 -0.029037476 -0.99902344
vn 0.24658203 -0.9682617 0.037750244
vn 0.24645996 -0.9682617 0.037384033
vn 0.24609375 -0.9682617 0.038146973
vn 0.24645996 -0.9682617 0.03778076
vn 0.24621582 -0.9682617 0.037384033
vn 0.24658203 -0.9682617 0.037384033
vn -0.9453125 -0.32592773 0.005722046
vn -0.9453125 -0.3256836 0.0061035156
vn -0.9453125 -0.32617188 -0.0011444092
vn -0.9453125 -0.3256836 0.005722046
vn -0.9453125 -0.3256836 0.0061035156
vn -0.9453125 -0.3256836 0.005722046
vn -0.9453125 -0.32617188 0.0061035156
vn -0.9453125 -0.32592773 0.005722046
vn 0.9916992 0.11413574 0.058746338
vn 0.9916992 0.11419678 0.058746338
vn 0.9916992 0.11413574 0.05911255
vn 0.9916992 0.11407471 0.05911255
vn 0.9916992 0.11425781 0.058746338
vn 0.9916992 0.11413574 0.058746338
vn 0.9916992 0.11425781 0.05911255
vn 0.9916992 0.11425781 0.059143066
vn -0.12780762 0.99121094 -0.033569336
vn -0.12780762 0.99121094 -0.033935547
vn -0.12780762 0.99121094 -0.033569336
vn -0.12780762 0.99121094 -0.033569336
vn -0.9941406 0.037384033 -0.09954834
vn -0.9941406 0.037384033 -0.09918213
vn -0.9941406 0.037384033 -0.09918213
vn -0.9941406 0.03744507 -0.09918213
vn -0.9941406 0.03741455 -0.09954834
vn -0.9941406 0.037384033 -0.09954834
vn -0.9941406 0.03744507 -0.09954834
vn -0.9941406 0.037384033 -0.09954834
vn 0.13330078 -0.99072266 0.033966064
vn 0.13354492 -0.9902344 0.033935547
vn 0.13317871 -0.99072266 0.033966064
vn 0.13330078 -0.99072266 0.033966064
vn -0.6669922 -0.73779297 -0.105285645
vn -0.6669922 -0.73779297 -0.105285645
vn -0.6669922 -0.73779297 -0.10491943
vn -0.6669922 -0.73779297 -0.105285645
vn -0.6669922 -0.73779297 -0.105285645
vn -0.6669922 -0.73779297 -0.105285645
vn 0.9453125 0.3256836 -0.005722046
vn 0.9453125 0.32592773 -0.005340576
vn 0.9453125 0.3256836 -0.0061035156
vn 0.9453125 0.3256836 -0.0061035156
vn 0.9453125 0.3256836 -0.0061035156
vn 0.9453125 0.3256836 -0.005722046
vn 0.9453125 0.3256836 -0.005722046
vn 0.9453125 0.3256836 -0.0061035156
vn -0.9921875 0.12524414 -0.0007624626
vn -0.9921875 0.12536621 -0.0007619858
vn -0.9921875 0.12548828 -0.0007624626
vn -0.9921875 0.12548828 -0.0007624626
vn 0.058746338 -0.984375 -0.16516113
vn 0.0579834 -0.984375 -0.16516113
vn 0.058746338 -0.984375 -0.16516113
vn 0.05834961 -0.984375 -0.16516113
vn -0.9946289 -0.09729004 -0.0385437
vn -0.9946289 -0.097229004 -0.038146973
vn -0.9946289 -0.09716797 -0.038513184
vn -0.9946289 -0.09729004 -0.03817749
vn -0.038146973 0.98535156 0.16552734
vn -0.038146973 0.98535156 0.16552734
vn -0.038146973 0.98535156 0.16589355
vn -0.038146973 0.98535156 0.16552734
vn -0.022125244 -0.16674805 0.98583984
vn -0.021362305 -0.1665039 0.98583984
vn -0.02709961 -0.15148926 0.98828125
vn -0.022125244 -0.1665039 0.98583984
vn -0.021743774 -0.1665039 0.98583984
vn -0.022125244 -0.1665039 0.98583984
vn 0.021759033 0.16662598 -0.98583984
vn 0.021377563 0.16662598 -0.98583984
vn 0.024414062 0.15881348 -0.9868164
vn 0.021377563 0.16674805 -0.98583984
vn 0.021377563 0.16662598 -0.98583984
vn 0.021377563 0.16662598 -0.98583984
vn 0.72265625 0.65234375 0.22839355
vn 0.72265625 0.65283203 0.22814941
vn 0.72265625 0.65283203 0.22814941
vn 0.72265625 0.65283203 0.22851562
vn 0.72265625 0.65234375 0.22888184
vn 0.72216797 0.65283203 0.22888184
vn -0.05493164 0.9848633 0.16552734
vn -0.05493164 0.9848633 0.16516113
vn -0.05493164 0.9848633 0.16516113
vn -0.05493164 0.9848633 0.16516113
vn -0.05493164 0.9848633 0.16516113
vn -0.05493164 0.9848633 0.16516113
vn -0.99560547 -0.08770752 -0.036621094
vn -0.99560547 -0.0869751 -0.036621094
vn -0.99560547 -0.08770752 -0.036621094
vn -0.99560547 -0.087402344 -0.03665161
vn 0.037384033 -0.9951172 -0.089660645
vn 0.037017822 -0.9951172 -0.089660645
vn 0.04156494 -0.9926758 -0.11291504
vn 0.037384033 -0.9951172 -0.089660645
vn 0.097717285 -0.9814453 -0.1640625
vn 0.09765625 -0.9814453 -0.16369629
vn 0.109069824 -0.9902344 -0.08734131
vn 0.09692383 -0.9819336 -0.16369629
vn -0.99121094 0.13122559 0.0003812313
vn -0.99121094 0.1315918 0.0003812313
vn -0.99121094 0.1315918 0.0003812313
vn -0.99121094 0.13134766 0.0003812313
vn -0.9633789 -0.2607422 -0.06524658
vn -0.9633789 -0.2602539 -0.06518555
vn -0.9633789 -0.2602539 -0.06524658
vn -0.9633789 -0.2607422 -0.06518555
vn -0.019836426 -0.19763184 0.97998047
vn -0.02670288 -0.18920898 0.9814453
vn -0.02822876 -0.16821289 0.98535156
vn -0.020217896 -0.19750977 0.97998047
vn -0.020599365 -0.19763184 0.97998047
vn 0.002286911 -0.15979004 0.9873047
vn -0.022125244 -0.16638184 0.98583984
vn 0.002286911 -0.15942383 0.9873047
vn 0.002286911 -0.16430664 0.9863281
vn 0.009918213 0.16333008 -0.9863281
vn 0.025177002 0.16711426 -0.98583984
vn 0.025177002 0.16748047 -0.98535156
vn 0.024429321 0.17785645 -0.9838867
vn 0.015258789 0.17932129 -0.9838867
vn 0.009162903 0.16333008 -0.9863281
vn 0.021377563 0.16662598 -0.98583984
vn 0.009925842 0.16333008 -0.9863281
vn 0.009918213 0.16601562 -0.98583984
vn 0.9995117 0.002861023 0.025177002
vn 0.9995117 0.0030517578 0.024795532
vn 0.9995117 0.002861023 0.025177002
vn 0.9995117 0.0030517578 0.024414062
vn 0.9995117 0.0030517578 0.024795532
vn 0.9995117 0.0026683807 0.024780273
vn -0.022125244 -0.1665039 0.98583984
vn -0.021362305 -0.16674805 0.98583984
vn -0.022125244 -0.1665039 0.98583984
vn -0.021743774 -0.16674805 0.98583984
vn -0.9951172 -0.093322754 -0.037750244
vn -0.9951172 -0.09307861 -0.03778076
vn -0.9951172 -0.09338379 -0.03778076
vn -0.9951172 -0.093444824 -0.03778076
vn 0.09844971 -0.9814453 -0.1640625
vn 0.09802246 -0.9814453 -0.16369629
vn 0.09765625 -0.9814453 -0.1640625
vn 0.09765625 -0.9814453 -0.16357422
vn 0.022125244 0.16674805 -0.98583984
vn 0.022125244 0.16662598 -0.98583984
vn 0.022125244 0.1665039 -0.98583984
vn 0.021362305 0.16638184 -0.98583984
vn 0.9951172 0.093444824 0.03778076
vn 0.9951172 0.093322754 0.03778076
vn 0.9951172 0.09307861 0.03778076
vn 0.9951172 0.09338379 0.03778076
vn 0.13269043 0.9794922 0.15026855
vn 0.1328125 0.9794922 0.15063477
vn 0.1328125 0.9794922 0.15063477
vn 0.13269043 0.9794922 0.15100098
vn -0.27685547 -0.9589844 -0.062927246
vn -0.27661133 -0.9589844 -0.06298828
vn -0.27661133 -0.9589844 -0.062927246
vn -0.27734375 -0.9584961 -0.062927246
vn -0.9926758 -0.072509766 -0.09503174
vn -0.9926758 -0.072509766 -0.09503174
vn -0.9926758 -0.07287598 -0.0947876
vn -0.9926758 -0.072509766 -0.09503174
vn -0.049194336 -0.035858154 0.9980469
vn -0.049957275 -0.035461426 0.9980469
vn -0.04043579 -0.10858154 0.99316406
vn -0.049957275 -0.035858154 0.9980469
vn -0.19763184 -0.9785156 -0.05645752
vn -0.19763184 -0.9785156 -0.05645752
vn -0.19763184 -0.9785156 -0.056854248
vn -0.19763184 -0.9785156 -0.056274414
vn 0.21289062 0.97558594 0.058013916
vn 0.21289062 0.97558594 0.0579834
vn 0.21289062 0.97558594 0.05758667
vn 0.21276855 0.97558594 0.05795288
vn 0.21704102 0.9746094 0.058166504
vn 0.21691895 0.9746094 0.0579834
vn -0.9277344 0.3659668 -0.07171631
vn -0.9277344 0.3659668 -0.07171631
vn -0.9277344 0.3659668 -0.07171631
vn -0.9277344 0.3659668 -0.07171631
vn 0.07128906 0.037353516 -0.99658203
vn 0.07092285 0.036987305 -0.99658203
vn 0.07055664 0.037384033 -0.99658203
vn 0.065979004 0.07397461 -0.9951172
vn 0.04272461 0.05834961 -0.9975586
vn 0.099975586 0.051879883 -0.99365234
vn 0.09991455 0.051879883 -0.99365234
vn -0.107543945 -0.064453125 0.9921875
vn -0.107910156 -0.0647583 0.9921875
vn -0.11755371 -0.07159424 0.99072266
vn -0.10760498 -0.06488037 0.9921875
vn 0.9863281 -0.14709473 0.07244873
vn 0.9863281 -0.14709473 0.07208252
vn 0.9863281 -0.14709473 0.07208252
vn 0.9863281 -0.14709473 0.07208252
g Object001_0
f 3/3/3 2/2/2 1/1/1
f 6/6/6 5/5/5 4/4/4
f 9/9/9 8/8/8 7/7/7
f 12/12/12 11/11/11 10/10/10
f 13/13/13 10/10/10 11/11/11
f 11/11/11 14/14/14 13/13/13
f 15/15/15 13/13/13 14/14/14
f 18/18/18 17/17/17 16/16/16
f 19/19/19 16/16/16 17/17/17
f 17/17/17 20/20/20 19/19/19
f 21/21/21 19/19/19 20/20/20
f 24/24/24 23/23/23 22/22/22
f 25/25/25 22/22/22 23/23/23
f 28/28/28 27/27/27 26/26/26
f 29/29/29 26/26/26 27/27/27
f 27/27/27 30/30/30 29/29/29
f 31/31/31 29/29/29 30/30/30
f 34/34/34 33/33/33 32/32/32
f 35/35/35 32/32/32 33/33/33
f 38/38/38 37/37/37 36/36/36
f 39/39/39 36/36/36 37/37/37
f 36/36/36 39/39/39 40/40/40
f 41/41/41 40/40/40 39/39/39
f 44/44/44 43/43/43 42/42/42
f 45/45/45 42/42/42 43/43/43
f 46/46/46 42/42/42 45/45/45
f 42/42/42 46/46/46 47/47/47
f 48/48/48 47/47/47 46/46/46
f 49/49/49 42/42/42 47/47/47
f 52/52/52 51/51/51 50/50/50
f 53/53/53 50/50/50 51/51/51
f 51/51/51 54/54/54 53/53/53
f 55/55/55 53/53/53 54/54/54
f 54/54/54 56/56/56 55/55/55
f 57/57/57 55/55/55 56/56/56
f 60/60/60 59/59/59 58/58/58
f 61/61/61 58/58/58 59/59/59
f 59/59/59 62/62/62 61/61/61
f 63/63/63 61/61/61 62/62/62
f 66/66/66 65/65/65 64/64/64
f 67/67/67 64/64/64 65/65/65
f 67/67/67 68/68/68 64/64/64
f 69/69/69 64/64/64 68/68/68
f 72/72/72 71/71/71 70/70/70
f 73/73/73 70/70/70 71/71/71
f 76/76/76 75/75/75 74/74/74
f 77/77/77 74/74/74 75/75/75
f 77/77/77 78/78/78 74/74/74
f 78/78/78 77/77/77 79/79/79
f 80/80/80 79/79/79 77/77/77
f 77/77/77 81/81/81 80/80/80
f 84/84/84 83/83/83 82/82/82
f 85/85/85 82/82/82 83/83/83
f 88/88/88 87/87/87 86/86/86
f 89/89/89 86/86/86 87/87/87
f 90/90/90 89/89/89 87/87/87
f 93/93/93 92/92/92 91/91/91
f 94/94/94 91/91/91 92/92/92
f 95/95/95 94/94/94 92/92/92
f 98/98/98 97/97/97 96/96/96
f 99/99/99 96/96/96 97/97/97
f 102/102/102 101/101/101 100/100/100
f 103/103/103 100/100/100 101/101/101
f 106/106/106 105/105/105 104/104/104
f 107/107/107 104/104/104 105/105/105
f 110/110/110 109/109/109 108/108/108
f 111/111/111 108/108/108 109/109/109
f 114/114/114 113/113/113 112/112/112
f 115/115/115 112/112/112 113/113/113
f 118/118/118 117/117/117 116/116/116
f 119/119/119 116/116/116 117/117/117
f 122/122/122 121/121/121 120/120/120
f 123/123/123 120/120/120 121/121/121
f 126/126/126 125/125/125 124/124/124
f 127/127/127 124/124/124 125/125/125
f 125/125/125 128/128/128 127/127/127
f 129/129/129 127/127/127 128/128/128
f 132/132/132 131/131/131 130/130/130
f 133/133/133 130/130/130 131/131/131
f 136/136/136 135/135/135 134/134/134
f 137/137/137 134/134/134 135/135/135
f 140/140/140 139/139/139 138/138/138
f 141/141/141 138/138/138 139/139/139
f 139/139/139 142/142/142 141/141/141
f 143/143/143 141/141/141 142/142/142
f 146/146/146 145/145/145 144/144/144
f 147/147/147 144/144/144 145/145/145
f 150/150/150 149/149/149 148/148/148
f 149/149/149 151/151/151 148/148/148
f 151/151/151 152/152/152 148/148/148
f 155/155/155 154/154/154 153/153/153
f 156/156/156 153/153/153 154/154/154
f 159/159/159 158/158/158 157/157/157
f 160/160/160 157/157/157 158/158/158
f 163/163/163 162/162/162 161/161/161
f 164/164/164 161/161/161 162/162/162
f 167/167/167 166/166/166 165/165/165
f 168/168/168 165/165/165 166/166/166
f 166/166/166 169/169/169 168/168/168
f 170/170/170 168/168/168 169/169/169
f 173/173/173 172/172/172 171/171/171
f 174/174/174 171/171/171 172/172/172
f 177/177/177 176/176/176 175/175/175
f 178/178/178 175/175/175 176/176/176
f 181/181/181 180/180/180 179/179/179
f 182/182/182 179/179/179 180/180/180
f 185/185/185 184/184/184 183/183/183
f 186/186/186 183/183/183 184/184/184
f 189/189/189 188/188/188 187/187/187
f 190/190/190 187/187/187 188/188/188
f 193/193/193 192/192/192 191/191/191
f 194/194/194 191/191/191 192/192/192
f 197/197/197 196/196/196 195/195/195
f 198/198/198 195/195/195 196/196/196
f 201/201/201 200/200/200 199/199/199
f 202/202/202 199/199/199 200/200/200
f 205/205/205 204/204/204 203/203/203
f 206/206/206 203/203/203 204/204/204
f 209/209/209 208/208/208 207/207/207
f 210/210/210 207/207/207 208/208/208
f 213/213/213 212/212/212 211/211/211
f 214/214/214 211/211/211 212/212/212
f 217/217/217 216/216/216 215/215/215
f 218/218/218 215/215/215 216/216/216
f 221/221/221 220/220/220 219/219/219
f 222/222/222 219/219/219 220/220/220
f 225/225/225 224/224/224 223/223/223
f 226/226/226 223/223/223 224/224/224
f 229/229/229 228/228/228 227/227/227
f 230/230/230 227/227/227 228/228/228
f 233/233/233 232/232/232 231/231/231
f 234/234/234 231/231/231 232/232/232
f 234/234/234 232/232/232 235/235/235
f 236/236/236 235/235/235 232/232/232
f 239/239/239 238/238/238 237/237/237
f 240/240/240 237/237/237 238/238/238
f 237/237/237 240/240/240 241/241/241
f 242/242/242 241/241/241 240/240/240
f 245/245/245 244/244/244 243/243/243
f 246/246/246 243/243/243 244/244/244
f 249/249/249 248/248/248 247/247/247
f 248/248/248 250/250/250 247/247/247
f 250/250/250 251/251/251 247/247/247
f 252/252/252 250/250/250 248/248/248
f 255/255/255 254/254/254 253/253/253
f 256/256/256 253/253/253 254/254/254
f 259/259/259 258/258/258 257/257/257
f 260/260/260 257/257/257 258/258/258
f 263/263/263 262/262/262 261/261/261
f 264/264/264 261/261/261 262/262/262
f 267/267/267 266/266/266 265/265/265
f 268/268/268 265/265/265 266/266/266
f 271/271/271 270/270/270 269/269/269
f 272/272/272 269/269/269 270/270/270
f 275/275/275 274/274/274 273/273/273
f 276/276/276 273/273/273 274/274/274
f 279/279/279 278/278/278 277/277/277
f 280/280/280 277/277/277 278/278/278
f 283/283/283 282/282/282 281/281/281
f 284/284/284 281/281/281 282/282/282
f 287/287/287 286/286/286 285/285/285
f 288/288/288 285/285/285 286/286/286
f 291/291/291 290/290/290 289/289/289
f 292/292/292 289/289/289 290/290/290
f 295/295/295 294/294/294 293/293/293
f 296/296/296 293/293/293 294/294/294
f 299/299/299 298/298/298 297/297/297
f 300/300/300 297/297/297 298/298/298
f 303/303/303 302/302/302 301/301/301
f 304/304/304 301/301/301 302/302/302
f 304/304/304 302/302/302 305/305/305
f 306/306/306 305/305/305 302/302/302
f 309/309/309 308/308/308 307/307/307
f 310/310/310 307/307/307 308/308/308
f 313/313/313 312/312/312 311/311/311
f 314/314/314 311/311/311 312/312/312
f 312/312/312 315/315/315 314/314/314
f 316/316/316 314/314/314 315/315/315
f 319/319/319 318/318/318 317/317/317
f 320/320/320 317/317/317 318/318/318
f 323/323/323 322/322/322 321/321/321
f 324/324/324 321/321/321 322/322/322
f 327/327/327 326/326/326 325/325/325
f 328/328/328 325/325/325 326/326/326
f 328/328/328 329/329/329 325/325/325
f 330/330/330 325/325/325 329/329/329
f 333/333/333 332/332/332 331/331/331
f 334/334/334 331/331/331 332/332/332
f 337/337/337 336/336/336 335/335/335
f 338/338/338 335/335/335 336/336/336
f 341/341/341 340/340/340 339/339/339
f 342/342/342 339/339/339 340/340/340
f 345/345/345 344/344/344 343/343/343
f 346/346/346 343/343/343 344/344/344
f 349/349/349 348/348/348 347/347/347
f 350/350/350 347/347/347 348/348/348
f 353/353/353 352/352/352 351/351/351
f 354/354/354 351/351/351 352/352/352
f 357/357/357 356/356/356 355/355/355
f 358/358/358 355/355/355 356/356/356
f 361/361/361 360/360/360 359/359/359
f 362/362/362 359/359/359 360/360/360
f 362/362/362 360/360/360 363/363/363
f 362/362/362 363/363/363 364/364/364
f 365/365/365 363/363/363 360/360/360
f 366/366/366 365/365/365 360/360/360
f 369/369/369 368/368/368 367/367/367
f 370/370/370 367/367/367 368/368/368
f 373/373/373 372/372/372 371/371/371
f 374/374/374 371/371/371 372/372/372
f 377/377/377 376/376/376 375/375/375
f 378/378/378 375/375/375 376/376/376
f 381/381/381 380/380/380 379/379/379
f 382/382/382 379/379/379 380/380/380
f 385/385/385 384/384/384 383/383/383
f 386/386/386 383/383/383 384/384/384
f 386/386/386 387/387/387 383/383/383
f 386/386/386 388/388/388 387/387/387
f 389/389/389 383/383/383 387/387/387
f 389/389/389 390/390/390 383/383/383
f 393/393/393 392/392/392 391/391/391
f 394/394/394 391/391/391 392/392/392
f 397/397/397 396/396/396 395/395/395
f 396/396/396 398/398/398 395/395/395
f 399/399/399 398/398/398 396/396/396
f 400/400/400 399/399/399 396/396/396
f 401/401/401 399/399/399 400/400/400
f 402/402/402 399/399/399 401/401/401
f 405/405/405 404/404/404 403/403/403
f 404/404/404 406/406/406 403/403/403
f 406/406/406 407/407/407 403/403/403
f 407/407/407 408/408/408 403/403/403
f 411/411/411 410/410/410 409/409/409
f 412/412/412 409/409/409 410/410/410
f 415/415/415 414/414/414 413/413/413
f 416/416/416 413/413/413 414/414/414
f 419/419/419 418/418/418 417/417/417
f 420/420/420 417/417/417 418/418/418
f 423/423/423 422/422/422 421/421/421
f 424/424/424 423/423/423 421/421/421
f 425/425/425 424/424/424 421/421/421
f 426/426/426 425/425/425 421/421/421
f 429/429/429 428/428/428 427/427/427
f 430/430/430 427/427/427 428/428/428
f 433/433/433 432/432/432 431/431/431
f 432/432/432 434/434/434 431/431/431
f 435/435/435 434/434/434 432/432/432
f 436/436/436 434/434/434 435/435/435
f 439/439/439 438/438/438 437/437/437
f 440/440/440 437/437/437 438/438/438
f 443/443/443 442/442/442 441/441/441
f 444/444/444 441/441/441 442/442/442
f 447/447/447 446/446/446 445/445/445
f 448/448/448 445/445/445 446/446/446
f 445/445/445 448/448/448 449/449/449
f 450/450/450 449/449/449 448/448/448
f 453/453/453 452/452/452 451/451/451
f 454/454/454 451/451/451 452/452/452
f 454/454/454 455/455/455 451/451/451
f 456/456/456 451/451/451 455/455/455
f 459/459/459 458/458/458 457/457/457
f 460/460/460 457/457/457 458/458/458
f 460/460/460 461/461/461 457/457/457
f 462/462/462 457/457/457 461/461/461
f 465/465/465 464/464/464 463/463/463
f 466/466/466 463/463/463 464/464/464
f 469/469/469 468/468/468 467/467/467
f 467/467/467 470/470/470 469/469/469
f 471/471/471 469/469/469 470/470/470
f 470/470/470 472/472/472 471/471/471
f 475/475/475 474/474/474 473/473/473
f 476/476/476 473/473/473 474/474/474
f 476/476/476 474/474/474 477/477/477
f 478/478/478 477/477/477 474/474/474
f 478/478/478 479/479/479 477/477/477
f 480/480/480 479/479/479 478/478/478
f 481/481/481 477/477/477 479/479/479
f 477/477/477 481/481/481 482/482/482
f 485/485/485 484/484/484 483/483/483
f 484/484/484 486/486/486 483/483/483
f 486/486/486 487/487/487 483/483/483
f 488/488/488 486/486/486 484/484/484
f 489/489/489 488/488/488 484/484/484
f 490/490/490 486/486/486 488/488/488
f 493/493/493 492/492/492 491/491/491
f 494/494/494 491/491/491 492/492/492
f 497/497/497 496/496/496 495/495/495
f 498/498/498 495/495/495 496/496/496
f 501/501/501 500/500/500 499/499/499
f 502/502/502 499/499/499 500/500/500
f 505/505/505 504/504/504 503/503/503
f 506/506/506 503/503/503 504/504/504
f 506/506/506 504/504/504 507/507/507
f 508/508/508 507/507/507 504/504/504
f 508/508/508 509/509/509 507/507/507
f 510/510/510 507/507/507 509/509/509
f 510/510/510 511/511/511 507/507/507
f 514/514/514 513/513/513 512/512/512
f 515/515/515 512/512/512 513/513/513
f 518/518/518 517/517/517 516/516/516
f 519/519/519 516/516/516 517/517/517
f 522/522/522 521/521/521 520/520/520
f 523/523/523 520/520/520 521/521/521
f 526/526/526 525/525/525 524/524/524
f 527/527/527 524/524/524 525/525/525
f 530/530/530 529/529/529 528/528/528
f 531/531/531 528/528/528 529/529/529
f 534/534/534 533/533/533 532/532/532
f 535/535/535 532/532/532 533/533/533
f 538/538/538 537/537/537 536/536/536
f 539/539/539 536/536/536 537/537/537
f 542/542/542 541/541/541 540/540/540
f 543/543/543 540/540/540 541/541/541
f 546/546/546 545/545/545 544/544/544
f 547/547/547 544/544/544 545/545/545
f 550/550/550 549/549/549 548/548/548
f 551/551/551 548/548/548 549/549/549
f 551/551/551 552/552/552 548/548/548
f 553/553/553 548/548/548 552/552/552
f 553/553/553 552/552/552 554/554/554
f 555/555/555 554/554/554 552/552/552
f 556/556/556 555/555/555 552/552/552
f 559/559/559 558/558/558 557/557/557
f 560/560/560 557/557/557 558/558/558
f 563/563/563 562/562/562 561/561/561
f 564/564/564 561/561/561 562/562/562
f 567/567/567 566/566/566 565/565/565
f 568/568/568 565/565/565 566/566/566
f 571/571/571 570/570/570 569/569/569
f 572/572/572 569/569/569 570/570/570
f 569/569/569 572/572/572 573/573/573
f 574/574/574 573/573/573 572/572/572
f 577/577/577 576/576/576 575/575/575
f 578/578/578 575/575/575 576/576/576
f 581/581/581 580/580/580 579/579/579
f 582/582/582 579/579/579 580/580/580
f 585/585/585 584/584/584 583/583/583
f 586/586/586 583/583/583 584/584/584
f 586/586/586 587/587/587 583/583/583
f 588/588/588 583/583/583 587/587/587
f 591/591/591 590/590/590 589/589/589
f 592/592/592 589/589/589 590/590/590
f 590/590/590 593/593/593 592/592/592
f 594/594/594 592/592/592 593/593/593
f 597/597/597 596/596/596 595/595/595
f 598/598/598 595/595/595 596/596/596
f 601/601/601 600/600/600 599/599/599
f 602/602/602 599/599/599 600/600/600
f 605/605/605 604/604/604 603/603/603
f 605/605/605 606/606/606 604/604/604
f 607/607/607 604/604/604 606/606/606
f 608/608/608 607/607/607 606/606/606
f 606/606/606 605/605/605 609/609/609
f 610/610/610 609/609/609 605/605/605
f 613/613/613 612/612/612 611/611/611
f 614/614/614 611/611/611 612/612/612
f 612/612/612 615/615/615 614/614/614
f 616/616/616 614/614/614 615/615/615
f 619/619/619 618/618/618 617/617/617
f 620/620/620 617/617/617 618/618/618
f 620/620/620 618/618/618 621/621/621
f 622/622/622 621/621/621 618/618/618
f 625/625/625 624/624/624 623/623/623
f 626/626/626 623/623/623 624/624/624
f 629/629/629 628/628/628 627/627/627
f 630/630/630 627/627/627 628/628/628
f 633/633/633 632/632/632 631/631/631
f 634/634/634 631/631/631 632/632/632
f 637/637/637 636/636/636 635/635/635
f 636/636/636 637/637/637 638/638/638
f 639/639/639 638/638/638 637/637/637
f 639/639/639 640/640/640 638/638/638
f 638/638/638 641/641/641 636/636/636
f 642/642/642 636/636/636 641/641/641
f 645/645/645 644/644/644 643/643/643
f 646/646/646 643/643/643 644/644/644
f 649/649/649 648/648/648 647/647/647
f 650/650/650 647/647/647 648/648/648
f 648/648/648 651/651/651 650/650/650
f 652/652/652 650/650/650 651/651/651
f 651/651/651 653/653/653 652/652/652
f 654/654/654 652/652/652 653/653/653
f 657/657/657 656/656/656 655/655/655
f 658/658/658 655/655/655 656/656/656
f 661/661/661 660/660/660 659/659/659
f 662/662/662 659/659/659 660/660/660
f 665/665/665 664/664/664 663/663/663
f 666/666/666 663/663/663 664/664/664
f 669/669/669 668/668/668 667/667/667
f 670/670/670 667/667/667 668/668/668
f 673/673/673 672/672/672 671/671/671
f 674/674/674 671/671/671 672/672/672
f 677/677/677 676/676/676 675/675/675
f 678/678/678 675/675/675 676/676/676
f 681/681/681 680/680/680 679/679/679
f 682/682/682 679/679/679 680/680/680
f 680/680/680 683/683/683 682/682/682
f 684/684/684 682/682/682 683/683/683
f 684/684/684 683/683/683 685/685/685
f 686/686/686 685/685/685 683/683/683
f 689/689/689 688/688/688 687/687/687
f 690/690/690 687/687/687 688/688/688
f 693/693/693 692/692/692 691/691/691
f 694/694/694 691/691/691 692/692/692
f 697/697/697 696/696/696 695/695/695
f 698/698/698 695/695/695 696/696/696
f 701/701/701 700/700/700 699/699/699
f 702/702/702 699/699/699 700/700/700
f 705/705/705 704/704/704 703/703/703
f 706/706/706 703/703/703 704/704/704
f 709/709/709 708/708/708 707/707/707
f 710/710/710 707/707/707 708/708/708
f 713/713/713 712/712/712 711/711/711
f 714/714/714 711/711/711 712/712/712
f 717/717/717 716/716/716 715/715/715
f 718/718/718 715/715/715 716/716/716
f 721/721/721 720/720/720 719/719/719
f 722/722/722 719/719/719 720/720/720
f 725/725/725 724/724/724 723/723/723
f 726/726/726 723/723/723 724/724/724
f 729/729/729 728/728/728 727/727/727
f 730/730/730 727/727/727 728/728/728
f 733/733/733 732/732/732 731/731/731
f 734/734/734 731/731/731 732/732/732
f 737/737/737 736/736/736 735/735/735
f 738/738/738 735/735/735 736/736/736
f 735/735/735 740/740/740 739/739/739
f 741/741/741 739/739/739 740/740/740
f 744/744/744 743/743/743 742/742/742
f 745/745/745 742/742/742 743/743/743
f 745/745/745 746/746/746 742/742/742
f 747/747/747 742/742/742 746/746/746
f 747/747/747 746/746/746 748/748/748
f 749/749/749 748/748/748 746/746/746
f 751/751/751 746/746/746 750/750/750
f 752/752/752 750/750/750 746/746/746
f 752/752/752 746/746/746 753/753/753
f 754/754/754 753/753/753 746/746/746
f 754/754/754 755/755/755 753/753/753
f 756/756/756 753/753/753 755/755/755
f 759/759/759 758/758/758 757/757/757
f 760/760/760 757/757/757 758/758/758
f 760/760/760 758/758/758 761/761/761
f 762/762/762 761/761/761 758/758/758
f 762/762/762 763/763/763 761/761/761
f 764/764/764 761/761/761 763/763/763
f 764/764/764 766/766/766 765/765/765
f 767/767/767 765/765/765 766/766/766
f 767/767/767 768/768/768 765/765/765
f 769/769/769 765/765/765 768/768/768
f 769/769/769 768/768/768 770/770/770
f 771/771/771 770/770/770 768/768/768
f 774/774/774 773/773/773 772/772/772
f 773/773/773 775/775/775 772/772/772
f 776/776/776 775/775/775 773/773/773
f 777/777/777 776/776/776 773/773/773
f 778/778/778 776/776/776 777/777/777
f 779/779/779 776/776/776 778/778/778
f 782/782/782 781/781/781 780/780/780
f 783/783/783 780/780/780 781/781/781
f 786/786/786 785/785/785 784/784/784
f 787/787/787 784/784/784 785/785/785
f 787/787/787 789/789/789 788/788/788
f 790/790/790 788/788/788 789/789/789
f 793/793/793 792/792/792 791/791/791
f 794/794/794 791/791/791 792/792/792
f 797/797/797 796/796/796 795/795/795
f 798/798/798 795/795/795 796/796/796
f 801/801/801 800/800/800 799/799/799
f 802/802/802 799/799/799 800/800/800
f 803/803/803 802/802/802 800/800/800
f 806/806/806 805/805/805 804/804/804
f 807/807/807 804/804/804 805/805/805
f 810/810/810 809/809/809 808/808/808
f 809/809/809 811/811/811 808/808/808
f 813/813/813 812/812/812 811/811/811
f 814/814/814 813/813/813 811/811/811
f 815/815/815 814/814/814 811/811/811
f 815/815/815 816/816/816 814/814/814
f 817/817/817 814/814/814 816/816/816
f 820/820/820 819/819/819 818/818/818
f 821/821/821 818/818/818 819/819/819
f 824/824/824 823/823/823 822/822/822
f 825/825/825 822/822/822 823/823/823
f 826/826/826 825/825/825 823/823/823
f 825/825/825 827/827/827 822/822/822
f 827/827/827 828/828/828 822/822/822
f 825/825/825 826/826/826 829/829/829
f 826/826/826 830/830/830 829/829/829
f 830/830/830 831/831/831 829/829/829
f 829/829/829 831/831/831 828/828/828
f 832/832/832 828/828/828 831/831/831
f 835/835/835 834/834/834 833/833/833
f 836/836/836 833/833/833 834/834/834
f 833/833/833 836/836/836 837/837/837
f 838/838/838 837/837/837 836/836/836
f 841/841/841 840/840/840 839/839/839
f 840/840/840 842/842/842 839/839/839
f 842/842/842 843/843/843 839/839/839
f 844/844/844 842/842/842 840/840/840
f 845/845/845 844/844/844 840/840/840
f 846/846/846 842/842/842 844/844/844
f 849/849/849 848/848/848 847/847/847
f 848/848/848 850/850/850 847/847/847
f 851/851/851 850/850/850 848/848/848
f 852/852/852 851/851/851 848/848/848
f 853/853/853 851/851/851 852/852/852
f 854/854/854 851/851/851 853/853/853
f 857/857/857 856/856/856 855/855/855
f 858/858/858 855/855/855 856/856/856
f 861/861/861 860/860/860 859/859/859
f 860/860/860 862/862/862 859/859/859
f 863/863/863 862/862/862 860/860/860
f 864/864/864 863/863/863 860/860/860
f 865/865/865 863/863/863 864/864/864
f 866/866/866 863/863/863 865/865/865
f 869/869/869 868/868/868 867/867/867
f 870/870/870 867/867/867 868/868/868
f 873/873/873 872/872/872 871/871/871
f 872/872/872 874/874/874 871/871/871
f 874/874/874 875/875/875 871/871/871
f 876/876/876 874/874/874 872/872/872
f 879/879/879 878/878/878 877/877/877
f 878/878/878 880/880/880 877/877/877
f 880/880/880 881/881/881 877/877/877
f 882/882/882 880/880/880 878/878/878
f 883/883/883 882/882/882 878/878/878
f 884/884/884 882/882/882 883/883/883
f 887/887/887 886/886/886 885/885/885
f 888/888/888 885/885/885 886/886/886
f 891/891/891 890/890/890 889/889/889
f 892/892/892 889/889/889 890/890/890
f 895/895/895 894/894/894 893/893/893
f 896/896/896 893/893/893 894/894/894
f 899/899/899 898/898/898 897/897/897
f 900/900/900 897/897/897 898/898/898
f 903/903/903 902/902/902 901/901/901
f 904/904/904 901/901/901 902/902/902
f 902/902/902 905/905/905 904/904/904
f 906/906/906 904/904/904 905/905/905
f 909/909/909 908/908/908 907/907/907
f 910/910/910 907/907/907 908/908/908
f 907/907/907 910/910/910 911/911/911
f 912/912/912 911/911/911 910/910/910
f 915/915/915 914/914/914 913/913/913
f 914/914/914 916/916/916 913/913/913
f 917/917/917 916/916/916 914/914/914
f 918/918/918 916/916/916 917/917/917
f 921/921/921 920/920/920 919/919/919
f 922/922/922 919/919/919 920/920/920
f 920/920/920 923/923/923 922/922/922
f 924/924/924 922/922/922 923/923/923
f 927/927/927 926/926/926 925/925/925
f 928/928/928 925/925/925 926/926/926
f 931/931/931 930/930/930 929/929/929
f 932/932/932 929/929/929 930/930/930
f 935/935/935 934/934/934 933/933/933
f 936/936/936 933/933/933 934/934/934
f 939/939/939 938/938/938 937/937/937
f 940/940/940 937/937/937 938/938/938
f 943/943/943 942/942/942 941/941/941
f 944/944/944 941/941/941 942/942/942
f 947/947/947 946/946/946 945/945/945
f 946/946/946 948/948/948 945/945/945
f 949/949/949 945/945/945 948/948/948
f 949/949/949 950/950/950 945/945/945
f 951/951/951 950/950/950 949/949/949
f 952/952/952 945/945/945 950/950/950
f 953/953/953 945/945/945 952/952/952
f 956/956/956 955/955/955 954/954/954
f 956/956/956 954/954/954 957/957/957
f 958/958/958 957/957/957 954/954/954
f 958/958/958 954/954/954 959/959/959
f 959/959/959 960/960/960 958/958/958
f 961/961/961 959/959/959 954/954/954
f 954/954/954 962/962/962 961/961/961
f 965/965/965 964/964/964 963/963/963
f 964/964/964 966/966/966 963/963/963
f 966/966/966 967/967/967 963/963/963
f 968/968/968 966/966/966 964/964/964
f 971/971/971 970/970/970 969/969/969
f 972/972/972 969/969/969 970/970/970
f 975/975/975 974/974/974 973/973/973
f 976/976/976 973/973/973 974/974/974
f 979/979/979 978/978/978 977/977/977
f 980/980/980 977/977/977 978/978/978
f 983/983/983 982/982/982 981/981/981
f 984/984/984 981/981/981 982/982/982
f 987/987/987 986/986/986 985/985/985
f 988/988/988 985/985/985 986/986/986
f 991/991/991 990/990/990 989/989/989
f 992/992/992 989/989/989 990/990/990
f 995/995/995 994/994/994 993/993/993
f 996/996/996 993/993/993 994/994/994
f 999/999/999 998/998/998 997/997/997
f 1000/1000/1000 997/997/997 998/998/998
f 1003/1003/1003 1002/1002/1002 1001/1001/1001
f 1004/1004/1004 1001/1001/1001 1002/1002/1002
f 1007/1007/1007 1006/1006/1006 1005/1005/1005
f 1008/1008/1008 1005/1005/1005 1006/1006/1006
f 1011/1011/1011 1010/1010/1010 1009/1009/1009
f 1012/1012/1012 1009/1009/1009 1010/1010/1010
f 1012/1012/1012 1013/1013/1013 1009/1009/1009
f 1014/1014/1014 1009/1009/1009 1013/1013/1013
f 1017/1017/1017 1016/1016/1016 1015/1015/1015
f 1018/1018/1018 1015/1015/1015 1016/1016/1016
f 1021/1021/1021 1020/1020/1020 1019/1019/1019
f 1022/1022/1022 1019/1019/1019 1020/1020/1020
f 1023/1023/1023 1019/1019/1019 1022/1022/1022
f 1022/1022/1022 1020/1020/1020 1024/1024/1024
f 1025/1025/1025 1024/1024/1024 1020/1020/1020
f 1028/1028/1028 1027/1027/1027 1026/1026/1026
f 1029/1029/1029 1026/1026/1026 1027/1027/1027
f 1032/1032/1032 1031/1031/1031 1030/1030/1030
f 1033/1033/1033 1030/1030/1030 1031/1031/1031
