g OL_CH0069_Cutin_Weapon
v -0.074224025 -0.043724425 0.0440813
v -0.09514175 -0.043724425 -0.008625549
v -0.07422402 -0.043724425 -0.008625546
v -0.09514176 -0.043724425 0.0440813
v -0.109049425 -0.043724433 0.0039481875
v -0.10904943 -0.043724433 0.03150756
v -0.09514175 -0.076268904 -0.008625549
v -0.074224025 -0.076268904 0.0440813
v -0.07422401 -0.076268904 -0.008625546
v -0.09514176 -0.076268904 0.0440813
v -0.109049425 -0.07626891 0.03150756
v -0.109049425 -0.07626891 0.003948187
v -0.074224025 -0.050306153 0.046135772
v -0.09514176 -0.045778897 0.046135772
v -0.074224025 -0.045778897 0.046135772
v -0.09514176 -0.050306153 0.046135772
v -0.074224025 -0.06968718 0.046135772
v -0.09514176 -0.06968718 0.046135772
v -0.09514176 -0.074214436 0.046135772
v -0.074224025 -0.074214436 0.046135772
v -0.11110389 -0.045778904 0.0030033311
v -0.11110391 -0.050306156 0.032452412
v -0.11110389 -0.050306156 0.0030033311
v -0.11110391 -0.045778904 0.032452412
v -0.09514176 -0.050306153 0.046135772
v -0.09514176 -0.045778897 0.046135772
v -0.11110389 -0.050306156 0.0030033311
v -0.09514175 -0.045778897 -0.010680025
v -0.11110389 -0.045778904 0.0030033311
v -0.09514175 -0.050306156 -0.010680033
v -0.07422402 -0.045778897 -0.01068002
v -0.07422401 -0.050306153 -0.01068002
v -0.09514175 -0.06968718 -0.010680033
v -0.07422401 -0.06968718 -0.01068002
v -0.07422401 -0.074214436 -0.01068002
v -0.09514175 -0.074214436 -0.010680025
v -0.11110389 -0.06968718 0.0030033311
v -0.11110389 -0.07421444 0.0030033311
v -0.11110389 -0.06968718 0.032452412
v -0.11110389 -0.07421444 0.0030033311
v -0.11110389 -0.06968718 0.0030033311
v -0.11110389 -0.07421444 0.032452412
v -0.09514176 -0.06968718 0.046135772
v -0.09514176 -0.074214436 0.046135772
v -0.09514175 -0.06968718 -0.010680033
v -0.09514176 -0.050306153 0.046135772
v -0.09514176 -0.06968718 0.046135772
v -0.09514175 -0.050306156 -0.010680033
v -0.11110391 -0.050306156 0.032452412
v -0.09514175 -0.050306156 -0.010680033
v -0.11110389 -0.050306156 0.0030033311
v -0.09514176 -0.050306153 0.046135772
v -0.11110389 -0.06968718 0.0030033311
v -0.09514176 -0.06968718 0.046135772
v -0.11110389 -0.06968718 0.032452412
v -0.09514175 -0.06968718 -0.010680033
v -0.046993412 -0.06983185 -0.11398574
v -0.07799933 -0.051502593 -0.11399161
v -0.046993412 -0.050177913 -0.113985755
v -0.07799933 -0.06850746 -0.11399161
v -0.046993412 -0.06983185 -0.11398574
v -0.04699341 -0.07011646 -0.12423053
v -0.07799933 -0.06850746 -0.11399161
v -0.08335731 -0.06757164 -0.122383706
v -0.08725219 -0.06385174 -0.08853416
v -0.09166699 -0.06333697 -0.090549886
v -0.046993397 -0.06530283 -0.13240899
v -0.08130939 -0.0629462 -0.13074902
v -0.082765445 -0.057837572 -0.12952799
v -0.08429658 -0.06627926 -0.12284579
v -0.082765445 -0.062172487 -0.12952799
v -0.08429658 -0.0537308 -0.12284579
v -0.09266819 -0.06205294 -0.09132572
v -0.0926682 -0.057957128 -0.09132573
v -0.0469934 -0.05470755 -0.13240899
v -0.08130939 -0.0629462 -0.13074902
v -0.046993397 -0.06530283 -0.13240899
v -0.08130939 -0.05706387 -0.13074902
v -0.07799933 -0.051502593 -0.11399161
v -0.04699341 -0.049893744 -0.12423053
v -0.046993412 -0.050177913 -0.113985755
v -0.08335731 -0.05243843 -0.122383706
v -0.091667004 -0.056673095 -0.09054989
v -0.08725219 -0.056158338 -0.08853416
v -0.08130939 -0.05706387 -0.13074902
v -0.0469934 -0.05470755 -0.13240899
v -0.0875582 -0.057221197 -0.08769229
v -0.08725219 -0.06385174 -0.08853416
v -0.0875582 -0.062788874 -0.08769229
v -0.07799933 -0.06850746 -0.11399161
v -0.07799933 -0.051502593 -0.11399161
v -0.08725219 -0.056158338 -0.08853416
v -0.09189468 -0.05769802 -0.08967767
v -0.0875582 -0.062788874 -0.08769229
v -0.09189467 -0.062312048 -0.089677654
v -0.0875582 -0.057221197 -0.08769229
v -0.058657106 -0.052410066 0.23798156
v -0.02406572 -0.052410062 0.13432768
v -0.03986305 -0.052410062 0.2330975
v -0.05865709 -0.052410066 0.13432766
v -0.058657102 -0.067600004 0.23798156
v -0.024065716 -0.067600004 0.13432768
v -0.058657087 -0.067600004 0.13432766
v -0.039863046 -0.067600004 0.2330975
v -0.037833653 -0.06546426 0.23274316
v -0.022117592 -0.0545458 0.13432768
v -0.022117589 -0.06546426 0.13432768
v -0.037833657 -0.0545458 0.23274316
v -0.058657102 -0.065464266 0.23992969
v -0.040027894 -0.0545458 0.23515098
v -0.04002789 -0.06546426 0.23515098
v -0.058657106 -0.054545812 0.23992969
v -0.09917764 -0.058553644 0.38274732
v -0.08373223 -0.06297171 0.38169968
v -0.08373223 -0.057038352 0.38169968
v -0.09917764 -0.061456423 0.38274732
v -0.10212559 -0.06116721 0.3829473
v -0.10212559 -0.058842856 0.3829473
v -0.10212559 -0.06116721 0.38723037
v -0.09917764 -0.061456423 0.38274732
v -0.09917764 -0.061456423 0.38743034
v -0.08373223 -0.06297171 0.38169968
v -0.08373223 -0.06297171 0.388478
v -0.09917764 -0.058553644 0.38743034
v -0.10212559 -0.058842856 0.38723037
v -0.09917764 -0.058553644 0.38274732
v -0.08373223 -0.057038352 0.388478
v -0.08373223 -0.057038352 0.38169968
v -0.09917764 -0.058553644 0.38743034
v -0.09917764 -0.061456423 0.38743034
v -0.10212559 -0.058842856 0.38723037
v -0.10212559 -0.06116721 0.38723037
v -0.10212559 -0.058842856 0.3829473
v -0.10212559 -0.06116721 0.38723037
v -0.10212559 -0.06116721 0.3829473
v -0.10212559 -0.058842856 0.38723037
v -0.061081976 -0.042550024 -0.1303398
v -0.050226346 -0.04255002 -0.11558595
v -0.061081976 -0.042550024 -0.11558595
v -0.050226346 -0.04255002 -0.1303398
v -0.061081972 -0.049217246 -0.13951644
v -0.05022634 -0.049217246 -0.13951644
v -0.061081972 -0.06000504 -0.14302161
v -0.05022634 -0.06000504 -0.14302161
v -0.061081972 -0.070792824 -0.13951644
v -0.05022634 -0.070792824 -0.13951644
v -0.061081976 -0.07746004 -0.1303398
v -0.050226346 -0.07746004 -0.1303398
v -0.061081976 -0.07746004 -0.11558595
v -0.050226346 -0.07746004 -0.11558595
v -0.028111577 -0.051182702 0.1550057
v -0.033414967 -0.06882737 0.14581993
v -0.033414975 -0.051182702 0.14581993
v -0.02811157 -0.06882737 0.15500571
v -0.017504774 -0.0511827 0.1550057
v -0.017504768 -0.06882737 0.15500571
v -0.012201375 -0.0511827 0.14581995
v -0.012201371 -0.06882737 0.14581995
v -0.017504772 -0.051182702 0.1366342
v -0.017504767 -0.06882737 0.1366342
v -0.028111573 -0.051182702 0.1366342
v -0.028111568 -0.06882737 0.1366342
v -0.033414975 -0.051182702 0.14581993
v -0.033414967 -0.06882737 0.14581993
v -0.027124926 -0.04920941 0.15329677
v -0.014174672 -0.049209405 0.14581995
v -0.018491423 -0.049209405 0.15329677
v -0.027124925 -0.04920941 0.13834313
v -0.031441677 -0.04920941 0.14581993
v -0.01849142 -0.04920941 0.13834313
v -0.031441674 -0.07080066 0.14581993
v -0.018491415 -0.07080066 0.13834313
v -0.027124919 -0.07080066 0.13834313
v -0.018491417 -0.07080066 0.15329678
v -0.027124919 -0.07080066 0.15329678
v -0.014174667 -0.07080066 0.14581995
v -0.056777146 -0.036005706 0.16858919
v -0.082366265 -0.030126577 0.16519485
v -0.056777146 -0.030126577 0.16519487
v -0.082366265 -0.036005706 0.16858917
v -0.056777146 -0.041884832 0.16519487
v -0.082366265 -0.041884832 0.16519485
v -0.056777142 -0.041884832 0.15840623
v -0.082366265 -0.041884832 0.15840623
v -0.056777142 -0.036005706 0.1550119
v -0.082366265 -0.036005706 0.1550119
v -0.056777142 -0.030126577 0.15840623
v -0.082366265 -0.030126577 0.15840623
v -0.056777146 -0.030126577 0.16519487
v -0.082366265 -0.030126577 0.16519485
v -0.059128053 -0.068617426 0.11386088
v -0.04610598 -0.11625344 0.1115193
v -0.062939204 -0.070004575 0.1115193
v -0.04229483 -0.1148663 0.11386088
v -0.055316906 -0.06723028 0.111519285
v -0.03848368 -0.113479145 0.111519285
v -0.055316906 -0.06723028 0.10683613
v -0.038483676 -0.113479145 0.10683613
v -0.059128053 -0.068617426 0.10449454
v -0.04229483 -0.1148663 0.10449454
v -0.062939204 -0.070004575 0.106836125
v -0.04610598 -0.11625344 0.106836125
v -0.062939204 -0.070004575 0.1115193
v -0.04610598 -0.11625344 0.1115193
v -0.044655323 -0.117061086 0.11089175
v -0.04186556 -0.1160457 0.10574964
v -0.044655323 -0.117061086 0.10746367
v -0.039075803 -0.1150303 0.11089174
v -0.04186556 -0.1160457 0.11260579
v -0.0390758 -0.1150303 0.10746368
v -0.09039863 -0.07404801 0.022900462
v -0.09425249 -0.07786943 0.020675445
v -0.09425249 -0.07404801 0.020675445
v -0.09039863 -0.07786942 0.022900462
v -0.08654478 -0.07404801 0.020675445
v -0.08654478 -0.07786942 0.020675445
v -0.08654478 -0.07404801 0.01622539
v -0.08654478 -0.07786942 0.01622539
v -0.09039863 -0.07404801 0.014000373
v -0.09039863 -0.07786942 0.014000373
v -0.09425249 -0.07404801 0.016225388
v -0.09425249 -0.07786943 0.016225388
v -0.09425249 -0.07404801 0.020675445
v -0.09425249 -0.07786943 0.020675445
v -0.07782911 -0.062991954 0.41245693
v -0.07782911 -0.057018116 0.41245693
v -0.076591894 -0.060005035 0.41245693
v -0.083802946 -0.062991954 0.41245693
v -0.08081603 -0.064229175 0.41245693
v -0.083802946 -0.057018116 0.41245693
v -0.08081603 -0.055780895 0.41245693
v -0.08504017 -0.060005035 0.41245693
v -0.055488262 -0.062991954 0.41245693
v -0.055488262 -0.057018116 0.41245693
v -0.05425104 -0.060005035 0.41245693
v -0.061462097 -0.062991954 0.41245693
v -0.058475178 -0.064229175 0.41245693
v -0.061462097 -0.057018116 0.41245693
v -0.058475178 -0.055780895 0.41245693
v -0.06269932 -0.060005035 0.41245693
v -0.060899865 -0.072115794 0.41245693
v -0.060899865 -0.06614196 0.41245693
v -0.059662648 -0.06912888 0.41245693
v -0.0668737 -0.072115794 0.41245693
v -0.063886784 -0.073353015 0.41245693
v -0.0668737 -0.06614196 0.41245693
v -0.063886784 -0.06490474 0.41245693
v -0.06811092 -0.06912888 0.41245693
v -0.07217283 -0.07260951 0.41245693
v -0.07217283 -0.06663567 0.41245693
v -0.07093561 -0.06962258 0.41245693
v -0.07814667 -0.07260951 0.41245693
v -0.07515975 -0.07384673 0.41245693
v -0.07814667 -0.06663567 0.41245693
v -0.07515975 -0.06539845 0.41245693
v -0.07938389 -0.06962258 0.41245693
v -0.06055952 -0.05327183 0.41245693
v -0.06055952 -0.047297996 0.41245693
v -0.059322298 -0.050284915 0.41245693
v -0.06653336 -0.05327183 0.41245693
v -0.063546434 -0.05450905 0.41245693
v -0.06653336 -0.047297996 0.41245693
v -0.063546434 -0.046060774 0.41245693
v -0.06777058 -0.050284915 0.41245693
v -0.07217283 -0.053527426 0.41245693
v -0.07217283 -0.047553595 0.41245693
v -0.07093561 -0.050540514 0.41245693
v -0.07814667 -0.05352743 0.41245693
v -0.07515975 -0.05476465 0.41245693
v -0.07814667 -0.047553595 0.41245693
v -0.07515975 -0.046316374 0.41245693
v -0.07938389 -0.050540514 0.41245693
v -0.06712629 -0.062991954 0.41245693
v -0.06712629 -0.057018116 0.41245693
v -0.06588907 -0.060005035 0.41245693
v -0.07310013 -0.062991954 0.41245693
v -0.07011321 -0.064229175 0.41245693
v -0.07310013 -0.057018116 0.41245693
v -0.07011321 -0.055780895 0.41245693
v -0.07433735 -0.060005035 0.41245693
v -0.06415711 -0.0479043 -0.12442559
v -0.06415711 -0.04473332 -0.12991789
v -0.06415711 -0.04473332 -0.12625636
v -0.06415711 -0.05107528 -0.12991789
v -0.06415711 -0.05107528 -0.12625636
v -0.064157106 -0.0479043 -0.13174866
v -0.064157106 -0.060005035 -0.13309273
v -0.064157106 -0.056834053 -0.13858505
v -0.064157106 -0.056834053 -0.1349235
v -0.064157106 -0.06317601 -0.13858505
v -0.064157106 -0.06317601 -0.1349235
v -0.064157106 -0.060005035 -0.1404158
v -0.06415711 -0.07198191 -0.12442559
v -0.06415711 -0.06881093 -0.12991789
v -0.06415711 -0.06881093 -0.12625636
v -0.06415711 -0.07515289 -0.12991789
v -0.06415711 -0.07515289 -0.12625636
v -0.064157106 -0.07198191 -0.13174866
v -0.07892428 -0.052124627 0.22103193
v -0.092786804 -0.045335997 0.22103193
v -0.07892428 -0.045336 0.22103193
v -0.092786804 -0.052124627 0.22103193
v -0.07892428 -0.055518944 0.21515281
v -0.092786804 -0.055518944 0.21515281
v -0.07892428 -0.052124627 0.2092737
v -0.092786804 -0.052124627 0.2092737
v -0.07892428 -0.045336 0.2092737
v -0.092786804 -0.045336 0.2092737
v -0.07892428 -0.04194169 0.21515281
v -0.092786804 -0.041941684 0.21515281
v -0.07892428 -0.045336 0.22103193
v -0.092786804 -0.045335997 0.22103193
v -0.08955204 -0.06000502 0.2842066
v -0.08955204 -0.05281665 0.27701828
v -0.08955204 -0.054922078 0.28210115
v -0.08955203 -0.06719338 0.27701828
v -0.08955204 -0.06508796 0.28210115
v -0.08955204 -0.060005017 0.2698299
v -0.08955204 -0.054922074 0.27193534
v -0.08955204 -0.06508796 0.27193534
v -0.089552045 -0.06000504 0.32316902
v -0.08955204 -0.05281667 0.31598067
v -0.08955204 -0.054922096 0.3210636
v -0.08955204 -0.0671934 0.31598067
v -0.08955204 -0.065087974 0.3210636
v -0.08955204 -0.060005028 0.30879232
v -0.08955204 -0.054922093 0.3108977
v -0.08955204 -0.06508797 0.3108977
v -0.08955206 -0.060005054 0.36026192
v -0.08955206 -0.05281669 0.35307357
v -0.08955206 -0.05492212 0.3581566
v -0.089552045 -0.06719341 0.35307357
v -0.08955206 -0.065088 0.3581565
v -0.089552045 -0.06000505 0.34588516
v -0.089552045 -0.054922108 0.34799063
v -0.089552045 -0.06508799 0.34799063
v -0.062194638 -0.039886065 0.2770182
v -0.069382995 -0.039886065 0.26982993
v -0.06430005 -0.039886065 0.27193537
v -0.07657135 -0.039886065 0.2770182
v -0.07446594 -0.039886065 0.27193537
v -0.069383 -0.039886065 0.28420666
v -0.06430006 -0.039886065 0.2821012
v -0.07446594 -0.039886065 0.2821012
v -0.07828374 -0.040603884 0.25710055
v -0.08336668 -0.045686822 0.24991222
v -0.079772495 -0.042092636 0.25201756
v -0.08844962 -0.05076976 0.25710055
v -0.08696087 -0.049281 0.25201756
v -0.083366685 -0.045686822 0.2642889
v -0.079772495 -0.042092636 0.26218346
v -0.08696087 -0.049281 0.26218346
v -0.062194645 -0.039886065 0.31598067
v -0.06938302 -0.039886065 0.30879232
v -0.064300075 -0.039886065 0.31089768
v -0.076571375 -0.039886065 0.31598067
v -0.074465945 -0.039886065 0.31089768
v -0.06938302 -0.039886065 0.32316902
v -0.064300075 -0.039886065 0.3210636
v -0.074465945 -0.039886065 0.3210636
v -0.07828376 -0.040603884 0.29625064
v -0.083366685 -0.045686822 0.2890624
v -0.07977251 -0.042092636 0.29116786
v -0.088449635 -0.050769772 0.29625064
v -0.086960874 -0.049281 0.29116786
v -0.08336671 -0.045686822 0.303439
v -0.07977252 -0.042092636 0.3013337
v -0.08696089 -0.049281 0.3013337
v -0.06219466 -0.039886065 0.35307357
v -0.06938302 -0.039886065 0.34588516
v -0.064300075 -0.039886065 0.34799063
v -0.0765714 -0.039886065 0.35307357
v -0.07446595 -0.039886065 0.34799063
v -0.06938302 -0.039886065 0.36026192
v -0.06430009 -0.039886065 0.3581566
v -0.07446596 -0.039886065 0.3581566
v -0.078283764 -0.040603884 0.33485192
v -0.083366714 -0.045686822 0.32766363
v -0.079772525 -0.042092636 0.32976913
v -0.08844965 -0.05076976 0.33485192
v -0.0869609 -0.049281 0.32976913
v -0.083366714 -0.045686822 0.34204024
v -0.079772525 -0.042092636 0.339935
v -0.0869609 -0.049281 0.339935
v -0.069383 -0.080124006 0.2842066
v -0.07657135 -0.08012401 0.27701828
v -0.07446594 -0.080124006 0.28210127
v -0.062194638 -0.080124006 0.27701828
v -0.06430006 -0.080124006 0.28210115
v -0.069382995 -0.080124006 0.2698299
v -0.07446594 -0.080124006 0.27193534
v -0.06430005 -0.080124006 0.27193534
v -0.08336671 -0.07432326 0.2642888
v -0.08844962 -0.069240324 0.25710043
v -0.08696087 -0.07072908 0.26218346
v -0.07828374 -0.079406194 0.25710043
v -0.0797725 -0.07791744 0.26218346
v -0.08336668 -0.07432326 0.24991219
v -0.08696087 -0.07072908 0.25201756
v -0.0797725 -0.07791744 0.25201756
v -0.06938302 -0.080124006 0.32316902
v -0.076571375 -0.08012401 0.31598067
v -0.074465945 -0.080124006 0.3210636
v -0.062194657 -0.080124 0.31598067
v -0.064300075 -0.080124006 0.3210636
v -0.06938302 -0.08012401 0.30879232
v -0.074465945 -0.080124006 0.31089768
v -0.064300075 -0.080124 0.31089768
v -0.08336671 -0.07432326 0.303439
v -0.088449635 -0.069240324 0.29625064
v -0.086960874 -0.07072908 0.30133358
v -0.07828376 -0.079406194 0.29625064
v -0.07977252 -0.07791744 0.30133355
v -0.083366685 -0.07432326 0.28906235
v -0.086960874 -0.07072908 0.2911678
v -0.07977251 -0.07791744 0.2911678
v -0.06938302 -0.08012401 0.36026192
v -0.0765714 -0.08012401 0.35307342
v -0.07446596 -0.08012401 0.3581564
v -0.06219467 -0.080124 0.35307342
v -0.06430009 -0.080124006 0.3581564
v -0.06938302 -0.080124006 0.34588507
v -0.07446595 -0.080124006 0.34799057
v -0.064300075 -0.080124006 0.34799057
v -0.083366714 -0.07432326 0.34204024
v -0.08844965 -0.069240324 0.33485192
v -0.08696089 -0.07072908 0.339935
v -0.078283764 -0.079406194 0.33485192
v -0.079772525 -0.07791744 0.339935
v -0.083366714 -0.07432326 0.32766363
v -0.08696089 -0.07072908 0.32976913
v -0.079772525 -0.07791744 0.32976913
v -0.055399317 -0.045686822 0.2642889
v -0.050316375 -0.050769757 0.2571006
v -0.051805127 -0.049281 0.26218346
v -0.06048225 -0.040603884 0.2571005
v -0.058993485 -0.042092644 0.2621835
v -0.055399317 -0.045686822 0.24991223
v -0.05180513 -0.049281 0.25201768
v -0.058993485 -0.042092644 0.25201768
v -0.05539932 -0.045686822 0.303439
v -0.050316386 -0.050769757 0.2962507
v -0.05180514 -0.049281 0.30133367
v -0.060482264 -0.040603884 0.29625064
v -0.0589935 -0.042092636 0.30133364
v -0.05539932 -0.045686822 0.28906235
v -0.05180513 -0.049281 0.2911677
v -0.058993492 -0.042092636 0.29116768
v -0.055399332 -0.045686822 0.3427861
v -0.050316393 -0.05076976 0.33559775
v -0.051805153 -0.049281 0.34068078
v -0.060482267 -0.040603884 0.33559775
v -0.05899351 -0.042092644 0.34068078
v -0.055399325 -0.045686822 0.3284094
v -0.051805146 -0.049281 0.33051476
v -0.058993503 -0.042092636 0.33051476
v -0.06048225 -0.07940619 0.2571005
v -0.055399317 -0.07432327 0.2499122
v -0.058993485 -0.077917434 0.25201762
v -0.050316375 -0.06924032 0.25710058
v -0.051805127 -0.07072908 0.25201765
v -0.055399317 -0.07432326 0.2642889
v -0.058993485 -0.077917434 0.26218358
v -0.051805127 -0.07072908 0.26218358
v -0.060482264 -0.07940619 0.29625064
v -0.05539932 -0.07432326 0.28906232
v -0.058993492 -0.077917434 0.29116774
v -0.050316386 -0.06924032 0.29625067
v -0.05180513 -0.07072908 0.29116777
v -0.05539932 -0.07432326 0.303439
v -0.0589935 -0.077917434 0.30133364
v -0.05180514 -0.07072908 0.30133367
v -0.060482267 -0.07940619 0.3355976
v -0.055399325 -0.07432327 0.3284094
v -0.058993503 -0.077917434 0.33051476
v -0.050316393 -0.06924032 0.3355976
v -0.051805146 -0.07072908 0.33051476
v -0.055399332 -0.07432326 0.3427861
v -0.05899351 -0.077917434 0.3406806
v -0.051805153 -0.07072908 0.3406806
v -0.051941905 -0.067192145 0.411762
v -0.062195968 -0.042563856 0.411762
v -0.051941916 -0.052743424 0.411762
v -0.07657021 -0.07744622 0.411762
v -0.062121484 -0.077446215 0.411762
v -0.086824276 -0.05281791 0.411762
v -0.0766447 -0.042563856 0.411762
v -0.086824276 -0.06726665 0.411762
v -0.09219954 -0.069378965 0.13301286
v -0.07878542 -0.08269573 0.20936348
v -0.078785345 -0.08269573 0.13301289
v -0.09219966 -0.069378965 0.24137388
v -0.09219954 -0.050477326 0.13301286
v -0.07878545 -0.08269573 0.24137388
v -0.09219966 -0.05047732 0.24137388
v -0.06933459 -0.08269573 0.21286727
v -0.0788828 -0.03706313 0.13301289
v -0.059883792 -0.08269573 0.24137388
v -0.07888288 -0.03706313 0.24137388
v -0.05988376 -0.08269573 0.20936348
v -0.05998115 -0.03706312 0.1330129
v -0.059981238 -0.03706312 0.24137388
v -0.046566956 -0.05037988 0.1330129
v -0.046567038 -0.050379872 0.2413739
v -0.046566956 -0.06928151 0.1330129
v -0.046567038 -0.0692815 0.2413739
v -0.059883714 -0.08269573 0.1330129
v -0.06187633 -0.07907167 0.13301773
v -0.069336 -0.07907168 0.21023554
v -0.061876368 -0.07907168 0.20737003
v -0.07679563 -0.07907168 0.20737001
v -0.07679556 -0.07907167 0.13301772
v -0.07878542 -0.08269573 0.20936348
v -0.07679556 -0.07907167 0.13301772
v -0.078785345 -0.08269573 0.13301289
v -0.07679563 -0.07907168 0.20737001
v -0.06933459 -0.08269573 0.21286727
v -0.069336 -0.07907168 0.21023554
v -0.05988376 -0.08269573 0.20936348
v -0.061876368 -0.07907168 0.20737003
v -0.059883714 -0.08269573 0.1330129
v -0.06187633 -0.07907167 0.13301773
v -0.068761714 -0.08189478 -0.027560608
v -0.060269244 -0.08189478 -0.015629224
v -0.060843766 -0.08189478 -0.027587384
v -0.06933629 -0.08189478 -0.015625983
v -0.060269296 -0.08189478 0.11477433
v -0.07840339 -0.08189478 0.14259595
v -0.078403324 -0.08189478 -0.015622705
v -0.060269304 -0.08189478 0.14259595
v -0.04899825 -0.07521733 0.11477887
v -0.047493327 -0.07324345 0.1425959
v -0.04749333 -0.05089126 0.14259595
v -0.04899815 -0.07521733 -0.040734317
v -0.091272704 -0.06911881 -0.061263192
v -0.07840328 -0.08189478 -0.040734284
v -0.091272846 -0.069118805 0.14259593
v -0.07840324 -0.081894785 -0.061263155
v -0.091272704 -0.050984755 -0.061263192
v -0.091272846 -0.050984748 0.14259593
v -0.07849673 -0.03811529 -0.061263155
v -0.078496866 -0.03811529 0.14259595
v -0.06036267 -0.038115285 -0.06126315
v -0.06036282 -0.038115285 0.14259595
v -0.060269177 -0.08189478 -0.041808918
v -0.06026919 -0.081894785 -0.06126315
v -0.047493223 -0.07484196 -0.06126319
v -0.04749322 -0.05089126 -0.06126315
v -0.07698502 -0.07195949 -0.03952655
v -0.078403324 -0.08189478 -0.015622705
v -0.07698505 -0.07195949 -0.016830439
v -0.07840328 -0.08189478 -0.040734284
v -0.060269177 -0.08189478 -0.041808918
v -0.052101348 -0.069771774 -0.03975932
v -0.04899815 -0.07521733 -0.040734317
v -0.060269188 -0.07195949 -0.040183857
v -0.07840328 -0.08189478 -0.040734284
v -0.07698502 -0.07195949 -0.03952655
v -0.058910236 -0.07195949 0.113263786
v -0.04899825 -0.07521733 0.11477887
v -0.05210146 -0.06977177 0.11326676
v -0.060269296 -0.08189478 0.11477433
v -0.05922194 -0.07195949 -0.015629224
v -0.060269296 -0.08189478 0.11477433
v -0.058910236 -0.07195949 0.113263786
v -0.060269244 -0.08189478 -0.015629224
v -0.06003494 -0.07195949 -0.028315343
v -0.060843766 -0.08189478 -0.027587384
v -0.07698505 -0.07195949 -0.016830439
v -0.06933629 -0.08189478 -0.015625983
v -0.06998719 -0.07195949 -0.01676776
v -0.078403324 -0.08189478 -0.015622705
v -0.06998719 -0.07195949 -0.01676776
v -0.068761714 -0.08189478 -0.027560608
v -0.069412634 -0.07195949 -0.028288528
v -0.06933629 -0.08189478 -0.015625983
v -0.069412634 -0.07195949 -0.028288528
v -0.060843766 -0.08189478 -0.027587384
v -0.06003494 -0.07195949 -0.028315343
v -0.068761714 -0.08189478 -0.027560608
v -0.05210146 -0.06977177 0.11326676
v -0.04899815 -0.07521733 -0.040734317
v -0.052101348 -0.069771774 -0.03975932
v -0.04899825 -0.07521733 0.11477887
v -0.06998719 -0.07195949 -0.01676776
v -0.07698502 -0.07195949 -0.03952655
v -0.07698505 -0.07195949 -0.016830439
v -0.069412634 -0.07195949 -0.028288528
v -0.060269188 -0.07195949 -0.040183857
v -0.06003494 -0.07195949 -0.028315343
v -0.052101348 -0.069771774 -0.03975932
v -0.05922194 -0.07195949 -0.015629224
v -0.05210146 -0.06977177 0.11326676
v -0.058910236 -0.07195949 0.113263786
v -0.07034507 -0.079079874 -0.112576604
v -0.05564295 -0.07907987 -0.08227311
v -0.055642918 -0.07907987 -0.112576626
v -0.070345126 -0.079079874 -0.08227311
v -0.055724386 -0.040930204 -0.112576626
v -0.070426606 -0.040930204 -0.08227311
v -0.07042654 -0.040930204 -0.112576604
v -0.055724453 -0.040930208 -0.08227311
v -0.07340567 -0.048304975 -0.11370635
v -0.055721384 -0.042059965 -0.11370639
v -0.070803165 -0.04205997 -0.113706365
v -0.0557048 -0.048304982 -0.11370639
v -0.071990885 -0.041973036 -0.1125766
v -0.071900845 -0.04200617 -0.08227311
v -0.07497818 -0.049141414 -0.1126222
v -0.0762032 -0.05544448 -0.08227307
v -0.07620316 -0.05474883 -0.10062072
v -0.07620285 -0.06526126 -0.10062072
v -0.07620282 -0.06456561 -0.08227307
v -0.07497471 -0.07086859 -0.112622485
v -0.071824804 -0.078005664 -0.08227311
v -0.0719178 -0.07804058 -0.1125766
v -0.07339005 -0.0717051 -0.11370635
v -0.055645924 -0.077950105 -0.11370639
v -0.055662517 -0.071705095 -0.11370639
v -0.07072826 -0.077950105 -0.113706365
v -0.07405836 -0.04993218 -0.11269199
v -0.055692352 -0.054938845 -0.10248266
v -0.055700943 -0.04993218 -0.11269203
v -0.0749783 -0.054938845 -0.102482624
v -0.07497795 -0.06507124 -0.102482624
v -0.055666372 -0.070077896 -0.11269203
v -0.055674985 -0.06507123 -0.10248266
v -0.074057676 -0.0700779 -0.11269199
v -0.07507312 -0.06344403 -0.101468265
v -0.055689566 -0.056566045 -0.1014683
v -0.075073354 -0.056566052 -0.101468265
v -0.05567778 -0.06344403 -0.1014683
v -0.077541225 -0.005431857 0.17226575
v -0.061741788 -0.0054318667 0.21246682
v -0.07754125 -0.005431857 0.21246682
v -0.061741766 -0.0054318667 0.17226577
v -0.082307674 -0.041211557 0.1668986
v -0.08230771 0.0013800669 0.217834
v -0.08230772 -0.041211557 0.217834
v -0.082307674 0.0013800669 0.1668986
v -0.080055855 -0.041211557 0.21960996
v -0.059227195 0.0013800669 0.21960996
v -0.0592272 -0.041211557 0.21960996
v -0.08005585 0.0013800669 0.21960996
v -0.056975335 -0.041211557 0.21783401
v -0.056975298 0.0013800669 0.16689862
v -0.0569753 -0.041211557 0.16689861
v -0.056975324 0.0013800669 0.21783403
v -0.059227165 -0.041211557 0.16512261
v -0.08005581 0.0013800669 0.16512261
v -0.08005581 -0.041211557 0.16512261
v -0.059227154 0.0013800669 0.16512261
v -0.08230772 -0.041211557 0.217834
v -0.08005585 0.0013800669 0.21960996
v -0.080055855 -0.041211557 0.21960996
v -0.08230771 0.0013800669 0.217834
v -0.08005585 0.0031560278 0.217834
v -0.059227195 0.0013800669 0.21960996
v -0.08005581 0.0031560278 0.1668986
v -0.059227187 0.0031560278 0.217834
v -0.082307674 0.0013800669 0.1668986
v -0.056975324 0.0013800669 0.21783403
v -0.0592272 -0.041211557 0.21960996
v -0.056975335 -0.041211557 0.21783401
v -0.056975298 0.0013800669 0.16689862
v -0.059227154 0.0031560278 0.1668986
v -0.08005581 0.0013800669 0.16512261
v -0.08005581 -0.041211557 0.16512261
v -0.082307674 -0.041211557 0.1668986
v -0.059227154 0.0013800669 0.16512261
v -0.0569753 -0.041211557 0.16689861
v -0.059227165 -0.041211557 0.16512261
v -0.077541225 0.0031560278 0.17226575
v -0.07754125 -0.005431857 0.21246682
v -0.07754125 0.0031560278 0.21246682
v -0.077541225 -0.005431857 0.17226575
v -0.07754125 0.0031560278 0.21246682
v -0.061741788 -0.0054318667 0.21246682
v -0.061741784 0.0031560278 0.21246682
v -0.07754125 -0.005431857 0.21246682
v -0.061741784 0.0031560278 0.21246682
v -0.061741766 -0.0054318667 0.17226577
v -0.061741754 0.0031560278 0.17226577
v -0.061741788 -0.0054318667 0.21246682
v -0.061741754 0.0031560278 0.17226577
v -0.077541225 -0.005431857 0.17226575
v -0.077541225 0.0031560278 0.17226575
v -0.061741766 -0.0054318667 0.17226577
v -0.06318149 -0.014703497 0.2120622
v -0.07610154 0.11050569 0.2120622
v -0.06318149 0.11050569 0.2120622
v -0.07610154 -0.014703497 0.2120622
v -0.063014746 0.11050569 0.17257185
v -0.076268226 -0.019609869 0.17257185
v -0.06301474 -0.019609869 0.17257185
v -0.07626823 0.11050569 0.17257185
v -0.06199083 -0.019609869 0.1740099
v -0.06301474 -0.019609869 0.17257185
v -0.076268226 -0.019609869 0.17257185
v -0.077292144 -0.019609869 0.1740099
v -0.07729215 -0.019609878 0.19438869
v -0.061990842 -0.019609878 0.19438869
v -0.07729217 -0.014703488 0.20171674
v -0.061990857 -0.014703488 0.20171674
v -0.061990857 -0.014703497 0.21039015
v -0.07610154 -0.014703497 0.2120622
v -0.07729218 -0.014703497 0.21039015
v -0.06318149 -0.014703497 0.2120622
v -0.06199083 -0.019609869 0.1740099
v -0.063014746 0.11050569 0.17257185
v -0.06301474 -0.019609869 0.17257185
v -0.06199083 0.11050569 0.1740099
v -0.061990857 0.11050569 0.21039015
v -0.06318149 -0.014703497 0.2120622
v -0.06318149 0.11050569 0.2120622
v -0.061990857 -0.014703497 0.21039015
v -0.07729215 0.11050569 0.1740099
v -0.07729215 -0.019609878 0.19438869
v -0.077292144 -0.019609869 0.1740099
v -0.07729218 0.11050569 0.21039015
v -0.07729217 -0.014703488 0.20171674
v -0.07729218 -0.014703497 0.21039015
v -0.077292144 -0.019609869 0.1740099
v -0.07626823 0.11050569 0.17257185
v -0.07729215 0.11050569 0.1740099
v -0.076268226 -0.019609869 0.17257185
v -0.07729218 0.11050569 0.21039015
v -0.07610154 -0.014703497 0.2120622
v -0.07729218 -0.014703497 0.21039015
v -0.07610154 0.11050569 0.2120622
v -0.06199083 -0.019609869 0.1740099
v -0.061990857 0.11050569 0.21039015
v -0.06199083 0.11050569 0.1740099
v -0.061990857 -0.014703488 0.20171674
v -0.061990842 -0.019609878 0.19438869
v -0.061990857 -0.014703497 0.21039015
v -0.07902781 -0.08341068 -0.08141665
v -0.05963797 -0.08341068 -0.05992153
v -0.05963793 -0.08341068 -0.081416674
v -0.079027854 -0.08341068 -0.059921537
v -0.09278847 -0.06974995 -0.08141666
v -0.09278854 -0.06974995 -0.059921537
v -0.09278847 -0.050360087 -0.08141666
v -0.09278854 -0.050360076 -0.059921537
v -0.07912774 -0.0365994 -0.08141665
v -0.07912781 -0.036599394 -0.059921537
v -0.059737895 -0.036599394 -0.081416674
v -0.059737943 -0.03659939 -0.05992153
v -0.045977253 -0.06964998 -0.05992151
v -0.05963793 -0.08341068 -0.081416674
v -0.05963797 -0.08341068 -0.05992153
v -0.045977194 -0.06964998 -0.08141664
v -0.045977253 -0.05026011 -0.05992151
v -0.045977194 -0.050260123 -0.08141664
v -0.059737943 -0.03659939 -0.05992153
v -0.059737895 -0.036599394 -0.081416674
v -0.059657052 -0.079530396 -0.08561984
v -0.08890818 -0.068134405 -0.08561983
v -0.0774264 -0.07952454 -0.08561982
v -0.049857467 -0.051875677 -0.0856198
v -0.04986333 -0.06804859 -0.0856198
v -0.077512175 -0.040479682 -0.08561982
v -0.08890232 -0.05196148 -0.08561983
v -0.059742853 -0.040485542 -0.08561984
v -0.060200084 -0.08206059 -0.0584591
v -0.047327347 -0.050822224 -0.05845908
v -0.047329385 -0.069092795 -0.05845908
v -0.091438465 -0.06918784 -0.058459103
v -0.07847068 -0.08205855 -0.058459103
v -0.0785657 -0.037949484 -0.058459103
v -0.06029513 -0.037951518 -0.0584591
v -0.09143642 -0.05091726 -0.058459103
v -0.05464955 -0.078618765 0.38160658
v -0.05690761 -0.080893345 0.39019707
v -0.05464955 -0.078618765 0.38768718
v -0.060053665 -0.084062435 0.39019707
v -0.060053665 -0.084062435 0.37909675
v -0.056907613 -0.08089335 0.37909675
v -0.064837344 -0.084062435 0.37909675
v -0.06483737 -0.084062435 0.39019707
v -0.07383305 -0.084062435 0.37909675
v -0.07068527 -0.08406242 0.36885208
v -0.06483734 -0.08406242 0.3719999
v -0.06798511 -0.08406242 0.36885208
v -0.07383304 -0.08406242 0.3719999
v -0.073833056 -0.084062435 0.39019707
v -0.06798513 -0.08406242 0.40044162
v -0.06483736 -0.08406242 0.39729384
v -0.07383307 -0.08406242 0.39729384
v -0.0706853 -0.08406242 0.40044162
v -0.07861675 -0.084062435 0.39019707
v -0.07861674 -0.084062435 0.37909675
v -0.082619905 -0.08159019 0.38771006
v -0.08013753 -0.083123244 0.39022648
v -0.080137506 -0.083123244 0.37912616
v -0.082619905 -0.08159019 0.3817386
v -0.06675954 -0.07961855 0.13603011
v -0.06936655 -0.07961855 0.20840065
v -0.06675957 -0.07961855 0.20736997
v -0.07197355 -0.07961855 0.20736997
v -0.07197351 -0.07961855 0.13603011
v 0.016490411 -0.060005028 -0.08123119
v -0.002796964 -0.06202451 -0.09214107
v -0.0027890983 -0.060005028 -0.07775011
v 0.016190419 -0.06202451 -0.0896162
v 0.02519711 -0.06202451 -0.08554552
v 0.030989114 -0.060005028 -0.077367544
v -0.002796964 -0.06202451 -0.09214107
v 0.016190419 -0.057985548 -0.0896162
v -0.002796964 -0.05798555 -0.09214107
v 0.016190419 -0.06202451 -0.0896162
v 0.02519711 -0.06202451 -0.08554552
v 0.02519711 -0.057985548 -0.08554552
v 0.030989114 -0.060005028 -0.077367544
v -0.002796964 -0.05798555 -0.09214107
v 0.016490411 -0.060005028 -0.08123119
v -0.0027890983 -0.060005028 -0.07775011
v 0.016190419 -0.057985548 -0.0896162
v 0.02519711 -0.057985548 -0.08554552
v 0.030989114 -0.060005028 -0.077367544
v -0.050559588 -0.055295628 0.2875841
v -0.042447805 -0.055295628 0.26640546
v -0.04244781 -0.055295628 0.2831878
v -0.05055958 -0.055295628 0.26153517
v -0.050559588 -0.06471444 0.2875841
v -0.042447805 -0.06471444 0.26640546
v -0.05055958 -0.06471444 0.26153517
v -0.04244781 -0.06471444 0.2831878
v -0.04168416 -0.06395079 0.28288385
v -0.041684154 -0.05605928 0.2667313
v -0.041684154 -0.06395079 0.2667313
v -0.04168416 -0.05605928 0.28288385
v -0.050559588 -0.06395079 0.28834775
v -0.042359017 -0.05605928 0.2840049
v -0.042359017 -0.06395079 0.2840049
v -0.050559588 -0.05605928 0.28834775
v -0.05055958 -0.06471444 0.26153517
v -0.050559588 -0.06395079 0.28834775
v -0.050559588 -0.06471444 0.2875841
v -0.050559588 -0.055295628 0.2875841
v -0.050559588 -0.05605928 0.28834775
v -0.05055958 -0.05605928 0.26077154
v -0.05055958 -0.06395079 0.26077154
v -0.05055958 -0.055295628 0.26153517
v -0.042343173 -0.06395079 0.26558182
v -0.05055958 -0.05605928 0.26077154
v -0.05055958 -0.06395079 0.26077154
v -0.042343173 -0.05605928 0.26558182
v -0.07791288 0.11640486 0.17017303
v -0.061370067 0.10883166 0.17017303
v -0.061370075 0.11640486 0.17017303
v -0.07791286 0.10883166 0.17017303
v -0.078749105 0.11743284 0.21164678
v -0.061933205 0.11743284 0.21348499
v -0.0773498 0.11743284 0.21348499
v -0.060531564 0.11743284 0.17272785
v -0.0605339 0.11743284 0.21164677
v -0.07754795 0.11743284 0.17114717
v -0.07875141 0.11743284 0.17272785
v -0.061735008 0.11743284 0.17114717
v -0.0777048 0.108831696 0.21446289
v -0.06157819 0.11640486 0.21446289
v -0.06157819 0.108831696 0.21446289
v -0.07770482 0.11640486 0.21446289
v -0.07919093 0.108831696 0.21258762
v -0.07919093 0.11640486 0.21258764
v -0.07919089 0.10883166 0.17178589
v -0.07919092 0.11640486 0.17178589
v -0.060092073 0.108831696 0.21258762
v -0.060092043 0.11640486 0.17178589
v -0.060092025 0.10883166 0.17178589
v -0.060092073 0.11640486 0.21258762
v -0.061735 0.10780369 0.17114717
v -0.060533892 0.107803725 0.21164677
v -0.060531534 0.10780369 0.17272785
v -0.07875137 0.10780369 0.17272785
v -0.07754793 0.10780369 0.17114717
v -0.07734979 0.107803725 0.21348499
v -0.061933205 0.107803725 0.21348499
v -0.078749105 0.107803725 0.21164677
v 0.030450847 -0.05524718 -0.04889856
v -0.008934881 -0.064762875 -0.037294656
v -0.008934881 -0.055247188 -0.037294656
v 0.030450847 -0.064762875 -0.04889856
v 0.04272505 -0.055247176 -0.06521547
v 0.04272505 -0.064762875 -0.06521547
v 0.042729393 -0.05524718 -0.08579514
v 0.042729393 -0.064762875 -0.08579514
v 0.033469945 -0.055247188 -0.10007974
v 0.033469945 -0.064762875 -0.10007974
v 0.0185715 -0.055247188 -0.10863178
v 0.0185715 -0.064762875 -0.10863178
v -0.009601408 -0.064762875 -0.11040775
v -0.009601408 -0.055247195 -0.11040775
v 0.0040153754 -0.064762875 -0.09601679
v 0.004010924 -0.055247188 -0.05158287
v 0.0040153754 -0.05524719 -0.09601679
v 0.004010924 -0.064762875 -0.05158287
v 0.0040153754 -0.05524719 -0.09601679
v 0.018328868 -0.064762875 -0.09858858
v 0.0040153754 -0.064762875 -0.09601679
v 0.018328868 -0.055247188 -0.09858858
v 0.029628549 -0.064762875 -0.09476918
v 0.029628549 -0.055247188 -0.09476918
v 0.036922798 -0.064762875 -0.083758704
v 0.036922798 -0.05524718 -0.083758704
v 0.036920693 -0.064762875 -0.06667919
v 0.036920693 -0.05524718 -0.06667919
v 0.027154278 -0.064762875 -0.055347
v 0.027154278 -0.05524718 -0.055347
v 0.004010924 -0.064762875 -0.05158287
v 0.004010924 -0.055247188 -0.05158287
v -0.04610598 -0.11625344 0.1115193
v -0.04186556 -0.1160457 0.11260579
v -0.044655323 -0.117061086 0.11089175
v -0.04229483 -0.1148663 0.11386088
v -0.039075803 -0.1150303 0.11089174
v -0.03848368 -0.113479145 0.111519285
v -0.0390758 -0.1150303 0.10746368
v -0.038483676 -0.113479145 0.10683613
v -0.04186556 -0.1160457 0.10574964
v -0.04229483 -0.1148663 0.10449454
v -0.044655323 -0.117061086 0.10746367
v -0.04610598 -0.11625344 0.106836125
v -0.044655323 -0.117061086 0.11089175
v -0.04610598 -0.11625344 0.1115193
v -0.0926682 -0.057957128 -0.09132573
v -0.08335731 -0.05243843 -0.122383706
v -0.091667004 -0.056673095 -0.09054989
v -0.08429658 -0.0537308 -0.12284579
v -0.08130939 -0.05706387 -0.13074902
v -0.082765445 -0.057837572 -0.12952799
v -0.08130939 -0.0629462 -0.13074902
v -0.082765445 -0.062172487 -0.12952799
v -0.08335731 -0.06757164 -0.122383706
v -0.08130939 -0.0629462 -0.13074902
v -0.08429658 -0.06627926 -0.12284579
v -0.09266819 -0.06205294 -0.09132572
v -0.08335731 -0.06757164 -0.122383706
v -0.08429658 -0.06627926 -0.12284579
v -0.09166699 -0.06333697 -0.090549886
v -0.08725219 -0.06385174 -0.08853416
v -0.09189467 -0.062312048 -0.089677654
v -0.0875582 -0.062788874 -0.08769229
v -0.09166699 -0.06333697 -0.090549886
v -0.09266819 -0.06205294 -0.09132572
v -0.0926682 -0.057957128 -0.09132573
v -0.09189468 -0.05769802 -0.08967767
v -0.091667004 -0.056673095 -0.09054989
v -0.0875582 -0.057221197 -0.08769229
v -0.08725219 -0.056158338 -0.08853416
v -0.050226346 -0.04433853 -0.11379744
v -0.061081976 -0.07567153 -0.11379744
v -0.061081976 -0.04433854 -0.11379744
v -0.050226346 -0.07567153 -0.11379744
v -0.06337224 -0.06000504 -0.14073133
v -0.06337225 -0.07517009 -0.13030139
v -0.06337224 -0.069071606 -0.13800557
v -0.06337225 -0.07578373 -0.11535799
v -0.06337225 -0.04483997 -0.13030139
v -0.06337224 -0.05093847 -0.13800557
v -0.06337225 -0.044226337 -0.11535799
v -0.061081976 -0.07746004 -0.1303398
v -0.06337225 -0.07578373 -0.11535799
v -0.061081976 -0.07746004 -0.11558595
v -0.06337225 -0.07517009 -0.13030139
v -0.06337224 -0.069071606 -0.13800557
v -0.061081972 -0.070792824 -0.13951644
v -0.06337224 -0.06000504 -0.14073133
v -0.061081972 -0.06000504 -0.14302161
v -0.06337224 -0.05093847 -0.13800557
v -0.061081972 -0.049217246 -0.13951644
v -0.06337225 -0.04483997 -0.13030139
v -0.061081976 -0.042550024 -0.1303398
v -0.06337225 -0.044226337 -0.11535799
v -0.061081976 -0.042550024 -0.11558595
v -0.061081976 -0.04433854 -0.11379744
v -0.061081976 -0.07567153 -0.11379744
v -0.06337225 -0.07578373 -0.11535799
v -0.061081976 -0.07746004 -0.11558595
v -0.061081976 -0.042550024 -0.11558595
v -0.050226346 -0.04433853 -0.11379744
v -0.050226346 -0.04255002 -0.11558595
v -0.031441677 -0.04920941 0.14581993
v -0.028111577 -0.051182702 0.1550057
v -0.033414975 -0.051182702 0.14581993
v -0.027124926 -0.04920941 0.15329677
v -0.017504774 -0.0511827 0.1550057
v -0.018491423 -0.049209405 0.15329677
v -0.012201375 -0.0511827 0.14581995
v -0.014174672 -0.049209405 0.14581995
v -0.017504772 -0.051182702 0.1366342
v -0.01849142 -0.04920941 0.13834313
v -0.028111573 -0.051182702 0.1366342
v -0.027124925 -0.04920941 0.13834313
v -0.033414975 -0.051182702 0.14581993
v -0.031441677 -0.04920941 0.14581993
v -0.033414967 -0.06882737 0.14581993
v -0.027124919 -0.07080066 0.15329678
v -0.031441674 -0.07080066 0.14581993
v -0.02811157 -0.06882737 0.15500571
v -0.018491417 -0.07080066 0.15329678
v -0.017504768 -0.06882737 0.15500571
v -0.014174667 -0.07080066 0.14581995
v -0.012201371 -0.06882737 0.14581995
v -0.018491415 -0.07080066 0.13834313
v -0.017504767 -0.06882737 0.1366342
v -0.027124919 -0.07080066 0.13834313
v -0.028111568 -0.06882737 0.1366342
v -0.031441674 -0.07080066 0.14581993
v -0.033414967 -0.06882737 0.14581993
v -0.061081976 -0.07567153 -0.11379744
v -0.050226346 -0.07746004 -0.11558595
v -0.061081976 -0.07746004 -0.11558595
v -0.050226346 -0.07567153 -0.11379744
v -0.09358959 -0.07863489 0.020292716
v -0.09039863 -0.07863488 0.014765827
v -0.09358959 -0.07863489 0.016608117
v -0.087207675 -0.07863488 0.020292716
v -0.09039863 -0.07863488 0.022135006
v -0.087207675 -0.07863488 0.016608117
v -0.09425249 -0.07786943 0.020675445
v -0.09039863 -0.07863488 0.022135006
v -0.09358959 -0.07863489 0.020292716
v -0.09039863 -0.07786942 0.022900462
v -0.087207675 -0.07863488 0.020292716
v -0.08654478 -0.07786942 0.020675445
v -0.087207675 -0.07863488 0.016608117
v -0.08654478 -0.07786942 0.01622539
v -0.09039863 -0.07863488 0.014765827
v -0.09039863 -0.07786942 0.014000373
v -0.09358959 -0.07863489 0.016608117
v -0.09425249 -0.07786943 0.016225388
v -0.09358959 -0.07863489 0.020292716
v -0.09425249 -0.07786943 0.020675445
v -0.03986305 -0.052410062 0.2330975
v -0.037833657 -0.0545458 0.23274316
v -0.040027894 -0.0545458 0.23515098
v -0.058657106 -0.052410066 0.23798156
v -0.058657106 -0.054545812 0.23992969
v -0.037833657 -0.0545458 0.23274316
v -0.04002789 -0.06546426 0.23515098
v -0.037833653 -0.06546426 0.23274316
v -0.037833653 -0.06546426 0.23274316
v -0.039863046 -0.067600004 0.2330975
v -0.058657102 -0.065464266 0.23992969
v -0.058657102 -0.067600004 0.23798156
v -0.022117592 -0.0545458 0.13432768
v -0.03986305 -0.052410062 0.2330975
v -0.02406572 -0.052410062 0.13432768
v -0.037833657 -0.0545458 0.23274316
v -0.037833653 -0.06546426 0.23274316
v -0.024065716 -0.067600004 0.13432768
v -0.039863046 -0.067600004 0.2330975
v -0.022117589 -0.06546426 0.13432768
v -0.041684154 -0.06395079 0.2667313
v -0.042343173 -0.06395079 0.26558182
v -0.042447805 -0.06471444 0.26640546
v -0.04168416 -0.06395079 0.28288385
v -0.04244781 -0.06471444 0.2831878
v -0.05055958 -0.05605928 0.26077154
v -0.042447805 -0.055295628 0.26640546
v -0.05055958 -0.055295628 0.26153517
v -0.042343173 -0.05605928 0.26558182
v -0.041684154 -0.05605928 0.2667313
v -0.041684154 -0.06395079 0.2667313
v -0.042343173 -0.06395079 0.26558182
v -0.05055958 -0.06471444 0.26153517
v -0.042447805 -0.06471444 0.26640546
v -0.05055958 -0.06395079 0.26077154
v -0.050559588 -0.055295628 0.2875841
v -0.042359017 -0.05605928 0.2840049
v -0.050559588 -0.05605928 0.28834775
v -0.04244781 -0.055295628 0.2831878
v -0.04168416 -0.05605928 0.28288385
v -0.042359017 -0.06395079 0.2840049
v -0.04168416 -0.06395079 0.28288385
v -0.04244781 -0.06471444 0.2831878
v -0.050559588 -0.06395079 0.28834775
v -0.050559588 -0.06471444 0.2875841
v -0.041684154 -0.05605928 0.2667313
v -0.04244781 -0.055295628 0.2831878
v -0.042447805 -0.055295628 0.26640546
v -0.04168416 -0.05605928 0.28288385
v -0.071900845 -0.04200617 -0.08227311
v -0.07042654 -0.040930204 -0.112576604
v -0.070426606 -0.040930204 -0.08227311
v -0.071990885 -0.041973036 -0.1125766
v -0.070803165 -0.04205997 -0.113706365
v -0.055724386 -0.040930204 -0.112576626
v -0.055721384 -0.042059965 -0.11370639
v -0.07340567 -0.048304975 -0.11370635
v -0.07497818 -0.049141414 -0.1126222
v -0.07405836 -0.04993218 -0.11269199
v -0.0557048 -0.048304982 -0.11370639
v -0.055700943 -0.04993218 -0.11269203
v -0.0749783 -0.054938845 -0.102482624
v -0.07620316 -0.05474883 -0.10062072
v -0.075073354 -0.056566052 -0.101468265
v -0.055692352 -0.054938845 -0.10248266
v -0.055689566 -0.056566045 -0.1014683
v -0.07507312 -0.06344403 -0.101468265
v -0.07620285 -0.06526126 -0.10062072
v -0.07497795 -0.06507124 -0.102482624
v -0.05567778 -0.06344403 -0.1014683
v -0.055674985 -0.06507123 -0.10248266
v -0.074057676 -0.0700779 -0.11269199
v -0.07497471 -0.07086859 -0.112622485
v -0.07339005 -0.0717051 -0.11370635
v -0.055666372 -0.070077896 -0.11269203
v -0.055662517 -0.071705095 -0.11370639
v -0.07072826 -0.077950105 -0.113706365
v -0.0719178 -0.07804058 -0.1125766
v -0.07034507 -0.079079874 -0.112576604
v -0.055645924 -0.077950105 -0.11370639
v -0.055642918 -0.07907987 -0.112576626
v -0.070345126 -0.079079874 -0.08227311
v -0.071824804 -0.078005664 -0.08227311
v -0.09514175 -0.045778897 -0.010680025
v -0.07422402 -0.043724425 -0.008625546
v -0.09514175 -0.043724425 -0.008625549
v -0.07422402 -0.045778897 -0.01068002
v -0.11110391 -0.045778904 0.032452412
v -0.109049425 -0.043724433 0.0039481875
v -0.10904943 -0.043724433 0.03150756
v -0.11110389 -0.045778904 0.0030033311
v -0.074224025 -0.045778897 0.046135772
v -0.09514176 -0.043724425 0.0440813
v -0.074224025 -0.043724425 0.0440813
v -0.09514176 -0.045778897 0.046135772
v -0.09514176 -0.074214436 0.046135772
v -0.074224025 -0.076268904 0.0440813
v -0.09514176 -0.076268904 0.0440813
v -0.074224025 -0.074214436 0.046135772
v -0.11110389 -0.07421444 0.0030033311
v -0.109049425 -0.07626891 0.03150756
v -0.109049425 -0.07626891 0.003948187
v -0.11110389 -0.07421444 0.032452412
v -0.07422401 -0.074214436 -0.01068002
v -0.09514175 -0.076268904 -0.008625549
v -0.07422401 -0.076268904 -0.008625546
v -0.09514175 -0.074214436 -0.010680025
v -0.09514175 -0.043724425 -0.008625549
v -0.11110389 -0.045778904 0.0030033311
v -0.09514175 -0.045778897 -0.010680025
v -0.109049425 -0.043724433 0.0039481875
v -0.10904943 -0.043724433 0.03150756
v -0.09514176 -0.045778897 0.046135772
v -0.11110391 -0.045778904 0.032452412
v -0.09514176 -0.043724425 0.0440813
v -0.109049425 -0.07626891 0.003948187
v -0.09514175 -0.074214436 -0.010680025
v -0.11110389 -0.07421444 0.0030033311
v -0.09514175 -0.076268904 -0.008625549
v -0.09514176 -0.076268904 0.0440813
v -0.11110389 -0.07421444 0.032452412
v -0.09514176 -0.074214436 0.046135772
v -0.109049425 -0.07626891 0.03150756
v -0.055368677 -0.036005706 0.16718073
v -0.05536867 -0.040665057 0.15911047
v -0.055368677 -0.040665057 0.16449064
v -0.05536867 -0.031346347 0.15911046
v -0.055368677 -0.031346347 0.16449064
v -0.05536867 -0.036005706 0.15642038
v -0.08377474 -0.031346347 0.16449063
v -0.08377474 -0.036005706 0.15642038
v -0.08377474 -0.031346347 0.15911046
v -0.08377474 -0.040665057 0.16449063
v -0.08377474 -0.036005706 0.1671807
v -0.08377474 -0.040665057 0.15911047
v -0.09419528 -0.046040237 0.21981215
v -0.09419528 -0.046040237 0.21049346
v -0.09419528 -0.043350156 0.21515281
v -0.09419528 -0.054110475 0.21515281
v -0.09419528 -0.05142039 0.21981215
v -0.09419528 -0.05142039 0.21049346
v -0.055368677 -0.031346347 0.16449064
v -0.056777146 -0.036005706 0.16858919
v -0.056777146 -0.030126577 0.16519487
v -0.055368677 -0.036005706 0.16718073
v -0.056777146 -0.041884832 0.16519487
v -0.055368677 -0.040665057 0.16449064
v -0.056777142 -0.041884832 0.15840623
v -0.05536867 -0.040665057 0.15911047
v -0.056777142 -0.036005706 0.1550119
v -0.05536867 -0.036005706 0.15642038
v -0.056777142 -0.030126577 0.15840623
v -0.05536867 -0.031346347 0.15911046
v -0.056777146 -0.030126577 0.16519487
v -0.055368677 -0.031346347 0.16449064
v -0.082366265 -0.030126577 0.16519485
v -0.08377474 -0.036005706 0.1671807
v -0.08377474 -0.031346347 0.16449063
v -0.082366265 -0.036005706 0.16858917
v -0.08377474 -0.040665057 0.16449063
v -0.082366265 -0.041884832 0.16519485
v -0.08377474 -0.040665057 0.15911047
v -0.082366265 -0.041884832 0.15840623
v -0.08377474 -0.036005706 0.15642038
v -0.082366265 -0.036005706 0.1550119
v -0.08377474 -0.031346347 0.15911046
v -0.082366265 -0.030126577 0.15840623
v -0.08377474 -0.031346347 0.16449063
v -0.082366265 -0.030126577 0.16519485
v -0.092786804 -0.045335997 0.22103193
v -0.09419528 -0.05142039 0.21981215
v -0.09419528 -0.046040237 0.21981215
v -0.092786804 -0.052124627 0.22103193
v -0.09419528 -0.054110475 0.21515281
v -0.092786804 -0.055518944 0.21515281
v -0.09419528 -0.05142039 0.21049346
v -0.092786804 -0.052124627 0.2092737
v -0.09419528 -0.046040237 0.21049346
v -0.092786804 -0.045336 0.2092737
v -0.09419528 -0.043350156 0.21515281
v -0.092786804 -0.041941684 0.21515281
v -0.09419528 -0.046040237 0.21981215
v -0.092786804 -0.045335997 0.22103193
v -0.07029201 -0.0672798 0.11504784
v -0.061913885 -0.078014456 0.08407223
v -0.07029197 -0.0672798 0.084072195
v -0.061913934 -0.078014456 0.11504788
v -0.05500371 -0.077068925 0.08407223
v -0.055003755 -0.07706892 0.11504788
v -0.048931073 -0.07316958 0.08407223
v -0.04893112 -0.073169574 0.11504788
v -0.047438603 -0.061187852 0.08407223
v -0.047438644 -0.061187852 0.11504788
v -0.06077024 -0.076546885 0.08221167
v -0.04869342 -0.062561564 0.08221167
v -0.06850957 -0.0678134 0.08221164
v -0.050742496 -0.07274482 0.08221167
v -0.055536818 -0.07528637 0.08221167
v -0.050742544 -0.07274481 0.116908446
v -0.06850962 -0.0678134 0.116908416
v -0.04869347 -0.062561564 0.116908446
v -0.06077029 -0.076546885 0.116908446
v -0.05553687 -0.07528637 0.116908446
v 0.095157936 -0.08520986 -0.35962573
v -0.01581109 -0.08829222 -0.2476613
v 0.04412244 -0.081465654 -0.22731178
v -0.004310373 -0.0923463 -0.38582218
v 0.095157936 -0.08520986 -0.35962573
v 0.049266957 -0.074481465 -0.22731055
v 0.105237015 -0.075048715 -0.3567381
v 0.04412244 -0.081465654 -0.22731178
v 0.04412244 -0.081465654 -0.22731178
v 0.036857944 -0.0747057 -0.19603553
v 0.049266957 -0.074481465 -0.22731055
v 0.031178009 -0.081967086 -0.19733132
v 0.033863034 -0.07471725 -0.19275263
v 0.014701018 -0.081752844 -0.18951532
v 0.036857933 -0.045304373 -0.19603553
v 0.021343486 -0.07471725 -0.18877503
v 0.033863023 -0.045292813 -0.19275263
v 0.01943333 -0.07471725 -0.18674976
v -0.004258457 -0.081683785 -0.11190765
v 0.0003925023 -0.07471725 -0.11190765
v 0.021343486 -0.045292813 -0.18877503
v 0.01943333 -0.045292813 -0.18674976
v 0.031178009 -0.038042977 -0.19733132
v 0.044122428 -0.03854441 -0.22731178
v 0.049266957 -0.0455286 -0.22731055
v 0.014701023 -0.038257223 -0.18951532
v 0.00039250287 -0.045292813 -0.11190765
v -0.0042969952 -0.038319748 -0.11190765
v -0.004258457 -0.081683785 -0.11190765
v -0.0042539546 -0.08168378 -0.0031441886
v 0.00039174673 -0.074717246 0.13202643
v 0.0003925023 -0.07471725 -0.11190765
v -0.0042506284 -0.08168377 0.095229186
v -0.004249238 -0.08168377 0.13202643
v -0.0074941646 -0.078574196 0.13652085
v -0.0035635743 -0.07258284 0.13652085
v -0.04171758 -0.080146104 0.13652083
v -0.04438246 -0.08376417 0.13202646
v -0.055606484 -0.081103936 0.13652083
v -0.0592234 -0.08376417 0.13202646
v 0.00039174673 -0.045292802 0.13202643
v -0.0035636884 -0.047426987 0.13652085
v -0.0042970465 -0.038321234 0.13202643
v -0.007538618 -0.041434508 0.13652085
v -0.0042969952 -0.038319748 -0.11190765
v 0.00039250287 -0.045292813 -0.11190765
v -0.059223425 -0.036244858 0.13202646
v -0.055606473 -0.03890481 0.13652083
v -0.030527536 -0.08185762 -0.19975843
v -0.01581109 -0.08829222 -0.2476613
v -0.023071822 -0.08172166 -0.2478151
v -0.02295363 -0.08711122 -0.19767477
v -0.044282477 -0.084226176 -0.14421727
v -0.047979835 -0.07923011 -0.14980656
v -0.050492603 -0.07894879 -0.14232332
v -0.047979835 -0.040779963 -0.14980656
v -0.05049285 -0.078881 -0.11519532
v -0.044377353 -0.08376412 -0.11192452
v -0.05944949 -0.08376411 -0.11192452
v -0.05945366 -0.078880996 -0.11519532
v -0.050492603 -0.041061275 -0.14232332
v -0.04428247 -0.035783894 -0.14421727
v -0.050492838 -0.041129075 -0.11519532
v -0.030539006 -0.037892554 -0.19973241
v -0.044377353 -0.03624715 -0.111924484
v -0.05945366 -0.041129064 -0.11519532
v -0.05944949 -0.036247145 -0.11192452
v -0.022953633 -0.032898843 -0.19767477
v -0.01581108 -0.03171786 -0.2476613
v -0.023071842 -0.03828841 -0.2478151
v 0.031178009 -0.081967086 -0.19733132
v 0.04412244 -0.081465654 -0.22731178
v -0.01581109 -0.08829222 -0.2476613
v -0.02295363 -0.08711122 -0.19767477
v 0.014701018 -0.081752844 -0.18951532
v -0.044282477 -0.084226176 -0.14421727
v -0.004258457 -0.081683785 -0.11190765
v -0.044377353 -0.08376412 -0.11192452
v -0.012812 -0.086549945 -0.388055
v -0.0025579636 -0.09263603 -0.39804736
v -0.011072138 -0.08693083 -0.40084314
v -0.004310373 -0.0923463 -0.38582218
v 0.0024582995 -0.08638627 -0.40350056
v -0.0060016494 -0.03925137 -0.4052318
v -0.0060016494 -0.08075871 -0.4052318
v 0.0024582995 -0.03362381 -0.40350056
v 0.09842455 -0.039978277 -0.3771059
v 0.09842455 -0.0800318 -0.3771059
v 0.10724497 -0.04724792 -0.3751491
v 0.10724497 -0.07276216 -0.3751491
v 0.0003925023 -0.07471725 -0.11190765
v 0.00039174673 -0.045292802 0.13202643
v 0.00039250287 -0.045292813 -0.11190765
v 0.00039174673 -0.074717246 0.13202643
v 0.021343486 -0.07471725 -0.18877503
v 0.033863023 -0.045292813 -0.19275263
v 0.033863034 -0.07471725 -0.19275263
v 0.021343486 -0.045292813 -0.18877503
v -0.050492603 -0.07894879 -0.14232332
v -0.050492838 -0.041129075 -0.11519532
v -0.05049285 -0.078881 -0.11519532
v -0.050492603 -0.041061275 -0.14232332
v -0.047979835 -0.07923011 -0.14980656
v -0.030539006 -0.037892554 -0.19973241
v -0.047979835 -0.040779963 -0.14980656
v -0.030527536 -0.08185762 -0.19975843
v -0.023071822 -0.08172166 -0.2478151
v -0.023071842 -0.03828841 -0.2478151
v -0.01581108 -0.03171786 -0.2476613
v 0.095157936 -0.034800205 -0.35962573
v 0.044122428 -0.03854441 -0.22731178
v -0.004310371 -0.027663771 -0.38582218
v 0.095157936 -0.034800205 -0.35962573
v 0.049266957 -0.0455286 -0.22731055
v 0.044122428 -0.03854441 -0.22731178
v 0.105237015 -0.044961352 -0.3567381
v -0.0042969952 -0.038319748 -0.11190765
v -0.044377353 -0.03624715 -0.111924484
v -0.04428247 -0.035783894 -0.14421727
v 0.014701023 -0.038257223 -0.18951532
v -0.022953633 -0.032898843 -0.19767477
v 0.031178009 -0.038042977 -0.19733132
v -0.01581108 -0.03171786 -0.2476613
v 0.044122428 -0.03854441 -0.22731178
v -0.0025579566 -0.02737405 -0.39804736
v -0.012812005 -0.03346012 -0.388055
v -0.011072143 -0.033079244 -0.40084314
v -0.004310371 -0.027663771 -0.38582218
v -0.027296232 -0.04054111 -0.025212787
v -0.04358127 -0.04084789 -0.027638022
v -0.02903264 -0.041076113 -0.02763802
v -0.04560836 -0.04083804 0.08218005
v -0.045516312 -0.040838465 -0.02466935
v -0.029012484 -0.041062407 0.08530639
v -0.027207613 -0.041062415 0.08218006
v -0.043800004 -0.040838044 0.08530638
v 0.105237015 -0.075048715 -0.3567381
v 0.110841416 -0.04490473 -0.36791393
v 0.110841416 -0.07510535 -0.36791393
v 0.105237015 -0.044961352 -0.3567381
v -0.012812 -0.086549945 -0.388055
v -0.023071842 -0.03828841 -0.2478151
v -0.023071822 -0.08172166 -0.2478151
v -0.012812005 -0.03346012 -0.388055
v 0.0003925023 -0.07471725 -0.11190765
v 0.01943333 -0.045292813 -0.18674976
v 0.01943333 -0.07471725 -0.18674976
v 0.00039250287 -0.045292813 -0.11190765
v 0.036857944 -0.0747057 -0.19603553
v 0.049266957 -0.0455286 -0.22731055
v 0.049266957 -0.074481465 -0.22731055
v 0.036857933 -0.045304373 -0.19603553
v -0.050492406 -0.041253928 -0.04361825
v -0.05049224 -0.07869371 0.120979525
v -0.050492406 -0.07875614 -0.04361825
v -0.05049224 -0.041316357 0.120979525
v -0.050492838 -0.041129075 -0.11519532
v -0.05945366 -0.078880996 -0.11519532
v -0.05049285 -0.078881 -0.11519532
v -0.05945366 -0.041129064 -0.11519532
v -0.05944951 -0.08376414 -0.05140786
v -0.05944949 -0.08376411 -0.11192452
v -0.059453685 -0.041253928 -0.04666383
v -0.059453685 -0.07875614 -0.04666383
v -0.05944949 -0.036247145 -0.11192452
v -0.059213188 -0.036245294 0.12393958
v -0.05944949 -0.036247145 -0.11192452
v -0.059229314 -0.041316345 0.120979525
v -0.05921316 -0.08376416 0.12393958
v -0.059229277 -0.0786937 0.120979525
v -0.059223425 -0.036244858 0.13202646
v -0.0592234 -0.08376417 0.13202646
v -0.05944951 -0.08376414 -0.05140786
v -0.044377353 -0.08376412 -0.11192452
v -0.05944949 -0.08376411 -0.11192452
v -0.044380415 -0.08376415 -0.046889048
v -0.004258457 -0.081683785 -0.11190765
v -0.024317078 -0.08272396 -0.0031432381
v -0.0042539546 -0.08168378 -0.0031441886
v -0.044380207 -0.08376415 -0.0031422877
v -0.024315245 -0.08272396 0.09522915
v -0.044379856 -0.08376416 0.09522918
v -0.044379737 -0.08376416 0.12393958
v -0.004249238 -0.08168377 0.13202643
v -0.0042506284 -0.08168377 0.095229186
v -0.04438246 -0.08376417 0.13202646
v -0.0592234 -0.08376417 0.13202646
v -0.05921316 -0.08376416 0.12393958
v -0.055606473 -0.03890481 0.13652083
v -0.055606484 -0.081103936 0.13652083
v -0.059223425 -0.036244858 0.13202646
v -0.04171758 -0.080146104 0.13652083
v -0.007538618 -0.041434508 0.13652085
v -0.0035635743 -0.07258284 0.13652085
v -0.0035636884 -0.047426987 0.13652085
v -0.0074941646 -0.078574196 0.13652085
v -0.0042970465 -0.038321234 0.13202643
v -0.059213188 -0.036245294 0.12393958
v -0.045417912 -0.036976065 0.088595726
v -0.04783583 -0.036817417 0.08528201
v -0.05944949 -0.036247145 -0.11192452
v -0.047695346 -0.036826864 -0.028776709
v -0.02741086 -0.03755458 0.08859573
v -0.024997616 -0.037712947 0.08528202
v -0.025114221 -0.037706297 -0.02831902
v -0.0042969952 -0.038319748 -0.11190765
v -0.027386889 -0.037557106 -0.03165978
v -0.044377353 -0.03624715 -0.111924484
v -0.045074534 -0.03699892 -0.031659782
v -0.059453685 -0.07875614 -0.04666383
v -0.044380415 -0.08376415 -0.046889048
v -0.05944951 -0.08376414 -0.05140786
v -0.050492406 -0.07875614 -0.04361825
v -0.044380207 -0.08376415 -0.0031422877
v -0.05049224 -0.07869371 0.120979525
v -0.044379856 -0.08376416 0.09522918
v -0.044379737 -0.08376416 0.12393958
v -0.05921316 -0.08376416 0.12393958
v -0.059229277 -0.0786937 0.120979525
v -0.059453685 -0.041253928 -0.04666383
v -0.050492406 -0.07875614 -0.04361825
v -0.059453685 -0.07875614 -0.04666383
v -0.050492406 -0.041253928 -0.04361825
v -0.059229277 -0.0786937 0.120979525
v -0.05049224 -0.041316357 0.120979525
v -0.059229314 -0.041316345 0.120979525
v -0.05049224 -0.07869371 0.120979525
v -0.059229314 -0.041316345 0.120979525
v -0.050492406 -0.041253928 -0.04361825
v -0.059453685 -0.041253928 -0.04666383
v -0.05049224 -0.041316357 0.120979525
v 0.10007894 -0.08557074 -0.37062085
v -0.004310373 -0.0923463 -0.38582218
v 0.095157936 -0.08520986 -0.35962573
v -0.0025579636 -0.09263603 -0.39804736
v 0.105237015 -0.075048715 -0.3567381
v 0.10007894 -0.08557074 -0.37062085
v 0.095157936 -0.08520986 -0.35962573
v 0.110841416 -0.07510535 -0.36791393
v -0.012812 -0.086549945 -0.388055
v -0.01581109 -0.08829222 -0.2476613
v -0.004310373 -0.0923463 -0.38582218
v -0.023071822 -0.08172166 -0.2478151
v -0.004310371 -0.027663771 -0.38582218
v 0.10007894 -0.03443934 -0.37062085
v 0.095157936 -0.034800205 -0.35962573
v -0.0025579566 -0.02737405 -0.39804736
v 0.10007894 -0.03443934 -0.37062085
v 0.105237015 -0.044961352 -0.3567381
v 0.095157936 -0.034800205 -0.35962573
v 0.110841416 -0.04490473 -0.36791393
v -0.004310371 -0.027663771 -0.38582218
v -0.023071842 -0.03828841 -0.2478151
v -0.012812005 -0.03346012 -0.388055
v -0.01581108 -0.03171786 -0.2476613
v 0.105237015 -0.075048715 -0.3567381
v 0.049266957 -0.0455286 -0.22731055
v 0.105237015 -0.044961352 -0.3567381
v 0.049266957 -0.074481465 -0.22731055
v -0.012812 -0.086549945 -0.388055
v -0.011072143 -0.033079244 -0.40084314
v -0.012812005 -0.03346012 -0.388055
v -0.011072138 -0.08693083 -0.40084314
v -0.0042539546 -0.08168378 -0.0031441886
v -0.024315245 -0.08272396 0.09522915
v -0.0042506284 -0.08168377 0.095229186
v -0.024317078 -0.08272396 -0.0031432381
v -0.014827627 -0.06393127 -0.37213364
v -0.014261629 -0.048689455 -0.37987015
v -0.014827627 -0.056078807 -0.37213364
v -0.013662835 -0.074079275 -0.38805497
v -0.014261625 -0.07132063 -0.37987015
v -0.013662835 -0.045930803 -0.38805497
v -0.042724084 -0.053782243 0.339332
v -0.050559588 -0.053782243 0.2928711
v -0.042724073 -0.053782243 0.2976235
v -0.050559595 -0.053782243 0.34361833
v -0.050559588 -0.06622783 0.2928711
v -0.042724084 -0.06622783 0.339332
v -0.042724073 -0.06622783 0.2976235
v -0.050559595 -0.06622783 0.34361833
v -0.04168417 -0.06485373 0.33891812
v -0.04168416 -0.05515634 0.2980672
v -0.04168416 -0.06485373 0.2980672
v -0.04168417 -0.05515634 0.33891812
v -0.050559595 -0.064853735 0.3446583
v -0.04260317 -0.05515634 0.3404447
v -0.04260317 -0.064853735 0.3404447
v -0.050559595 -0.05515634 0.3446583
v -0.042581584 -0.064853735 0.2965019
v -0.050559588 -0.05515634 0.2918312
v -0.050559588 -0.064853735 0.2918312
v -0.042581584 -0.05515634 0.2965019
v -0.04168416 -0.05515634 0.2980672
v -0.042724073 -0.053782243 0.2976235
v -0.042581584 -0.05515634 0.2965019
v -0.042724084 -0.053782243 0.339332
v -0.04168417 -0.05515634 0.33891812
v -0.042724084 -0.053782243 0.339332
v -0.04168417 -0.05515634 0.33891812
v -0.04260317 -0.05515634 0.3404447
v -0.04260317 -0.064853735 0.3404447
v -0.04168417 -0.06485373 0.33891812
v -0.042724084 -0.06622783 0.339332
v -0.050559595 -0.064853735 0.3446583
v -0.050559595 -0.06622783 0.34361833
v -0.050559595 -0.053782243 0.34361833
v -0.042724084 -0.053782243 0.339332
v -0.050559595 -0.05515634 0.3446583
v -0.04168416 -0.06485373 0.2980672
v -0.042581584 -0.064853735 0.2965019
v -0.042724073 -0.06622783 0.2976235
v -0.04168417 -0.06485373 0.33891812
v -0.042724084 -0.06622783 0.339332
v -0.050559588 -0.05515634 0.2918312
v -0.042724073 -0.053782243 0.2976235
v -0.050559588 -0.053782243 0.2928711
v -0.042581584 -0.05515634 0.2965019
v -0.04168416 -0.06485373 0.2980672
v -0.04168416 -0.05515634 0.2980672
v -0.042581584 -0.064853735 0.2965019
v -0.050559588 -0.06622783 0.2928711
v -0.042724073 -0.06622783 0.2976235
v -0.050559588 -0.064853735 0.2918312
v -0.026614018 -0.056597847 0.31624162
v -0.04249227 -0.06341221 0.31624162
v -0.026614012 -0.06341221 0.31624162
v -0.04249227 -0.05659785 0.31624162
v -0.02661402 -0.055422444 0.33043388
v -0.04249227 -0.055422444 0.31744954
v -0.026614018 -0.055422444 0.31744954
v -0.04249227 -0.055422444 0.33043388
v -0.026614012 -0.064587615 0.31744954
v -0.04249227 -0.064587615 0.33043388
v -0.026614014 -0.064587615 0.33043388
v -0.04249227 -0.064587615 0.31744954
v -0.026614014 -0.06341221 0.33164185
v -0.04249227 -0.05659785 0.33164185
v -0.02661402 -0.056597847 0.33164185
v -0.04249227 -0.06341221 0.33164185
v -0.025406081 -0.06397434 0.33061135
v -0.025406083 -0.056035716 0.3172721
v -0.02540608 -0.06397434 0.3172721
v -0.025406085 -0.056035716 0.33061135
v -0.02661402 -0.055422444 0.33043388
v -0.025406085 -0.056035716 0.33061135
v -0.02661402 -0.056597847 0.33164185
v -0.025406083 -0.056035716 0.3172721
v -0.026614018 -0.055422444 0.31744954
v -0.026614018 -0.056597847 0.31624162
v -0.02540608 -0.06397434 0.3172721
v -0.04249227 -0.05659785 0.31624162
v -0.04249227 -0.055422444 0.31744954
v -0.026614012 -0.06341221 0.31624162
v -0.026614012 -0.064587615 0.31744954
v -0.04249227 -0.064587615 0.31744954
v -0.04249227 -0.06341221 0.31624162
v -0.02661402 -0.056597847 0.33164185
v -0.04249227 -0.055422444 0.33043388
v -0.02661402 -0.055422444 0.33043388
v -0.04249227 -0.05659785 0.33164185
v -0.025406085 -0.056035716 0.33061135
v -0.026614014 -0.06341221 0.33164185
v -0.025406081 -0.06397434 0.33061135
v -0.04249227 -0.06341221 0.33164185
v -0.026614014 -0.064587615 0.33043388
v -0.04249227 -0.064587615 0.33043388
v -0.026614014 -0.06341221 0.33164185
v -0.025406081 -0.06397434 0.33061135
v -0.026614012 -0.064587615 0.31744954
v -0.02540608 -0.06397434 0.3172721
v -0.06095161 -0.038945835 0.3664794
v -0.04875942 -0.06873015 0.3664794
v -0.04875942 -0.05127992 0.3664794
v -0.09005429 -0.050542902 0.3664794
v -0.078332804 -0.039194927 0.3664794
v -0.078332804 -0.08081516 0.3664794
v -0.06095161 -0.08106423 0.3664794
v -0.09005428 -0.06946718 0.3664794
v -0.060673628 -0.039082047 0.4028144
v -0.08997655 -0.050390083 0.4028144
v -0.07800543 -0.039085433 0.4028144
v -0.048715238 -0.06861637 0.40281448
v -0.048715215 -0.051393706 0.40281448
v -0.07800545 -0.08092466 0.4028144
v -0.08997659 -0.06962 0.4028144
v -0.060673635 -0.08092803 0.4028144
v -0.11153941 -0.07206523 0.3744635
v -0.08756546 -0.0682192 0.36903372
v -0.111519374 -0.0682172 0.3745597
v -0.08362668 -0.07624069 0.36909652
v -0.082288966 -0.07724002 0.36887658
v -0.08307536 -0.07713579 0.3698355
v -0.0870871 -0.06742739 0.36887658
v -0.08228896 -0.07724002 0.37438804
v -0.08788031 -0.06742739 0.3698728
v -0.08307203 -0.077113405 0.37373114
v -0.110303655 -0.073053226 0.37509575
v -0.10595075 -0.07382599 0.3781092
v -0.11152278 -0.07288216 0.3761759
v -0.10690766 -0.07367701 0.3793689
v -0.111522764 -0.07288215 0.39311758
v -0.10690768 -0.073677 0.38992476
v -0.11030507 -0.07305343 0.3941987
v -0.10595533 -0.07382501 0.39118767
v -0.08362888 -0.07624757 0.3746205
v -0.083075434 -0.07713599 0.399478
v -0.087087095 -0.06742739 0.37462133
v -0.083072044 -0.0771132 0.39585638
v -0.08756635 -0.06821994 0.37476197
v -0.10535587 -0.07312437 0.37875313
v -0.105339944 -0.06821868 0.37878957
v -0.08788031 -0.06742739 0.3739871
v -0.105959296 -0.06742739 0.37806472
v -0.11036584 -0.06742739 0.37504303
v -0.106915645 -0.06742739 0.37933257
v -0.11151188 -0.06742739 0.3761808
v -0.10691563 -0.06742739 0.38996086
v -0.11151188 -0.06742739 0.39311272
v -0.10596457 -0.06742739 0.39123228
v -0.11036742 -0.06742739 0.39425156
v -0.08788036 -0.0674274 0.39556924
v -0.08788038 -0.0674274 0.39944038
v -0.08708714 -0.0674274 0.39494377
v -0.0875644 -0.06821989 0.39479545
v -0.08708717 -0.0674274 0.40043747
v -0.08756541 -0.0682192 0.40027967
v -0.082288995 -0.07724002 0.39520752
v -0.08362648 -0.076240756 0.40021673
v -0.111519426 -0.06821718 0.39473426
v -0.11153959 -0.07206523 0.3948306
v -0.08228902 -0.07724002 0.40043753
v -0.083625264 -0.076248266 0.39495978
v -0.10535877 -0.073124275 0.39055184
v -0.10534137 -0.06821852 0.39051247
v -0.112305 -0.0682206 0.3938252
v -0.11230458 -0.07195432 0.37546828
v -0.112305 -0.0682206 0.37546828
v -0.11230457 -0.07195431 0.3938252
v -0.10612285 -0.0682206 0.3895812
v -0.10612551 -0.07301843 0.37973854
v -0.10612553 -0.073018424 0.38955513
v -0.106122866 -0.0682206 0.37971228
v -0.08756545 -0.05179087 0.36903372
v -0.1115394 -0.04794487 0.3744635
v -0.11151937 -0.051792886 0.3745597
v -0.08362667 -0.043769382 0.36909652
v -0.087087095 -0.05258268 0.36887658
v -0.087880306 -0.05258268 0.3698728
v -0.08228896 -0.042770054 0.36887658
v -0.08307535 -0.04287429 0.3698355
v -0.08708709 -0.05258268 0.37462133
v -0.08307202 -0.042896666 0.37373114
v -0.08228895 -0.042770054 0.37438804
v -0.11030365 -0.046956867 0.37509575
v -0.10595074 -0.0461841 0.3781092
v -0.10690765 -0.04633308 0.3793689
v -0.111522764 -0.047127932 0.3761759
v -0.11152274 -0.047127936 0.39311758
v -0.10690765 -0.046333082 0.38992476
v -0.1059553 -0.046185076 0.39118767
v -0.11030504 -0.046956666 0.3941987
v -0.083075404 -0.042874098 0.399478
v -0.08362887 -0.0437625 0.3746205
v -0.083072014 -0.04289688 0.39585638
v -0.087566346 -0.051790137 0.37476197
v -0.10535586 -0.046885718 0.37875313
v -0.10533994 -0.051791403 0.37878957
v -0.087880306 -0.05258268 0.3739871
v -0.10595929 -0.052582696 0.37806472
v -0.11036583 -0.0525827 0.37504303
v -0.111511864 -0.0525827 0.3761808
v -0.10691562 -0.052582696 0.37933257
v -0.10691561 -0.052582696 0.38996086
v -0.11151186 -0.0525827 0.39311272
v -0.11036739 -0.0525827 0.39425156
v -0.10596454 -0.052582696 0.39123228
v -0.087880336 -0.05258269 0.39556924
v -0.08788035 -0.05258269 0.39944038
v -0.08708714 -0.05258269 0.40043747
v -0.087565385 -0.051790886 0.40027967
v -0.08708712 -0.05258269 0.39494377
v -0.08228899 -0.04277006 0.40043753
v -0.08756437 -0.051790193 0.39479545
v -0.08362645 -0.04376933 0.40021673
v -0.111519404 -0.051792905 0.39473426
v -0.111539565 -0.04794487 0.3948306
v -0.082288966 -0.042770065 0.39520752
v -0.08362524 -0.043761823 0.39495978
v -0.10535874 -0.046885815 0.39055184
v -0.10534134 -0.051791564 0.39051247
v -0.11230498 -0.05178949 0.3938252
v -0.11230456 -0.048055775 0.37546828
v -0.11230454 -0.048055783 0.3938252
v -0.11230499 -0.05178949 0.37546828
v -0.10612282 -0.05178948 0.3895812
v -0.106125504 -0.04699166 0.37973854
v -0.10612285 -0.05178948 0.37971228
v -0.106125504 -0.046991665 0.38955513
v -0.08788031 -0.06742739 0.3698728
v -0.111519374 -0.0682172 0.3745597
v -0.08756546 -0.0682192 0.36903372
v -0.11036584 -0.06742739 0.37504303
v -0.11151188 -0.06742739 0.3761808
v -0.112305 -0.0682206 0.37546828
v -0.11153941 -0.07206523 0.3744635
v -0.112305 -0.0682206 0.3938252
v -0.11151188 -0.06742739 0.39311272
v -0.11036742 -0.06742739 0.39425156
v -0.11230458 -0.07195432 0.37546828
v -0.111519426 -0.06821718 0.39473426
v -0.11230457 -0.07195431 0.3938252
v -0.08756541 -0.0682192 0.40027967
v -0.08788038 -0.0674274 0.39944038
v -0.11153959 -0.07206523 0.3948306
v -0.11152278 -0.07288216 0.3761759
v -0.110303655 -0.073053226 0.37509575
v -0.08362668 -0.07624069 0.36909652
v -0.08307536 -0.07713579 0.3698355
v -0.111522764 -0.07288215 0.39311758
v -0.11030507 -0.07305343 0.3941987
v -0.083075434 -0.07713599 0.399478
v -0.08362648 -0.076240756 0.40021673
v -0.08756635 -0.06821994 0.37476197
v -0.105959296 -0.06742739 0.37806472
v -0.08788031 -0.06742739 0.3739871
v -0.105339944 -0.06821868 0.37878957
v -0.106915645 -0.06742739 0.37933257
v -0.106122866 -0.0682206 0.37971228
v -0.10691563 -0.06742739 0.38996086
v -0.10612551 -0.07301843 0.37973854
v -0.10612285 -0.0682206 0.3895812
v -0.10596457 -0.06742739 0.39123228
v -0.10535587 -0.07312437 0.37875313
v -0.10534137 -0.06821852 0.39051247
v -0.08788036 -0.0674274 0.39556924
v -0.0875644 -0.06821989 0.39479545
v -0.10535877 -0.073124275 0.39055184
v -0.10612553 -0.073018424 0.38955513
v -0.10595075 -0.07382599 0.3781092
v -0.08307203 -0.077113405 0.37373114
v -0.08362888 -0.07624757 0.3746205
v -0.10690766 -0.07367701 0.3793689
v -0.10690768 -0.073677 0.38992476
v -0.10595533 -0.07382501 0.39118767
v -0.083625264 -0.076248266 0.39495978
v -0.083072044 -0.0771132 0.39585638
v -0.08756545 -0.05179087 0.36903372
v -0.11036583 -0.0525827 0.37504303
v -0.087880306 -0.05258268 0.3698728
v -0.11151937 -0.051792886 0.3745597
v -0.11230499 -0.05178949 0.37546828
v -0.111511864 -0.0525827 0.3761808
v -0.11151186 -0.0525827 0.39311272
v -0.11230456 -0.048055775 0.37546828
v -0.11230498 -0.05178949 0.3938252
v -0.1115394 -0.04794487 0.3744635
v -0.111519404 -0.051792905 0.39473426
v -0.11036739 -0.0525827 0.39425156
v -0.08788035 -0.05258269 0.39944038
v -0.087565385 -0.051790886 0.40027967
v -0.111539565 -0.04794487 0.3948306
v -0.11230454 -0.048055783 0.3938252
v -0.11030365 -0.046956867 0.37509575
v -0.08307535 -0.04287429 0.3698355
v -0.08362667 -0.043769382 0.36909652
v -0.111522764 -0.047127932 0.3761759
v -0.11152274 -0.047127936 0.39311758
v -0.11030504 -0.046956666 0.3941987
v -0.08362645 -0.04376933 0.40021673
v -0.083075404 -0.042874098 0.399478
v -0.087880306 -0.05258268 0.3739871
v -0.10533994 -0.051791403 0.37878957
v -0.087566346 -0.051790137 0.37476197
v -0.10595929 -0.052582696 0.37806472
v -0.10612285 -0.05178948 0.37971228
v -0.10691562 -0.052582696 0.37933257
v -0.10535586 -0.046885718 0.37875313
v -0.10612282 -0.05178948 0.3895812
v -0.10691561 -0.052582696 0.38996086
v -0.106125504 -0.04699166 0.37973854
v -0.10534134 -0.051791564 0.39051247
v -0.10596454 -0.052582696 0.39123228
v -0.106125504 -0.046991665 0.38955513
v -0.08756437 -0.051790193 0.39479545
v -0.087880336 -0.05258269 0.39556924
v -0.10535874 -0.046885815 0.39055184
v -0.10690765 -0.04633308 0.3793689
v -0.10595074 -0.0461841 0.3781092
v -0.08362887 -0.0437625 0.3746205
v -0.08307202 -0.042896666 0.37373114
v -0.10690765 -0.046333082 0.38992476
v -0.1059553 -0.046185076 0.39118767
v -0.083072014 -0.04289688 0.39585638
v -0.08362524 -0.043761823 0.39495978
v -0.05464955 -0.041794207 0.38160658
v -0.060053665 -0.036350545 0.37909675
v -0.056907613 -0.039519623 0.37909675
v -0.060053665 -0.036350545 0.39019707
v -0.064837344 -0.036350545 0.37909675
v -0.05690761 -0.039519634 0.39019707
v -0.05464955 -0.041794214 0.3876872
v -0.06483737 -0.036350545 0.39019707
v -0.07383305 -0.036350545 0.37909675
v -0.07068527 -0.036350556 0.36885208
v -0.06483734 -0.036350556 0.3719999
v -0.06798511 -0.036350556 0.36885208
v -0.07383304 -0.036350556 0.3719999
v -0.073833056 -0.036350545 0.39019707
v -0.07861675 -0.036350545 0.39019707
v -0.07861674 -0.036350545 0.37909675
v -0.06798513 -0.036350556 0.40044165
v -0.06483736 -0.036350556 0.39729384
v -0.07383307 -0.036350556 0.39729384
v -0.0706853 -0.036350556 0.40044165
v -0.082619905 -0.038822785 0.3877101
v -0.08013753 -0.03728973 0.3902265
v -0.080137506 -0.03728973 0.3791262
v -0.082619905 -0.038822785 0.38173866
v -0.09039865 -0.046081178 0.02290047
v -0.0942525 -0.042259764 0.02067545
v -0.0942525 -0.046081178 0.02067545
v -0.09039865 -0.042259768 0.02290047
v -0.08654479 -0.046081178 0.02067545
v -0.08654479 -0.042259768 0.02067545
v -0.08654479 -0.046081178 0.016225396
v -0.08654479 -0.042259768 0.016225398
v -0.09039865 -0.046081178 0.014000379
v -0.09039865 -0.042259768 0.0140003795
v -0.0942525 -0.046081178 0.016225396
v -0.0942525 -0.042259764 0.016225396
v -0.0942525 -0.046081178 0.02067545
v -0.0942525 -0.042259764 0.02067545
v -0.0935896 -0.041494306 0.020292724
v -0.09039865 -0.04149431 0.014765834
v -0.0935896 -0.041494306 0.016608123
v -0.08720769 -0.04149431 0.020292724
v -0.09039865 -0.04149431 0.022135014
v -0.08720769 -0.04149431 0.016608125
v -0.0942525 -0.042259764 0.02067545
v -0.09039865 -0.04149431 0.022135014
v -0.0935896 -0.041494306 0.020292724
v -0.09039865 -0.042259768 0.02290047
v -0.08720769 -0.04149431 0.020292724
v -0.08654479 -0.042259768 0.02067545
v -0.08720769 -0.04149431 0.016608125
v -0.08654479 -0.042259768 0.016225398
v -0.09039865 -0.04149431 0.014765834
v -0.09039865 -0.042259768 0.0140003795
v -0.0935896 -0.041494306 0.016608123
v -0.0942525 -0.042259764 0.016225396
v -0.0935896 -0.041494306 0.020292724
v -0.0942525 -0.042259764 0.02067545
v -0.011072143 -0.033079244 -0.40084314
v -0.0060016494 -0.08075871 -0.4052318
v -0.0060016494 -0.03925137 -0.4052318
v 0.0024582995 -0.03362381 -0.40350056
v -0.011072138 -0.08693083 -0.40084314
v -0.0025579566 -0.02737405 -0.39804736
v 0.0024582995 -0.08638627 -0.40350056
v 0.09842455 -0.039978277 -0.3771059
v -0.0025579636 -0.09263603 -0.39804736
v 0.10007894 -0.03443934 -0.37062085
v 0.09842455 -0.0800318 -0.3771059
v 0.10007894 -0.08557074 -0.37062085
v 0.10724497 -0.07276216 -0.3751491
v 0.110841416 -0.07510535 -0.36791393
v 0.10724497 -0.04724792 -0.3751491
v 0.110841416 -0.04490473 -0.36791393
v -0.04637794 -0.050419874 0.40028244
v -0.059700575 -0.03674444 0.36901146
v -0.046377923 -0.050419867 0.36901146
v -0.046377923 -0.0695902 0.36901146
v -0.059700575 -0.036744446 0.40028235
v -0.046377964 -0.0695902 0.40028244
v -0.059700575 -0.083265625 0.36901146
v -0.059700582 -0.083265625 0.40028235
v -0.07897026 -0.08326565 0.36901146
v -0.07897033 -0.08326565 0.40028235
v -0.09227082 -0.07069118 0.36901146
v -0.09227088 -0.07069118 0.40028235
v -0.09227082 -0.0493189 0.36901146
v -0.092270836 -0.0493189 0.40028235
v -0.07897026 -0.03674444 0.36901146
v -0.078970306 -0.036744446 0.40028235
v -0.059575 -0.036203757 0.12979445
v -0.06938298 -0.06000504 0.12979445
v -0.045578573 -0.050094094 0.12979445
v -0.079293914 -0.03620063 0.12979445
v -0.045581706 -0.06981301 0.12979445
v -0.09318424 -0.050197057 0.12979442
v -0.059472054 -0.08380945 0.12979445
v -0.09318738 -0.06991598 0.12979442
v -0.07919096 -0.08380631 0.12979445
v -0.045581758 -0.069813006 0.14987329
v -0.06938302 -0.060005035 0.14987326
v -0.045578625 -0.050094087 0.14987329
v -0.059472077 -0.08380945 0.14987329
v -0.059575055 -0.03620376 0.14987329
v -0.07919104 -0.08380632 0.14987329
v -0.07929398 -0.03620063 0.14987329
v -0.093187466 -0.06991597 0.14987326
v -0.09318433 -0.050197043 0.14987326
v -0.047695346 -0.036826864 -0.028776709
v -0.04560836 -0.04083804 0.08218005
v -0.04783583 -0.036817417 0.08528201
v -0.045417912 -0.036976065 0.088595726
v -0.045516312 -0.040838465 -0.02466935
v -0.043800004 -0.040838044 0.08530638
v -0.02741086 -0.03755458 0.08859573
v -0.029012484 -0.041062407 0.08530639
v -0.024997616 -0.037712947 0.08528202
v -0.027207613 -0.041062415 0.08218006
v -0.025114221 -0.037706297 -0.02831902
v -0.027296232 -0.04054111 -0.025212787
v -0.04358127 -0.04084789 -0.027638022
v -0.045074534 -0.03699892 -0.031659782
v -0.027386889 -0.037557106 -0.03165978
v -0.02903264 -0.041076113 -0.02763802
v -0.059575018 -0.036203757 0.2228192
v -0.069383 -0.06000504 0.2228192
v -0.04557859 -0.050094094 0.22281921
v -0.07929394 -0.03620063 0.2228192
v -0.045581724 -0.06981301 0.22281921
v -0.09318426 -0.050197057 0.22281916
v -0.059472073 -0.08380945 0.2228192
v -0.0931874 -0.06991598 0.22281916
v -0.079190984 -0.08380631 0.2228192
v -0.045581773 -0.069813006 0.24289803
v -0.069383025 -0.060005035 0.242898
v -0.04557864 -0.050094087 0.24289803
v -0.05947209 -0.08380945 0.24289802
v -0.05957507 -0.03620376 0.24289802
v -0.07919105 -0.08380632 0.24289802
v -0.079293996 -0.03620063 0.24289802
v -0.09318747 -0.06991597 0.242898
v -0.09318434 -0.050197043 0.242898
v -0.048715215 -0.051393706 0.40281448
v -0.059700575 -0.036744446 0.40028235
v -0.04637794 -0.050419874 0.40028244
v -0.060673628 -0.039082047 0.4028144
v -0.048715238 -0.06861637 0.40281448
v -0.078970306 -0.036744446 0.40028235
v -0.046377964 -0.0695902 0.40028244
v -0.07800543 -0.039085433 0.4028144
v -0.060673635 -0.08092803 0.4028144
v -0.092270836 -0.0493189 0.40028235
v -0.059700582 -0.083265625 0.40028235
v -0.08997655 -0.050390083 0.4028144
v -0.07800545 -0.08092466 0.4028144
v -0.09227088 -0.07069118 0.40028235
v -0.07897033 -0.08326565 0.40028235
v -0.08997659 -0.06962 0.4028144
v -0.046377923 -0.050419867 0.36901146
v -0.06095161 -0.038945835 0.3664794
v -0.04875942 -0.05127992 0.3664794
v -0.059700575 -0.03674444 0.36901146
v -0.046377923 -0.0695902 0.36901146
v -0.078332804 -0.039194927 0.3664794
v -0.04875942 -0.06873015 0.3664794
v -0.07897026 -0.03674444 0.36901146
v -0.059700575 -0.083265625 0.36901146
v -0.09005429 -0.050542902 0.3664794
v -0.06095161 -0.08106423 0.3664794
v -0.09227082 -0.0493189 0.36901146
v -0.07897026 -0.08326565 0.36901146
v -0.09005428 -0.06946718 0.3664794
v -0.078332804 -0.08081516 0.3664794
v -0.09227082 -0.07069118 0.36901146
v -0.058719765 -0.034128215 0.14762843
v -0.045578625 -0.050094087 0.14987329
v -0.059575055 -0.03620376 0.14987329
v -0.043506213 -0.049231242 0.14762843
v -0.08015682 -0.03412822 0.14762843
v -0.045581758 -0.069813006 0.14987329
v -0.07929398 -0.03620063 0.14987329
v -0.043506213 -0.070668295 0.14762843
v -0.09525987 -0.049341757 0.1476284
v -0.059472077 -0.08380945 0.14987329
v -0.09318433 -0.050197043 0.14987326
v -0.058609232 -0.08588186 0.14762843
v -0.09525987 -0.070778824 0.1476284
v -0.07919104 -0.08380632 0.14987329
v -0.093187466 -0.06991597 0.14987326
v -0.08004632 -0.08588186 0.14762843
v -0.059575 -0.036203757 0.12979445
v -0.04350617 -0.049231246 0.13203931
v -0.05871972 -0.03412821 0.13203931
v -0.045578573 -0.050094094 0.12979445
v -0.079293914 -0.03620063 0.12979445
v -0.04350617 -0.0706683 0.13203931
v -0.08015677 -0.03412822 0.13203931
v -0.045581706 -0.06981301 0.12979445
v -0.09318424 -0.050197057 0.12979442
v -0.058609214 -0.08588186 0.13203931
v -0.0952598 -0.049341768 0.13203928
v -0.059472054 -0.08380945 0.12979445
v -0.09318738 -0.06991598 0.12979442
v -0.08004626 -0.08588186 0.13203931
v -0.0952598 -0.070778824 0.13203928
v -0.07919096 -0.08380631 0.12979445
v -0.050742544 -0.07274481 0.116908446
v -0.047438644 -0.061187852 0.11504788
v -0.04893112 -0.073169574 0.11504788
v -0.04869347 -0.062561564 0.116908446
v -0.05553687 -0.07528637 0.116908446
v -0.07029201 -0.0672798 0.11504784
v -0.055003755 -0.07706892 0.11504788
v -0.06850962 -0.0678134 0.116908416
v -0.06077029 -0.076546885 0.116908446
v -0.061913934 -0.078014456 0.11504788
v -0.04869342 -0.062561564 0.08221167
v -0.048931073 -0.07316958 0.08407223
v -0.047438603 -0.061187852 0.08407223
v -0.050742496 -0.07274482 0.08221167
v -0.06850957 -0.0678134 0.08221164
v -0.05500371 -0.077068925 0.08407223
v -0.07029197 -0.0672798 0.084072195
v -0.055536818 -0.07528637 0.08221167
v -0.06077024 -0.076546885 0.08221167
v -0.061913885 -0.078014456 0.08407223
v -0.07919089 0.10883166 0.17178589
v -0.078749105 0.107803725 0.21164677
v -0.07875137 0.10780369 0.17272785
v -0.07919093 0.108831696 0.21258762
v -0.07734979 0.107803725 0.21348499
v -0.0777048 0.108831696 0.21446289
v -0.061933205 0.107803725 0.21348499
v -0.06157819 0.108831696 0.21446289
v -0.060533892 0.107803725 0.21164677
v -0.07791286 0.10883166 0.17017303
v -0.07754793 0.10780369 0.17114717
v -0.07919092 0.11640486 0.17178589
v -0.060092073 0.108831696 0.21258762
v -0.060531534 0.10780369 0.17272785
v -0.06157819 0.11640486 0.21446289
v -0.061370067 0.10883166 0.17017303
v -0.061735 0.10780369 0.17114717
v -0.07791288 0.11640486 0.17017303
v -0.060092025 0.10883166 0.17178589
v -0.061370075 0.11640486 0.17017303
v -0.060092073 0.11640486 0.21258762
v -0.060092043 0.11640486 0.17178589
v -0.07754795 0.11743284 0.17114717
v -0.061735008 0.11743284 0.17114717
v -0.07875141 0.11743284 0.17272785
v -0.060531564 0.11743284 0.17272785
v -0.07919093 0.11640486 0.21258764
v -0.0605339 0.11743284 0.21164677
v -0.078749105 0.11743284 0.21164678
v -0.061933205 0.11743284 0.21348499
v -0.07770482 0.11640486 0.21446289
v -0.0773498 0.11743284 0.21348499
v -0.059737943 -0.03659939 -0.05992153
v -0.047327347 -0.050822224 -0.05845908
v -0.06029513 -0.037951518 -0.0584591
v -0.045977253 -0.05026011 -0.05992151
v -0.07912781 -0.036599394 -0.059921537
v -0.047329385 -0.069092795 -0.05845908
v -0.0785657 -0.037949484 -0.058459103
v -0.045977253 -0.06964998 -0.05992151
v -0.09278854 -0.050360076 -0.059921537
v -0.060200084 -0.08206059 -0.0584591
v -0.09143642 -0.05091726 -0.058459103
v -0.05963797 -0.08341068 -0.05992153
v -0.09278854 -0.06974995 -0.059921537
v -0.07847068 -0.08205855 -0.058459103
v -0.091438465 -0.06918784 -0.058459103
v -0.079027854 -0.08341068 -0.059921537
v -0.059742853 -0.040485542 -0.08561984
v -0.045977194 -0.050260123 -0.08141664
v -0.059737895 -0.036599394 -0.081416674
v -0.049857467 -0.051875677 -0.0856198
v -0.077512175 -0.040479682 -0.08561982
v -0.045977194 -0.06964998 -0.08141664
v -0.07912774 -0.0365994 -0.08141665
v -0.04986333 -0.06804859 -0.0856198
v -0.08890232 -0.05196148 -0.08561983
v -0.05963793 -0.08341068 -0.081416674
v -0.09278847 -0.050360087 -0.08141666
v -0.059657052 -0.079530396 -0.08561984
v -0.08890818 -0.068134405 -0.08561983
v -0.07902781 -0.08341068 -0.08141665
v -0.09278847 -0.06974995 -0.08141666
v -0.0774264 -0.07952454 -0.08561982
v -0.05871978 -0.034128215 0.24065317
v -0.04557864 -0.050094087 0.24289803
v -0.05957507 -0.03620376 0.24289802
v -0.043506224 -0.049231242 0.24065319
v -0.08015683 -0.03412822 0.24065317
v -0.045581773 -0.069813006 0.24289803
v -0.079293996 -0.03620063 0.24289802
v -0.043506224 -0.070668295 0.24065319
v -0.095259875 -0.049341757 0.24065314
v -0.05947209 -0.08380945 0.24289802
v -0.09318434 -0.050197043 0.242898
v -0.058609247 -0.08588186 0.24065317
v -0.095259875 -0.070778824 0.24065314
v -0.07919105 -0.08380632 0.24289802
v -0.09318747 -0.06991597 0.242898
v -0.080046326 -0.08588186 0.24065317
v -0.059575018 -0.036203757 0.2228192
v -0.043506186 -0.049231246 0.22506407
v -0.058719736 -0.03412821 0.22506404
v -0.04557859 -0.050094094 0.22281921
v -0.07929394 -0.03620063 0.2228192
v -0.043506186 -0.0706683 0.22506407
v -0.08015679 -0.03412822 0.22506404
v -0.045581724 -0.06981301 0.22281921
v -0.09318426 -0.050197057 0.22281916
v -0.05860923 -0.08588186 0.22506404
v -0.095259815 -0.049341768 0.22506402
v -0.059472073 -0.08380945 0.2228192
v -0.0931874 -0.06991598 0.22281916
v -0.08004628 -0.08588186 0.22506404
v -0.095259815 -0.070778824 0.22506402
v -0.079190984 -0.08380631 0.2228192
v 0.036920693 -0.05524718 -0.06667919
v 0.042729393 -0.05524718 -0.08579514
v 0.04272505 -0.055247176 -0.06521547
v 0.036922798 -0.05524718 -0.083758704
v 0.027154278 -0.05524718 -0.055347
v 0.033469945 -0.055247188 -0.10007974
v 0.030450847 -0.05524718 -0.04889856
v 0.029628549 -0.055247188 -0.09476918
v 0.004010924 -0.055247188 -0.05158287
v 0.0185715 -0.055247188 -0.10863178
v -0.008934881 -0.055247188 -0.037294656
v 0.018328868 -0.055247188 -0.09858858
v 0.0040153754 -0.05524719 -0.09601679
v -0.009601408 -0.055247195 -0.11040775
v 0.042729393 -0.064762875 -0.08579514
v 0.036920693 -0.064762875 -0.06667919
v 0.04272505 -0.064762875 -0.06521547
v 0.036922798 -0.064762875 -0.083758704
v 0.027154278 -0.064762875 -0.055347
v 0.033469945 -0.064762875 -0.10007974
v 0.030450847 -0.064762875 -0.04889856
v 0.029628549 -0.064762875 -0.09476918
v 0.004010924 -0.064762875 -0.05158287
v 0.0185715 -0.064762875 -0.10863178
v -0.008934881 -0.064762875 -0.037294656
v 0.018328868 -0.064762875 -0.09858858
v 0.0040153754 -0.064762875 -0.09601679
v -0.009601408 -0.064762875 -0.11040775
v -0.059227187 0.0031560278 0.217834
v -0.061741754 0.0031560278 0.17226577
v -0.059227154 0.0031560278 0.1668986
v -0.061741784 0.0031560278 0.21246682
v -0.077541225 0.0031560278 0.17226575
v -0.08005585 0.0031560278 0.217834
v -0.08005581 0.0031560278 0.1668986
v -0.07754125 0.0031560278 0.21246682
v -0.049456924 -0.0517088 0.4093205
v -0.062195968 -0.042563856 0.411762
v -0.06117195 -0.040078867 0.4093205
v -0.051941916 -0.052743424 0.411762
v -0.0766447 -0.042563856 0.411762
v -0.049456924 -0.06821617 0.4093205
v -0.077679336 -0.04007887 0.4093205
v -0.051941905 -0.067192145 0.411762
v -0.086824276 -0.05281791 0.411762
v -0.061086833 -0.07993121 0.4093205
v -0.08930926 -0.051793892 0.4093205
v -0.062121484 -0.077446215 0.411762
v -0.086824276 -0.06726665 0.411762
v -0.07759424 -0.079931214 0.4093205
v -0.08930926 -0.06830128 0.4093205
v -0.07657021 -0.07744622 0.411762
v -0.04350617 -0.049231246 0.13203931
v -0.058719765 -0.034128215 0.14762843
v -0.05871972 -0.03412821 0.13203931
v -0.043506213 -0.049231242 0.14762843
v -0.08015682 -0.03412822 0.14762843
v -0.04350617 -0.0706683 0.13203931
v -0.08015677 -0.03412822 0.13203931
v -0.043506213 -0.070668295 0.14762843
v -0.09525987 -0.049341757 0.1476284
v -0.058609214 -0.08588186 0.13203931
v -0.0952598 -0.049341768 0.13203928
v -0.058609232 -0.08588186 0.14762843
v -0.09525987 -0.070778824 0.1476284
v -0.08004626 -0.08588186 0.13203931
v -0.0952598 -0.070778824 0.13203928
v -0.08004632 -0.08588186 0.14762843
v -0.043506186 -0.049231246 0.22506407
v -0.05871978 -0.034128215 0.24065317
v -0.058719736 -0.03412821 0.22506404
v -0.043506224 -0.049231242 0.24065319
v -0.08015683 -0.03412822 0.24065317
v -0.043506186 -0.0706683 0.22506407
v -0.08015679 -0.03412822 0.22506404
v -0.043506224 -0.070668295 0.24065319
v -0.095259875 -0.049341757 0.24065314
v -0.05860923 -0.08588186 0.22506404
v -0.095259815 -0.049341768 0.22506402
v -0.058609247 -0.08588186 0.24065317
v -0.095259875 -0.070778824 0.24065314
v -0.08004628 -0.08588186 0.22506404
v -0.095259815 -0.070778824 0.22506402
v -0.080046326 -0.08588186 0.24065317
v -0.048998617 -0.06736855 0.4052639
v -0.04751361 -0.060005035 0.42258126
v -0.04899863 -0.06736855 0.42258126
v -0.044973508 -0.06736859 0.42258126
v -0.044973485 -0.06736859 0.4052639
v -0.043488488 -0.060005035 0.42258126
v -0.048310712 -0.060005035 0.40526396
v -0.048998598 -0.06273984 0.39807364
v -0.048998617 -0.052641515 0.4052639
v -0.04899863 -0.05264152 0.42258117
v -0.048998598 -0.057270236 0.39807358
v -0.044973463 -0.05727022 0.39807358
v -0.044973463 -0.06273985 0.39807364
v -0.044285584 -0.060005035 0.40526396
v -0.044973485 -0.05264148 0.4052639
v -0.044973508 -0.052641485 0.42258117
v -0.06401089 -0.07809325 0.099146344
v -0.05443124 -0.07836886 0.097522244
v -0.055554975 -0.07836886 0.10142485
v -0.0629652 -0.07809325 0.09524374
v -0.06352072 -0.08048038 0.0971862
v -0.054759372 -0.08072052 0.099546656
v -0.048164718 -0.07467987 0.099209465
v -0.04921042 -0.07467987 0.10311206
v -0.048119657 -0.07690734 0.10131288
v -0.06401087 -0.07809325 0.08883084
v -0.054431237 -0.07836886 0.087206826
v -0.055554975 -0.07836886 0.09110943
v -0.0629652 -0.07809325 0.084928274
v -0.06352072 -0.08048038 0.08687087
v -0.054759376 -0.08072052 0.08923122
v -0.04816473 -0.07467987 0.08889401
v -0.049210418 -0.07467987 0.092796594
v -0.048119653 -0.07690734 0.09099751
v -0.064010926 -0.07809325 0.07676594
v -0.054431267 -0.07836886 0.07514191
v -0.055555012 -0.07836886 0.07904452
v -0.06296522 -0.07809325 0.07286332
v -0.06352077 -0.08048038 0.074805886
v -0.054759406 -0.08072052 0.07716635
v -0.04816475 -0.07467987 0.07682916
v -0.049210455 -0.07467987 0.080731735
v -0.048119705 -0.07690734 0.078932635
v -0.06401086 -0.07809325 0.06467383
v -0.0544312 -0.07836886 0.06304977
v -0.055554952 -0.07836886 0.06695238
v -0.06296517 -0.07809325 0.060771268
v -0.06352069 -0.08048038 0.062713794
v -0.054759342 -0.08072052 0.06507415
v -0.048164673 -0.07467987 0.06473698
v -0.04921037 -0.07467987 0.06863956
v -0.048119616 -0.07690734 0.06684042
v -0.06401089 -0.07809325 0.051488392
v -0.054431226 -0.07836886 0.049864367
v -0.055554975 -0.07836886 0.05376695
v -0.0629652 -0.07809325 0.047585804
v -0.06352072 -0.08048038 0.04952833
v -0.054759372 -0.08072052 0.05188874
v -0.048164714 -0.07467987 0.0515516
v -0.04921042 -0.07467987 0.055454224
v -0.048119653 -0.07690734 0.053655062
v -0.06401085 -0.07809325 0.03647419
v -0.054431234 -0.078368865 0.034850143
v -0.055554967 -0.07836887 0.038752735
v -0.06296516 -0.07809325 0.032571606
v -0.0635207 -0.08048038 0.03451414
v -0.054759365 -0.08072053 0.036874518
v -0.04816471 -0.07467987 0.036537357
v -0.04921041 -0.07467987 0.040439934
v -0.048119653 -0.07690733 0.038640838
v -0.06401085 -0.07809325 0.020652052
v -0.054431226 -0.07836887 0.019028015
v -0.05555497 -0.07836887 0.022930598
v -0.062965155 -0.07809325 0.016749466
v -0.063520685 -0.08048039 0.018691987
v -0.05475937 -0.08072053 0.021052387
v -0.048164696 -0.07467987 0.020715205
v -0.0492104 -0.07467987 0.024617802
v -0.048119634 -0.07690734 0.022818668
v -0.06401084 -0.07809325 0.00244963
v -0.05443119 -0.07836887 0.0008256141
v -0.055554926 -0.07836887 0.004728199
v -0.06296515 -0.07809325 -0.0014529547
v -0.063520685 -0.08048039 0.00048958097
v -0.05475932 -0.08072053 0.0028500145
v -0.048164662 -0.07467987 0.002512829
v -0.04921036 -0.07467987 0.0064154277
v -0.048119605 -0.07690733 0.0046163043
v -0.0812202 -0.074612446 -0.024789346
v -0.07482058 -0.077241346 -0.018712308
v -0.08226593 -0.074612446 -0.020886764
v -0.0737749 -0.07724135 -0.022614893
v -0.08177578 -0.076999575 -0.022846827
v -0.07433043 -0.079628475 -0.020672372
v -0.054431245 -0.07836887 -0.017299443
v -0.055554986 -0.07836887 -0.013396859
v -0.054759376 -0.08072054 -0.01527507
v -0.04816473 -0.07467987 -0.015612228
v -0.049210433 -0.07467987 -0.011709629
v -0.04811967 -0.07690733 -0.013508767
v -0.08130725 -0.074015826 -0.03919719
v -0.073237866 -0.07709717 -0.033028293
v -0.08235295 -0.074015826 -0.03529461
v -0.07219218 -0.07709717 -0.03693088
v -0.08186279 -0.07640295 -0.037254643
v -0.07274771 -0.07948429 -0.034988355
v -0.06591659 -0.07808092 -0.03126477
v -0.06527444 -0.08046387 -0.03318483
v -0.06482844 -0.07809406 -0.035171013
v -0.055642888 -0.077206776 -0.028539004
v -0.054519147 -0.077206776 -0.03244162
v -0.054847278 -0.07955844 -0.03041722
v -0.04816474 -0.07467987 -0.0307544
v -0.04921043 -0.07467987 -0.026851786
v -0.04811968 -0.07690733 -0.028650926
v -0.049456853 -0.0517088 0.24222623
v -0.06117195 -0.040078867 0.4093205
v -0.06117188 -0.040078867 0.24222621
v -0.049456924 -0.0517088 0.4093205
v -0.077679336 -0.04007887 0.4093205
v -0.049456853 -0.06821617 0.24222623
v -0.07767926 -0.040078867 0.24222621
v -0.049456924 -0.06821617 0.4093205
v -0.08930926 -0.051793892 0.4093205
v -0.061086785 -0.079931214 0.24222621
v -0.089309186 -0.051793903 0.24222621
v -0.061086833 -0.07993121 0.4093205
v -0.08930926 -0.06830128 0.4093205
v -0.07759416 -0.079931214 0.24222621
v -0.089309186 -0.06830128 0.24222621
v -0.07759424 -0.079931214 0.4093205
v -0.042765737 -0.050372344 0.26865742
v -0.04502982 -0.07221226 0.2709215
v -0.04502982 -0.048819233 0.2709215
v -0.042765737 -0.07065915 0.26865742
v -0.043798435 -0.047418933 0.26969013
v -0.04715114 -0.048819233 0.2688002
v -0.045919757 -0.047418922 0.2675688
v -0.04715114 -0.072212264 0.2688002
v -0.043798435 -0.07361256 0.26969013
v -0.044887055 -0.050372336 0.2665361
v -0.045919757 -0.07361257 0.2675688
v -0.03397796 -0.07361256 0.25986964
v -0.044887055 -0.07065915 0.2665361
v -0.03609928 -0.07361256 0.25774834
v -0.034754 -0.050704855 0.26064566
v -0.03687532 -0.050704855 0.25852436
v -0.03687532 -0.070326634 0.25852436
v -0.034754 -0.070326634 0.26064566
v -0.03609928 -0.047418926 0.25774834
v -0.03223323 -0.07162849 0.25812492
v -0.03397796 -0.047418933 0.25986964
v -0.034354545 -0.049403004 0.2560036
v -0.034354545 -0.071628496 0.2560036
v -0.03223323 -0.049403004 0.25812492
vt 0.75439453 0.9350586
vt 0.7583008 0.9375
vt 0.7583008 0.9350586
vt 0.75439453 0.9375
vt 0.7573242 0.93896484
vt 0.7553711 0.93896484
vt 0.75439453 0.9375
vt 0.7583008 0.9350586
vt 0.75439453 0.9350586
vt 0.7583008 0.9375
vt 0.7573242 0.93896484
vt 0.7553711 0.93896484
vt 0.75439453 0.9355469
vt 0.75683594 0.9350586
vt 0.75439453 0.9350586
vt 0.75683594 0.9355469
vt 0.75439453 0.9379883
vt 0.75683594 0.9379883
vt 0.75683594 0.93847656
vt 0.75439453 0.93847656
vt 0.7573242 0.9350586
vt 0.7573242 0.9355469
vt 0.7573242 0.9355469
vt 0.7573242 0.9350586
vt 0.75439453 0.9355469
vt 0.75439453 0.9350586
vt 0.7548828 0.9355469
vt 0.7578125 0.9350586
vt 0.7548828 0.9350586
vt 0.7578125 0.9355469
vt 0.7583008 0.9350586
vt 0.7583008 0.9355469
vt 0.7578125 0.9379883
vt 0.7583008 0.9379883
vt 0.7583008 0.93847656
vt 0.7578125 0.93847656
vt 0.7548828 0.9379883
vt 0.7548828 0.93847656
vt 0.7573242 0.9379883
vt 0.7573242 0.93847656
vt 0.7573242 0.9379883
vt 0.7573242 0.93847656
vt 0.75439453 0.9379883
vt 0.75439453 0.93847656
vt 0.7578125 0.9379883
vt 0.75683594 0.9355469
vt 0.75683594 0.9379883
vt 0.7578125 0.9355469
vt 0.7573242 0.9355469
vt 0.7578125 0.9355469
vt 0.7573242 0.9355469
vt 0.75683594 0.9355469
vt 0.7548828 0.9379883
vt 0.75439453 0.9379883
vt 0.7573242 0.9379883
vt 0.7578125 0.9379883
vt 0.75439453 0.9350586
vt 0.7583008 0.9370117
vt 0.7583008 0.9350586
vt 0.75439453 0.9370117
vt 0.75439453 0.9350586
vt 0.75439453 0.9379883
vt 0.75634766 0.9350586
vt 0.7583008 0.9350586
vt 0.75634766 0.9350586
vt 0.7578125 0.9350586
vt 0.7558594 0.9394531
vt 0.7578125 0.9394531
vt 0.75683594 0.93896484
vt 0.75439453 0.9350586
vt 0.7558594 0.93896484
vt 0.7578125 0.9350586
vt 0.75439453 0.9350586
vt 0.7583008 0.9350586
vt 0.7553711 0.9370117
vt 0.7573242 0.93896484
vt 0.7573242 0.9350586
vt 0.7553711 0.93896484
vt 0.75634766 0.9350586
vt 0.75634766 0.9379883
vt 0.7583008 0.9350586
vt 0.75439453 0.9350586
vt 0.75439453 0.9350586
vt 0.75634766 0.9350586
vt 0.75439453 0.9394531
vt 0.75683594 0.9394531
vt 0.7578125 0.9370117
vt 0.75439453 0.9370117
vt 0.7548828 0.9370117
vt 0.75439453 0.9370117
vt 0.7583008 0.9370117
vt 0.7583008 0.9370117
vt 0.7548828 0.9350586
vt 0.75634766 0.9350586
vt 0.7548828 0.9350586
vt 0.7578125 0.9370117
vt 0.75439453 0.93896484
vt 0.7583008 0.9350586
vt 0.75439453 0.9350586
vt 0.7583008 0.93896484
vt 0.7583008 0.93896484
vt 0.75439453 0.9350586
vt 0.75439453 0.93896484
vt 0.7583008 0.9350586
vt 0.7583008 0.93847656
vt 0.75439453 0.9355469
vt 0.75439453 0.93847656
vt 0.7583008 0.9355469
vt 0.7583008 0.93847656
vt 0.75439453 0.9355469
vt 0.75439453 0.93847656
vt 0.7583008 0.9355469
vt 0.75439453 0.9370117
vt 0.7583008 0.9350586
vt 0.75439453 0.9350586
vt 0.7583008 0.9370117
vt 0.7583008 0.93896484
vt 0.75439453 0.93896484
vt 0.7583008 0.9350586
vt 0.75634766 0.93896484
vt 0.75634766 0.9350586
vt 0.75439453 0.93896484
vt 0.75439453 0.9350586
vt 0.75634766 0.9350586
vt 0.75439453 0.9350586
vt 0.75634766 0.93896484
vt 0.7583008 0.9350586
vt 0.7583008 0.93896484
vt 0.7583008 0.9370117
vt 0.75439453 0.9370117
vt 0.7583008 0.93896484
vt 0.75439453 0.93896484
vt 0.7583008 0.93896484
vt 0.75439453 0.9350586
vt 0.75439453 0.93896484
vt 0.7583008 0.9350586
vt 0.9785156 0.9394531
vt 0.97802734 0.9350586
vt 0.97802734 0.9394531
vt 0.9785156 0.9350586
vt 0.9794922 0.9394531
vt 0.9794922 0.9350586
vt 0.97998047 0.9394531
vt 0.97998047 0.9350586
vt 0.98095703 0.9394531
vt 0.98095703 0.9350586
vt 0.9814453 0.9394531
vt 0.9814453 0.9350586
vt 0.9824219 0.9394531
vt 0.9824219 0.9350586
vt 0.90966797 0.9355469
vt 0.91015625 0.93896484
vt 0.91015625 0.9355469
vt 0.90966797 0.93896484
vt 0.9086914 0.9355469
vt 0.9086914 0.93896484
vt 0.9082031 0.9355469
vt 0.9082031 0.93896484
vt 0.90722656 0.9355469
vt 0.90722656 0.93896484
vt 0.9067383 0.9355469
vt 0.9067383 0.93896484
vt 0.9057617 0.9355469
vt 0.9057617 0.93896484
vt 0.9091797 0.93603516
vt 0.90771484 0.93603516
vt 0.9086914 0.93603516
vt 0.9067383 0.93603516
vt 0.90966797 0.93603516
vt 0.90722656 0.93603516
vt 0.9067383 0.93847656
vt 0.90771484 0.93847656
vt 0.90722656 0.93847656
vt 0.9091797 0.93847656
vt 0.90966797 0.93847656
vt 0.9086914 0.93847656
vt 0.90966797 0.9355469
vt 0.91015625 0.9394531
vt 0.91015625 0.9355469
vt 0.90966797 0.9394531
vt 0.9086914 0.9355469
vt 0.9086914 0.9394531
vt 0.9082031 0.9355469
vt 0.9082031 0.9394531
vt 0.90722656 0.9355469
vt 0.90722656 0.9394531
vt 0.9067383 0.9355469
vt 0.9067383 0.9394531
vt 0.9057617 0.9355469
vt 0.9057617 0.9394531
vt 0.7573242 0.9350586
vt 0.7578125 0.93896484
vt 0.7578125 0.9350586
vt 0.7573242 0.93896484
vt 0.75683594 0.9350586
vt 0.75683594 0.93896484
vt 0.7558594 0.9350586
vt 0.7558594 0.93896484
vt 0.7553711 0.9350586
vt 0.7553711 0.93896484
vt 0.75439453 0.9350586
vt 0.75439453 0.93896484
vt 0.75390625 0.9350586
vt 0.75390625 0.93896484
vt 0.75439453 0.93896484
vt 0.7553711 0.93896484
vt 0.7548828 0.93896484
vt 0.75634766 0.93896484
vt 0.75683594 0.93896484
vt 0.7558594 0.93896484
vt 0.90966797 0.93603516
vt 0.91015625 0.93896484
vt 0.91015625 0.93603516
vt 0.90966797 0.93896484
vt 0.9086914 0.93603516
vt 0.9086914 0.93896484
vt 0.9082031 0.93603516
vt 0.9082031 0.93896484
vt 0.90771484 0.93603516
vt 0.90771484 0.93896484
vt 0.90722656 0.93603516
vt 0.90722656 0.93896484
vt 0.9067383 0.93603516
vt 0.9067383 0.93896484
vt 0.58984375 0.9350586
vt 0.59228516 0.9350586
vt 0.59033203 0.9350586
vt 0.5917969 0.9350586
vt 0.5908203 0.9350586
vt 0.59375 0.9350586
vt 0.5932617 0.9350586
vt 0.5932617 0.9350586
vt 0.58984375 0.9350586
vt 0.59228516 0.9350586
vt 0.59033203 0.9350586
vt 0.5917969 0.9350586
vt 0.5908203 0.9350586
vt 0.59375 0.9350586
vt 0.5932617 0.9350586
vt 0.5932617 0.9350586
vt 0.58984375 0.9350586
vt 0.59228516 0.9350586
vt 0.59033203 0.9350586
vt 0.5917969 0.9350586
vt 0.5908203 0.9350586
vt 0.59375 0.9350586
vt 0.5932617 0.9350586
vt 0.5932617 0.9350586
vt 0.58984375 0.9350586
vt 0.59228516 0.9350586
vt 0.59033203 0.9350586
vt 0.5917969 0.9350586
vt 0.5908203 0.9350586
vt 0.59375 0.9350586
vt 0.5932617 0.9350586
vt 0.5932617 0.9350586
vt 0.58984375 0.9350586
vt 0.59228516 0.9350586
vt 0.59033203 0.9350586
vt 0.5917969 0.9350586
vt 0.5908203 0.9350586
vt 0.59375 0.9350586
vt 0.5932617 0.9350586
vt 0.5932617 0.9350586
vt 0.58984375 0.9350586
vt 0.59228516 0.9350586
vt 0.59033203 0.9350586
vt 0.5917969 0.9350586
vt 0.5908203 0.9350586
vt 0.59375 0.9350586
vt 0.5932617 0.9350586
vt 0.5932617 0.9350586
vt 0.58984375 0.9350586
vt 0.59228516 0.9350586
vt 0.59033203 0.9350586
vt 0.5917969 0.9350586
vt 0.5908203 0.9350586
vt 0.59375 0.9350586
vt 0.5932617 0.9350586
vt 0.5932617 0.9350586
vt 0.7573242 0.93896484
vt 0.75683594 0.93896484
vt 0.7578125 0.93896484
vt 0.75439453 0.93896484
vt 0.75683594 0.93896484
vt 0.7553711 0.93896484
vt 0.7573242 0.93896484
vt 0.75683594 0.93896484
vt 0.7578125 0.93896484
vt 0.75439453 0.93896484
vt 0.75683594 0.93896484
vt 0.7553711 0.93896484
vt 0.7573242 0.93896484
vt 0.75683594 0.93896484
vt 0.7578125 0.93896484
vt 0.75439453 0.93896484
vt 0.75683594 0.93896484
vt 0.7553711 0.93896484
vt 0.8378906 0.9355469
vt 0.8388672 0.9394531
vt 0.8388672 0.9355469
vt 0.8378906 0.9394531
vt 0.83740234 0.9355469
vt 0.83740234 0.9394531
vt 0.83691406 0.9355469
vt 0.83691406 0.9394531
vt 0.8359375 0.9355469
vt 0.8359375 0.9394531
vt 0.8354492 0.9355469
vt 0.8354492 0.9394531
vt 0.83447266 0.9355469
vt 0.83447266 0.9394531
vt 0.5917969 0.9350586
vt 0.59228516 0.9345703
vt 0.5917969 0.9345703
vt 0.59277344 0.93603516
vt 0.59228516 0.93603516
vt 0.5932617 0.9350586
vt 0.59277344 0.9345703
vt 0.5932617 0.93603516
vt 0.5917969 0.9355469
vt 0.59228516 0.9345703
vt 0.5917969 0.9345703
vt 0.59277344 0.93603516
vt 0.59228516 0.93603516
vt 0.59277344 0.9350586
vt 0.59277344 0.9345703
vt 0.59277344 0.93603516
vt 0.5917969 0.9355469
vt 0.5917969 0.9345703
vt 0.5917969 0.9345703
vt 0.59277344 0.93603516
vt 0.5917969 0.93603516
vt 0.59277344 0.9355469
vt 0.59277344 0.9345703
vt 0.59277344 0.93603516
vt 0.59228516 0.9355469
vt 0.5932617 0.9355469
vt 0.59277344 0.9355469
vt 0.59228516 0.9355469
vt 0.59277344 0.9355469
vt 0.5917969 0.9355469
vt 0.5917969 0.9355469
vt 0.5917969 0.9355469
vt 0.59228516 0.9345703
vt 0.59277344 0.9350586
vt 0.59277344 0.9350586
vt 0.59228516 0.93603516
vt 0.59277344 0.9355469
vt 0.5917969 0.9350586
vt 0.5917969 0.9350586
vt 0.5917969 0.9355469
vt 0.59228516 0.9355469
vt 0.5932617 0.9355469
vt 0.59277344 0.9355469
vt 0.59228516 0.9355469
vt 0.59277344 0.9355469
vt 0.5917969 0.9355469
vt 0.5917969 0.9355469
vt 0.5917969 0.9355469
vt 0.59228516 0.9345703
vt 0.59277344 0.9350586
vt 0.59277344 0.9345703
vt 0.59228516 0.93603516
vt 0.59277344 0.9355469
vt 0.5917969 0.9350586
vt 0.5917969 0.9350586
vt 0.5917969 0.9355469
vt 0.59277344 0.9355469
vt 0.5932617 0.9355469
vt 0.59277344 0.9355469
vt 0.59277344 0.9355469
vt 0.59277344 0.9355469
vt 0.5917969 0.9355469
vt 0.59228516 0.9355469
vt 0.59228516 0.9355469
vt 0.5917969 0.9345703
vt 0.59277344 0.9350586
vt 0.59277344 0.9350586
vt 0.59228516 0.93603516
vt 0.59277344 0.9355469
vt 0.5917969 0.9350586
vt 0.5917969 0.9350586
vt 0.5917969 0.9355469
vt 0.5913086 0.9350586
vt 0.5917969 0.9350586
vt 0.5913086 0.9350586
vt 0.5917969 0.9350586
vt 0.5913086 0.9350586
vt 0.59277344 0.9350586
vt 0.59228516 0.9350586
vt 0.59228516 0.9350586
vt 0.5917969 0.9350586
vt 0.59228516 0.9345703
vt 0.5917969 0.9345703
vt 0.59228516 0.9355469
vt 0.5917969 0.9355469
vt 0.59277344 0.9350586
vt 0.59277344 0.9345703
vt 0.59277344 0.9355469
vt 0.5913086 0.9350586
vt 0.59228516 0.9350586
vt 0.5917969 0.9350586
vt 0.59228516 0.9350586
vt 0.5917969 0.9350586
vt 0.59277344 0.9350586
vt 0.59228516 0.9350586
vt 0.59228516 0.9350586
vt 0.5917969 0.9350586
vt 0.59228516 0.9345703
vt 0.5917969 0.9345703
vt 0.59228516 0.93603516
vt 0.5917969 0.9355469
vt 0.59277344 0.9350586
vt 0.59277344 0.9345703
vt 0.59277344 0.9355469
vt 0.5913086 0.9350586
vt 0.59228516 0.9350586
vt 0.5917969 0.9350586
vt 0.59228516 0.9350586
vt 0.5917969 0.9350586
vt 0.59277344 0.9350586
vt 0.59277344 0.9350586
vt 0.59277344 0.9350586
vt 0.5917969 0.9350586
vt 0.5917969 0.9345703
vt 0.5917969 0.9350586
vt 0.59228516 0.93603516
vt 0.5917969 0.9355469
vt 0.59277344 0.9350586
vt 0.59228516 0.9345703
vt 0.59277344 0.9355469
vt 0.5917969 0.9350586
vt 0.59228516 0.93603516
vt 0.5917969 0.9355469
vt 0.59228516 0.9345703
vt 0.5917969 0.9350586
vt 0.59277344 0.9350586
vt 0.59277344 0.9355469
vt 0.59277344 0.9350586
vt 0.5917969 0.9350586
vt 0.59228516 0.93603516
vt 0.5917969 0.9355469
vt 0.59228516 0.9345703
vt 0.5917969 0.9350586
vt 0.59277344 0.9350586
vt 0.59277344 0.9355469
vt 0.59277344 0.9345703
vt 0.5913086 0.9350586
vt 0.59228516 0.93603516
vt 0.5917969 0.9355469
vt 0.5917969 0.9345703
vt 0.5917969 0.9350586
vt 0.59277344 0.9350586
vt 0.59277344 0.9355469
vt 0.59228516 0.9350586
vt 0.59228516 0.9355469
vt 0.59277344 0.9350586
vt 0.59277344 0.9355469
vt 0.59228516 0.9345703
vt 0.59277344 0.9345703
vt 0.5917969 0.9350586
vt 0.5917969 0.9355469
vt 0.5917969 0.9345703
vt 0.59228516 0.93603516
vt 0.59277344 0.9350586
vt 0.59277344 0.9355469
vt 0.59228516 0.9345703
vt 0.59277344 0.9345703
vt 0.5917969 0.9350586
vt 0.5917969 0.9355469
vt 0.5917969 0.9345703
vt 0.59228516 0.93603516
vt 0.59277344 0.9350586
vt 0.59277344 0.9355469
vt 0.5917969 0.9345703
vt 0.59228516 0.9345703
vt 0.5913086 0.9350586
vt 0.5917969 0.9355469
vt 0.5917969 0.9350586
vt 0.9785156 0.9379883
vt 0.9785156 0.9379883
vt 0.9785156 0.9379883
vt 0.9785156 0.9379883
vt 0.9785156 0.9379883
vt 0.9785156 0.9379883
vt 0.9785156 0.9379883
vt 0.9785156 0.9379883
vt 0.75439453 0.93847656
vt 0.75439453 0.93847656
vt 0.75439453 0.93847656
vt 0.75439453 0.93847656
vt 0.75439453 0.93847656
vt 0.75439453 0.93847656
vt 0.75439453 0.93847656
vt 0.75439453 0.93847656
vt 0.75439453 0.93847656
vt 0.75439453 0.93847656
vt 0.75439453 0.93847656
vt 0.75439453 0.93847656
vt 0.75439453 0.93847656
vt 0.75439453 0.93847656
vt 0.75439453 0.93847656
vt 0.75439453 0.93847656
vt 0.75439453 0.93847656
vt 0.75439453 0.93847656
vt 0.75439453 0.93847656
vt 0.9790039 0.8881836
vt 0.9814453 0.88916016
vt 0.9814453 0.8881836
vt 0.9814453 0.8901367
vt 0.9790039 0.8901367
vt 0.75439453 0.93847656
vt 0.75439453 0.93847656
vt 0.75439453 0.93847656
vt 0.75439453 0.93847656
vt 0.75439453 0.93847656
vt 0.75439453 0.93847656
vt 0.75439453 0.93847656
vt 0.75439453 0.93847656
vt 0.75439453 0.93847656
vt 0.75439453 0.93847656
vt 0.98046875 0.9370117
vt 0.98046875 0.9370117
vt 0.98046875 0.9370117
vt 0.98046875 0.9370117
vt 0.98046875 0.9370117
vt 0.98046875 0.9370117
vt 0.98046875 0.9370117
vt 0.98046875 0.9370117
vt 0.98046875 0.9370117
vt 0.98046875 0.9370117
vt 0.98046875 0.9370117
vt 0.98046875 0.9370117
vt 0.98095703 0.9370117
vt 0.98046875 0.9370117
vt 0.98046875 0.9370117
vt 0.98095703 0.9370117
vt 0.98095703 0.9370117
vt 0.98046875 0.9370117
vt 0.98095703 0.9370117
vt 0.98046875 0.9370117
vt 0.98095703 0.9370117
vt 0.98046875 0.9370117
vt 0.98046875 0.9370117
vt 0.98095703 0.9370117
vt 0.98095703 0.9370117
vt 0.98095703 0.9370117
vt 0.98046875 0.9370117
vt 0.98046875 0.9370117
vt 0.98046875 0.9370117
vt 0.98046875 0.9370117
vt 0.98046875 0.9370117
vt 0.98046875 0.9370117
vt 0.98046875 0.9370117
vt 0.98046875 0.9370117
vt 0.98046875 0.9370117
vt 0.98046875 0.9370117
vt 0.98046875 0.9370117
vt 0.98046875 0.9370117
vt 0.98046875 0.9370117
vt 0.98046875 0.9370117
vt 0.98046875 0.9370117
vt 0.98046875 0.9370117
vt 0.98046875 0.9370117
vt 0.98046875 0.9370117
vt 0.98046875 0.9370117
vt 0.98046875 0.9370117
vt 0.98046875 0.9370117
vt 0.98046875 0.9370117
vt 0.98046875 0.9370117
vt 0.98046875 0.9370117
vt 0.98046875 0.9370117
vt 0.98046875 0.9370117
vt 0.98046875 0.9370117
vt 0.98046875 0.9370117
vt 0.98046875 0.9370117
vt 0.98046875 0.9370117
vt 0.98046875 0.9370117
vt 0.98046875 0.9370117
vt 0.98046875 0.9370117
vt 0.98046875 0.9370117
vt 0.98046875 0.9370117
vt 0.98046875 0.9370117
vt 0.5908203 0.9345703
vt 0.59375 0.93652344
vt 0.58935547 0.93652344
vt 0.59228516 0.9350586
vt 0.59375 0.93310547
vt 0.59277344 0.93310547
vt 0.59375 0.93359375
vt 0.5917969 0.93310547
vt 0.58935547 0.93310547
vt 0.58935547 0.93310547
vt 0.9785156 0.9370117
vt 0.9785156 0.9370117
vt 0.9785156 0.9370117
vt 0.9785156 0.9375
vt 0.9785156 0.9375
vt 0.9785156 0.9375
vt 0.9785156 0.9375
vt 0.9785156 0.9375
vt 0.9785156 0.9375
vt 0.9785156 0.9375
vt 0.9785156 0.9375
vt 0.9785156 0.9375
vt 0.9785156 0.9375
vt 0.9785156 0.9375
vt 0.9785156 0.9375
vt 0.9785156 0.9375
vt 0.9785156 0.9375
vt 0.9785156 0.9375
vt 0.9785156 0.9375
vt 0.9785156 0.9375
vt 0.9785156 0.9375
vt 0.9785156 0.9370117
vt 0.9785156 0.9375
vt 0.9785156 0.9370117
vt 0.9785156 0.9370117
vt 0.9785156 0.9370117
vt 0.9785156 0.9375
vt 0.9785156 0.9375
vt 0.9785156 0.9375
vt 0.9785156 0.9375
vt 0.9785156 0.9375
vt 0.9785156 0.9370117
vt 0.9785156 0.9370117
vt 0.9785156 0.9375
vt 0.9785156 0.9375
vt 0.9785156 0.9375
vt 0.9785156 0.9375
vt 0.9785156 0.9375
vt 0.7548828 0.93896484
vt 0.7548828 0.93896484
vt 0.7548828 0.93896484
vt 0.7548828 0.93896484
vt 0.75439453 0.93847656
vt 0.75439453 0.93847656
vt 0.75439453 0.93847656
vt 0.75439453 0.93847656
vt 0.75439453 0.93847656
vt 0.75439453 0.93847656
vt 0.75439453 0.93847656
vt 0.75439453 0.93847656
vt 0.75439453 0.93847656
vt 0.75439453 0.93847656
vt 0.75439453 0.93847656
vt 0.75439453 0.93847656
vt 0.75439453 0.93847656
vt 0.75439453 0.93847656
vt 0.75439453 0.93847656
vt 0.75439453 0.93847656
vt 0.75439453 0.9790039
vt 0.75439453 0.9790039
vt 0.75439453 0.9790039
vt 0.75439453 0.9790039
vt 0.75439453 0.9790039
vt 0.75439453 0.9790039
vt 0.75439453 0.9790039
vt 0.75439453 0.9790039
vt 0.75439453 0.9790039
vt 0.75439453 0.9790039
vt 0.75439453 0.9790039
vt 0.75439453 0.9790039
vt 0.75439453 0.9790039
vt 0.75439453 0.9790039
vt 0.75439453 0.9790039
vt 0.75439453 0.9790039
vt 0.75439453 0.9790039
vt 0.75439453 0.9790039
vt 0.75439453 0.9790039
vt 0.75439453 0.9790039
vt 0.75439453 0.93847656
vt 0.75439453 0.93847656
vt 0.75439453 0.93847656
vt 0.75439453 0.93847656
vt 0.75439453 0.93847656
vt 0.75439453 0.93847656
vt 0.75439453 0.93847656
vt 0.75439453 0.93847656
vt 0.75439453 0.93847656
vt 0.75439453 0.93847656
vt 0.75439453 0.93847656
vt 0.75439453 0.93847656
vt 0.75439453 0.93847656
vt 0.75439453 0.93847656
vt 0.75439453 0.93847656
vt 0.75439453 0.93847656
vt 0.75439453 0.93896484
vt 0.75439453 0.93896484
vt 0.75439453 0.93896484
vt 0.75439453 0.93896484
vt 0.75439453 0.93896484
vt 0.75439453 0.93896484
vt 0.75439453 0.93896484
vt 0.75439453 0.93896484
vt 0.7548828 0.93896484
vt 0.7548828 0.93896484
vt 0.7548828 0.93896484
vt 0.7548828 0.93896484
vt 0.7548828 0.93896484
vt 0.7548828 0.93896484
vt 0.7548828 0.93896484
vt 0.7548828 0.93896484
vt 0.7548828 0.93896484
vt 0.7548828 0.93896484
vt 0.7548828 0.93896484
vt 0.7548828 0.93896484
vt 0.75439453 0.9790039
vt 0.75439453 0.9790039
vt 0.75439453 0.9790039
vt 0.75439453 0.9790039
vt 0.75439453 0.9790039
vt 0.75439453 0.9790039
vt 0.75439453 0.9790039
vt 0.75439453 0.9790039
vt 0.75439453 0.93896484
vt 0.75439453 0.93896484
vt 0.75439453 0.93896484
vt 0.75439453 0.93896484
vt 0.75439453 0.93896484
vt 0.75439453 0.93896484
vt 0.75439453 0.9790039
vt 0.75439453 0.9790039
vt 0.75439453 0.9790039
vt 0.75439453 0.9790039
vt 0.75439453 0.9790039
vt 0.75439453 0.9790039
vt 0.75439453 0.9790039
vt 0.75439453 0.9790039
vt 0.75439453 0.93896484
vt 0.75439453 0.93896484
vt 0.75439453 0.93896484
vt 0.75439453 0.93896484
vt 0.75439453 0.93896484
vt 0.75439453 0.93896484
vt 0.2368164 0.3659668
vt 0.40844727 0.21118164
vt 0.2368164 0.21118164
vt 0.40844727 0.3659668
vt 0.2368164 0.5209961
vt 0.40844727 0.5209961
vt 0.2368164 0.67578125
vt 0.40844727 0.67578125
vt 0.2368164 0.8305664
vt 0.40844727 0.8305664
vt 0.2368164 0.98535156
vt 0.40844727 0.98535156
vt 0.75439453 0.93847656
vt 0.75439453 0.93847656
vt 0.75439453 0.93847656
vt 0.75439453 0.93847656
vt 0.75439453 0.93847656
vt 0.75439453 0.93847656
vt 0.75439453 0.93847656
vt 0.75439453 0.93847656
vt 0.75439453 0.93847656
vt 0.75439453 0.93847656
vt 0.75439453 0.93847656
vt 0.75439453 0.93847656
vt 0.75439453 0.93847656
vt 0.75439453 0.93847656
vt 0.75439453 0.93847656
vt 0.75439453 0.93847656
vt 0.75439453 0.93847656
vt 0.75439453 0.93847656
vt 0.75439453 0.93847656
vt 0.75439453 0.93847656
vt 0.75439453 0.93847656
vt 0.75439453 0.93847656
vt 0.75439453 0.93847656
vt 0.75439453 0.93847656
vt 0.6777344 0.9350586
vt 0.67871094 0.9355469
vt 0.67822266 0.9350586
vt 0.67871094 0.9355469
vt 0.6777344 0.9355469
vt 0.6777344 0.9355469
vt 0.6777344 0.93603516
vt 0.67871094 0.93603516
vt 0.6777344 0.9370117
vt 0.6767578 0.93652344
vt 0.6767578 0.93603516
vt 0.6767578 0.93652344
vt 0.6767578 0.9370117
vt 0.67871094 0.9370117
vt 0.6791992 0.93652344
vt 0.6791992 0.93603516
vt 0.6791992 0.9370117
vt 0.6791992 0.93652344
vt 0.67871094 0.9375
vt 0.6777344 0.9375
vt 0.67822266 0.9375
vt 0.67871094 0.9375
vt 0.6777344 0.9375
vt 0.6777344 0.9375
vt 0.67578125 0.9350586
vt 0.6801758 0.93652344
vt 0.6801758 0.9350586
vt 0.6801758 0.9379883
vt 0.67578125 0.9379883
vt 0.98046875 0.9370117
vt 0.9814453 0.93896484
vt 0.98046875 0.9379883
vt 0.9814453 0.9375
vt 0.9814453 0.9370117
vt 0.98046875 0.93603516
vt 0.9814453 0.93896484
vt 0.97998047 0.9375
vt 0.97998047 0.93896484
vt 0.9814453 0.9375
vt 0.9814453 0.9370117
vt 0.9794922 0.9370117
vt 0.98046875 0.93603516
vt 0.97998047 0.93896484
vt 0.98046875 0.9370117
vt 0.98046875 0.9379883
vt 0.97998047 0.9375
vt 0.9794922 0.9370117
vt 0.98046875 0.93603516
vt 0.75439453 0.93896484
vt 0.7583008 0.9350586
vt 0.75439453 0.9350586
vt 0.7583008 0.93896484
vt 0.7583008 0.93896484
vt 0.75439453 0.9350586
vt 0.75439453 0.93896484
vt 0.7583008 0.9350586
vt 0.75634766 0.93896484
vt 0.75439453 0.9350586
vt 0.75439453 0.93896484
vt 0.75634766 0.9350586
vt 0.7583008 0.93847656
vt 0.75439453 0.9350586
vt 0.75439453 0.93896484
vt 0.7583008 0.9350586
vt 0.7583008 0.93896484
vt 0.75439453 0.93847656
vt 0.75439453 0.93896484
vt 0.75439453 0.9350586
vt 0.75439453 0.9350586
vt 0.7583008 0.9350586
vt 0.7583008 0.93847656
vt 0.7583008 0.9350586
vt 0.7583008 0.93896484
vt 0.75439453 0.9350586
vt 0.75439453 0.93847656
vt 0.7583008 0.9350586
vt 0.75439453 0.93896484
vt 0.75439453 0.93896484
vt 0.75439453 0.93896484
vt 0.75439453 0.93896484
vt 0.75439453 0.93896484
vt 0.75439453 0.93896484
vt 0.75439453 0.93896484
vt 0.75439453 0.93896484
vt 0.75439453 0.93896484
vt 0.75439453 0.93896484
vt 0.75439453 0.93896484
vt 0.75439453 0.93896484
vt 0.75439453 0.93896484
vt 0.75439453 0.93896484
vt 0.75439453 0.93896484
vt 0.75439453 0.93896484
vt 0.75439453 0.93896484
vt 0.75439453 0.93896484
vt 0.75439453 0.93896484
vt 0.75439453 0.93896484
vt 0.75439453 0.93896484
vt 0.75439453 0.93896484
vt 0.75439453 0.93896484
vt 0.75439453 0.93896484
vt 0.75439453 0.93896484
vt 0.75439453 0.93896484
vt 0.75439453 0.93896484
vt 0.75439453 0.93896484
vt 0.75439453 0.93896484
vt 0.75439453 0.93896484
vt 0.75439453 0.93896484
vt 0.75439453 0.93896484
vt 0.7548828 0.9350586
vt 0.7558594 0.9350586
vt 0.7558594 0.9350586
vt 0.7548828 0.9350586
vt 0.7548828 0.9350586
vt 0.7548828 0.9350586
vt 0.7548828 0.9350586
vt 0.7548828 0.9350586
vt 0.7548828 0.9350586
vt 0.7548828 0.9350586
vt 0.7548828 0.9350586
vt 0.7548828 0.9350586
vt 0.7548828 0.9350586
vt 0.7548828 0.9350586
vt 0.7548828 0.9350586
vt 0.7558594 0.9350586
vt 0.7548828 0.9350586
vt 0.7558594 0.9350586
vt 0.7558594 0.9350586
vt 0.7548828 0.9350586
vt 0.7548828 0.9350586
vt 0.7548828 0.9350586
vt 0.7548828 0.9350586
vt 0.7548828 0.9350586
vt 0.7548828 0.9350586
vt 0.7548828 0.9350586
vt 0.7548828 0.9350586
vt 0.7548828 0.9350586
vt 0.7548828 0.9350586
vt 0.7548828 0.9350586
vt 0.7558594 0.9350586
vt 0.7548828 0.9350586
vt 0.7573242 0.9794922
vt 0.75634766 0.9794922
vt 0.75683594 0.9794922
vt 0.75634766 0.9794922
vt 0.7558594 0.9794922
vt 0.7558594 0.9794922
vt 0.7553711 0.9794922
vt 0.7553711 0.9794922
vt 0.7548828 0.9794922
vt 0.7548828 0.9794922
vt 0.7548828 0.9794922
vt 0.75439453 0.9794922
vt 0.75439453 0.9794922
vt 0.75390625 0.9794922
vt 0.7573242 0.9760742
vt 0.7573242 0.9760742
vt 0.7573242 0.9760742
vt 0.7573242 0.9760742
vt 0.75634766 0.9794922
vt 0.75634766 0.9770508
vt 0.7553711 0.9794922
vt 0.7553711 0.9770508
vt 0.75341797 0.9760742
vt 0.75439453 0.9794922
vt 0.75439453 0.9760742
vt 0.75683594 0.9760742
vt 0.7573242 0.9760742
vt 0.7573242 0.9760742
vt 0.7573242 0.9760742
vt 0.7558594 0.97558594
vt 0.75439453 0.9760742
vt 0.7558594 0.9760742
vt 0.75439453 0.9760742
vt 0.75439453 0.9760742
vt 0.75439453 0.9760742
vt 0.75439453 0.9760742
vt 0.75439453 0.9760742
vt 0.75683594 0.97753906
vt 0.7573242 0.97753906
vt 0.98046875 0.9350586
vt 0.9794922 0.9394531
vt 0.97802734 0.9394531
vt 0.9824219 0.9350586
vt 0.97998047 0.9379883
vt 0.9814453 0.9379883
vt 0.98095703 0.9379883
vt 0.9790039 0.9379883
vt 0.9790039 0.9379883
vt 0.9794922 0.9379883
vt 0.97802734 0.9379883
vt 0.9814453 0.9790039
vt 0.9819336 0.9819336
vt 0.9824219 0.9790039
vt 0.98095703 0.9819336
vt 0.98046875 0.9819336
vt 0.98046875 0.9790039
vt 0.9794922 0.9819336
vt 0.9794922 0.9790039
vt 0.9790039 0.9819336
vt 0.9785156 0.9790039
vt 0.97802734 0.9819336
vt 0.97753906 0.9790039
vt 0.9770508 0.9819336
vt 0.9770508 0.9790039
vt 0.9770508 0.9790039
vt 0.9790039 0.9790039
vt 0.9785156 0.9819336
vt 0.9785156 0.97998047
vt 0.97753906 0.9824219
vt 0.98095703 0.9794922
vt 0.9814453 0.9824219
vt 0.90966797 0.9785156
vt 0.90966797 0.9824219
vt 0.91015625 0.9824219
vt 0.9091797 0.9785156
vt 0.9086914 0.9824219
vt 0.9086914 0.9785156
vt 0.90771484 0.9824219
vt 0.90771484 0.9785156
vt 0.90722656 0.9824219
vt 0.90722656 0.9785156
vt 0.90625 0.9824219
vt 0.90625 0.9785156
vt 0.90527344 0.9824219
vt 0.9057617 0.9785156
vt 0.91015625 0.9785156
vt 0.9091797 0.9819336
vt 0.90966797 0.9819336
vt 0.90966797 0.9785156
vt 0.9086914 0.9819336
vt 0.9086914 0.9785156
vt 0.90771484 0.9819336
vt 0.90771484 0.9785156
vt 0.90722656 0.9819336
vt 0.90722656 0.9785156
vt 0.90625 0.9819336
vt 0.90625 0.9785156
vt 0.9057617 0.9819336
vt 0.90527344 0.9785156
vt 0.9770508 0.9824219
vt 0.9814453 0.9790039
vt 0.97802734 0.9790039
vt 0.98046875 0.9824219
vt 0.9067383 0.9375
vt 0.90771484 0.9375
vt 0.90722656 0.9375
vt 0.9086914 0.9375
vt 0.9091797 0.9375
vt 0.9082031 0.9375
vt 0.9091797 0.9785156
vt 0.9086914 0.9824219
vt 0.9086914 0.9824219
vt 0.9086914 0.9785156
vt 0.9082031 0.9824219
vt 0.9082031 0.9785156
vt 0.9082031 0.9824219
vt 0.9082031 0.9785156
vt 0.90771484 0.9824219
vt 0.90771484 0.9785156
vt 0.90722656 0.9824219
vt 0.90722656 0.9785156
vt 0.90722656 0.9824219
vt 0.9067383 0.9785156
vt 0.75439453 0.9765625
vt 0.75390625 0.9765625
vt 0.75390625 0.9770508
vt 0.7573242 0.97558594
vt 0.7573242 0.9765625
vt 0.7553711 0.9765625
vt 0.75439453 0.9790039
vt 0.7553711 0.9790039
vt 0.75390625 0.9785156
vt 0.75390625 0.9794922
vt 0.7573242 0.9790039
vt 0.7573242 0.9794922
vt 0.75390625 0.9765625
vt 0.7573242 0.9760742
vt 0.75390625 0.9760742
vt 0.7573242 0.9765625
vt 0.7573242 0.9790039
vt 0.75390625 0.9794922
vt 0.7573242 0.9790039
vt 0.75390625 0.9790039
vt 0.75439453 0.9790039
vt 0.75390625 0.9790039
vt 0.75390625 0.9794922
vt 0.7558594 0.9790039
vt 0.7558594 0.9794922
vt 0.75390625 0.9765625
vt 0.7573242 0.9760742
vt 0.75390625 0.97558594
vt 0.75683594 0.9760742
vt 0.75683594 0.9765625
vt 0.7578125 0.9790039
vt 0.7573242 0.9790039
vt 0.75390625 0.97998047
vt 0.7573242 0.97998047
vt 0.75390625 0.9790039
vt 0.7573242 0.97558594
vt 0.75390625 0.9765625
vt 0.7573242 0.9765625
vt 0.75439453 0.9760742
vt 0.75390625 0.9760742
vt 0.75439453 0.9790039
vt 0.75390625 0.9790039
vt 0.75390625 0.9794922
vt 0.7573242 0.9790039
vt 0.7573242 0.97998047
vt 0.75439453 0.9760742
vt 0.7558594 0.9760742
vt 0.75390625 0.9760742
vt 0.7558594 0.9760742
vt 0.97753906 0.98095703
vt 0.97753906 0.98095703
vt 0.97753906 0.98095703
vt 0.97753906 0.98095703
vt 0.97753906 0.98095703
vt 0.97753906 0.98095703
vt 0.97753906 0.98095703
vt 0.97753906 0.98095703
vt 0.97753906 0.98095703
vt 0.97753906 0.98095703
vt 0.97753906 0.98095703
vt 0.97753906 0.98095703
vt 0.97753906 0.98095703
vt 0.97753906 0.98095703
vt 0.97753906 0.98095703
vt 0.97753906 0.98095703
vt 0.97753906 0.98095703
vt 0.97753906 0.98095703
vt 0.97753906 0.98095703
vt 0.97753906 0.98095703
vt 0.97753906 0.98095703
vt 0.97753906 0.98095703
vt 0.97753906 0.98095703
vt 0.97753906 0.98095703
vt 0.97753906 0.98095703
vt 0.97753906 0.98095703
vt 0.97753906 0.98095703
vt 0.97753906 0.98095703
vt 0.97753906 0.98095703
vt 0.97753906 0.98095703
vt 0.97753906 0.98095703
vt 0.97753906 0.98095703
vt 0.97753906 0.98095703
vt 0.97753906 0.98095703
vt 0.7553711 0.9760742
vt 0.7573242 0.9760742
vt 0.7553711 0.9760742
vt 0.7573242 0.9760742
vt 0.7548828 0.9760742
vt 0.75634766 0.9760742
vt 0.7548828 0.9760742
vt 0.75683594 0.9760742
vt 0.75390625 0.9760742
vt 0.75634766 0.9760742
vt 0.75390625 0.9760742
vt 0.75634766 0.9760742
vt 0.75634766 0.9790039
vt 0.75390625 0.9794922
vt 0.75634766 0.9794922
vt 0.75390625 0.9790039
vt 0.75683594 0.9790039
vt 0.7548828 0.9794922
vt 0.75634766 0.9794922
vt 0.7548828 0.9790039
vt 0.7573242 0.9790039
vt 0.7553711 0.9794922
vt 0.7573242 0.9794922
vt 0.7553711 0.9790039
vt 0.7573242 0.97802734
vt 0.75683594 0.9790039
vt 0.7573242 0.97802734
vt 0.75634766 0.9790039
vt 0.7548828 0.9790039
vt 0.75390625 0.97802734
vt 0.7548828 0.9790039
vt 0.75439453 0.97802734
vt 0.7548828 0.9790039
vt 0.75390625 0.97802734
vt 0.7548828 0.9790039
vt 0.75439453 0.97802734
vt 0.7573242 0.97802734
vt 0.75683594 0.9790039
vt 0.7573242 0.97802734
vt 0.75634766 0.9790039
vt 0.9091797 0.93603516
vt 0.90771484 0.93603516
vt 0.9086914 0.93603516
vt 0.9067383 0.93603516
vt 0.90966797 0.93603516
vt 0.90722656 0.93603516
vt 0.9067383 0.93847656
vt 0.90771484 0.93847656
vt 0.90722656 0.93847656
vt 0.9091797 0.93847656
vt 0.90966797 0.93847656
vt 0.9086914 0.93847656
vt 0.83496094 0.9375
vt 0.8359375 0.9375
vt 0.8354492 0.9375
vt 0.83740234 0.9375
vt 0.8378906 0.9375
vt 0.83691406 0.9375
vt 0.90966797 0.9785156
vt 0.90966797 0.98046875
vt 0.91015625 0.98046875
vt 0.9091797 0.9785156
vt 0.9086914 0.98046875
vt 0.9086914 0.9785156
vt 0.90771484 0.98046875
vt 0.90771484 0.9785156
vt 0.90722656 0.98046875
vt 0.90722656 0.9785156
vt 0.90625 0.98046875
vt 0.9067383 0.9785156
vt 0.90527344 0.98046875
vt 0.9057617 0.9785156
vt 0.91015625 0.97998047
vt 0.9091797 0.9819336
vt 0.90966797 0.9819336
vt 0.90966797 0.97998047
vt 0.9086914 0.9819336
vt 0.9086914 0.97998047
vt 0.90771484 0.9819336
vt 0.90771484 0.97998047
vt 0.90722656 0.9819336
vt 0.90722656 0.97998047
vt 0.9067383 0.9819336
vt 0.90625 0.97998047
vt 0.9057617 0.9819336
vt 0.90527344 0.97998047
vt 0.8383789 0.9785156
vt 0.83740234 0.9819336
vt 0.8378906 0.9819336
vt 0.8378906 0.9785156
vt 0.83691406 0.9819336
vt 0.83740234 0.9785156
vt 0.8364258 0.9819336
vt 0.8364258 0.9785156
vt 0.8364258 0.9819336
vt 0.8359375 0.9785156
vt 0.8359375 0.9819336
vt 0.8354492 0.9785156
vt 0.8354492 0.9819336
vt 0.83496094 0.9785156
vt 0.75439453 0.93847656
vt 0.75439453 0.93847656
vt 0.75439453 0.93847656
vt 0.75439453 0.93847656
vt 0.75439453 0.93847656
vt 0.75439453 0.93847656
vt 0.75439453 0.93847656
vt 0.75439453 0.93847656
vt 0.75439453 0.93847656
vt 0.75439453 0.93847656
vt 0.75439453 0.93847656
vt 0.75439453 0.93847656
vt 0.75439453 0.93847656
vt 0.75439453 0.93847656
vt 0.75439453 0.93847656
vt 0.75439453 0.93847656
vt 0.75439453 0.93847656
vt 0.75439453 0.93847656
vt 0.75439453 0.93847656
vt 0.75439453 0.93847656
vt 0.9921875 0.011245728
vt 0.54003906 0.79248047
vt 0.8857422 0.8232422
vt 0.4020996 0.010314941
vt 0.7553711 0.97802734
vt 0.75634766 0.97802734
vt 0.7553711 0.97802734
vt 0.75634766 0.97802734
vt 0.75439453 0.9760742
vt 0.7548828 0.9760742
vt 0.75439453 0.9760742
vt 0.7548828 0.9760742
vt 0.7548828 0.9760742
vt 0.7553711 0.9765625
vt 0.7548828 0.9760742
vt 0.7553711 0.9765625
vt 0.7548828 0.9760742
vt 0.7553711 0.9765625
vt 0.75634766 0.9765625
vt 0.75634766 0.9765625
vt 0.7553711 0.9765625
vt 0.7553711 0.9765625
vt 0.7548828 0.9760742
vt 0.75439453 0.9760742
vt 0.75439453 0.9760742
vt 0.7553711 0.9765625
vt 0.75634766 0.9765625
vt 0.75634766 0.9765625
vt 0.7573242 0.9760742
vt 0.7573242 0.97753906
vt 0.7573242 0.9790039
vt 0.7573242 0.9760742
vt 0.75683594 0.9785156
vt 0.75683594 0.9790039
vt 0.75683594 0.9790039
vt 0.75683594 0.9790039
vt 0.75634766 0.9785156
vt 0.75634766 0.97802734
vt 0.75634766 0.9785156
vt 0.75634766 0.97802734
vt 0.7573242 0.9790039
vt 0.75683594 0.9790039
vt 0.75683594 0.9790039
vt 0.75683594 0.9790039
vt 0.7573242 0.9760742
vt 0.7573242 0.9760742
vt 0.75634766 0.97802734
vt 0.75634766 0.9785156
vt 0.75439453 0.9770508
vt 0.75439453 0.9770508
vt 0.75439453 0.9770508
vt 0.7548828 0.9770508
vt 0.7553711 0.97753906
vt 0.7553711 0.97753906
vt 0.7553711 0.97753906
vt 0.7553711 0.97753906
vt 0.75634766 0.97753906
vt 0.75634766 0.97753906
vt 0.75634766 0.97753906
vt 0.75634766 0.97753906
vt 0.7553711 0.97753906
vt 0.7553711 0.97753906
vt 0.75634766 0.97753906
vt 0.75439453 0.9770508
vt 0.75634766 0.97753906
vt 0.75634766 0.97753906
vt 0.75634766 0.97753906
vt 0.7548828 0.9770508
vt 0.75439453 0.9770508
vt 0.75439453 0.9770508
vt 0.7548828 0.9350586
vt 0.75439453 0.9350586
vt 0.75439453 0.93603516
vt 0.7548828 0.93603516
vt 0.7558594 0.9355469
vt 0.7558594 0.93652344
vt 0.75683594 0.9355469
vt 0.75683594 0.93652344
vt 0.8388672 0.97998047
vt 0.83496094 0.9794922
vt 0.83496094 0.97998047
vt 0.8388672 0.9794922
vt 0.83740234 0.93896484
vt 0.8354492 0.9394531
vt 0.83740234 0.9394531
vt 0.8354492 0.93896484
vt 0.8354492 0.9355469
vt 0.83740234 0.9355469
vt 0.8354492 0.9350586
vt 0.83740234 0.9350586
vt 0.7583008 0.9350586
vt 0.7578125 0.93896484
vt 0.7583008 0.9350586
vt 0.7578125 0.93896484
vt 0.7558594 0.9350586
vt 0.7553711 0.9350586
vt 0.7553711 0.9350586
vt 0.7558594 0.9350586
vt 0.7558594 0.9370117
vt 0.75683594 0.9370117
vt 0.75683594 0.9370117
vt 0.7558594 0.9370117
vt 0.7558594 0.9370117
vt 0.7548828 0.9370117
vt 0.7558594 0.9370117
vt 0.7548828 0.9370117
vt 0.75439453 0.9370117
vt 0.75439453 0.9370117
vt 0.75683594 0.93847656
vt 0.7558594 0.9375
vt 0.75683594 0.9375
vt 0.7558594 0.93847656
vt 0.7553711 0.97802734
vt 0.75634766 0.97802734
vt 0.75634766 0.97802734
vt 0.7553711 0.97802734
vt 0.75683594 0.9355469
vt 0.75683594 0.93652344
vt 0.7558594 0.93652344
vt 0.7558594 0.9355469
vt 0.7548828 0.93603516
vt 0.7548828 0.9350586
vt 0.75439453 0.93603516
vt 0.75439453 0.9350586
vt 0.83496094 0.9794922
vt 0.8388672 0.97998047
vt 0.83496094 0.97998047
vt 0.8388672 0.9794922
vt 0.7548828 0.93847656
vt 0.7548828 0.93847656
vt 0.7548828 0.93847656
vt 0.7548828 0.93847656
vt 0.7548828 0.93847656
vt 0.7548828 0.93847656
vt 0.7548828 0.93847656
vt 0.7548828 0.93847656
vt 0.8388672 0.9350586
vt 0.83496094 0.9350586
vt 0.83496094 0.9350586
vt 0.8388672 0.9350586
vt 0.7558594 0.93847656
vt 0.75683594 0.93847656
vt 0.75683594 0.93847656
vt 0.7558594 0.93847656
vt 0.75683594 0.9350586
vt 0.7558594 0.9350586
vt 0.7558594 0.9350586
vt 0.75683594 0.9350586
vt 0.7548828 0.9350586
vt 0.75439453 0.9350586
vt 0.75439453 0.9350586
vt 0.7548828 0.9350586
vt 0.7573242 0.93652344
vt 0.7573242 0.9370117
vt 0.7573242 0.93652344
vt 0.7573242 0.9370117
vt 0.75683594 0.9370117
vt 0.75683594 0.9370117
vt 0.75683594 0.9370117
vt 0.75683594 0.9370117
vt 0.7573242 0.93652344
vt 0.7573242 0.9350586
vt 0.7573242 0.93652344
vt 0.7573242 0.93652344
vt 0.75683594 0.93652344
vt 0.7573242 0.9370117
vt 0.7573242 0.9350586
vt 0.7573242 0.9370117
vt 0.7573242 0.9370117
vt 0.7573242 0.9370117
vt 0.7573242 0.9375
vt 0.7573242 0.9375
vt 0.7573242 0.93652344
vt 0.7573242 0.9350586
vt 0.7573242 0.9350586
vt 0.7573242 0.93652344
vt 0.7583008 0.9350586
vt 0.7578125 0.93652344
vt 0.7578125 0.93652344
vt 0.7573242 0.93652344
vt 0.7578125 0.9375
vt 0.7573242 0.9370117
vt 0.7573242 0.9370117
vt 0.7578125 0.93896484
vt 0.7578125 0.9379883
vt 0.7573242 0.9375
vt 0.7573242 0.9375
vt 0.7573242 0.9370117
vt 0.7573242 0.9379883
vt 0.7573242 0.9379883
vt 0.7573242 0.9375
vt 0.7573242 0.9379883
vt 0.7578125 0.93896484
vt 0.7578125 0.93896484
vt 0.7578125 0.93896484
vt 0.7578125 0.93896484
vt 0.7578125 0.93896484
vt 0.7573242 0.9370117
vt 0.7573242 0.9375
vt 0.7573242 0.9375
vt 0.7573242 0.9350586
vt 0.7573242 0.93603516
vt 0.7578125 0.9375
vt 0.7578125 0.9375
vt 0.7578125 0.93603516
vt 0.7583008 0.9350586
vt 0.7578125 0.93603516
vt 0.7573242 0.9350586
vt 0.7573242 0.93603516
vt 0.75634766 0.9770508
vt 0.75634766 0.9770508
vt 0.75634766 0.9770508
vt 0.75634766 0.9770508
vt 0.75634766 0.97753906
vt 0.75634766 0.97802734
vt 0.75634766 0.97802734
vt 0.75634766 0.97802734
vt 0.75634766 0.97802734
vt 0.75634766 0.97802734
vt 0.7573242 0.93652344
vt 0.7573242 0.93652344
vt 0.7573242 0.93652344
vt 0.7573242 0.93652344
vt 0.7573242 0.9370117
vt 0.7573242 0.9370117
vt 0.7573242 0.9370117
vt 0.7573242 0.9370117
vt 0.7573242 0.9370117
vt 0.7573242 0.93652344
vt 0.7573242 0.93652344
vt 0.7573242 0.9370117
vt 0.83496094 0.9355469
vt 0.8388672 0.93896484
vt 0.8388672 0.9355469
vt 0.83496094 0.93896484
vt 0.8388672 0.98046875
vt 0.83496094 0.98095703
vt 0.8388672 0.98095703
vt 0.83496094 0.98046875
vt 0.7553711 0.9790039
vt 0.75634766 0.9790039
vt 0.7553711 0.9790039
vt 0.75634766 0.9790039
vt 0.8388672 0.93896484
vt 0.83496094 0.9355469
vt 0.8388672 0.9355469
vt 0.83496094 0.93896484
vt 0.83496094 0.98095703
vt 0.8388672 0.98046875
vt 0.8388672 0.98095703
vt 0.83496094 0.98046875
vt 0.7553711 0.9790039
vt 0.75634766 0.9790039
vt 0.7553711 0.9790039
vt 0.75634766 0.9790039
vt 0.7558594 0.9370117
vt 0.75683594 0.9370117
vt 0.7558594 0.9370117
vt 0.75683594 0.9370117
vt 0.8388672 0.9394531
vt 0.83496094 0.9394531
vt 0.8388672 0.9394531
vt 0.83496094 0.9394531
vt 0.20922852 0.018997192
vt 0.011039734 0.9897461
vt 0.20935059 0.9897461
vt 0.011024475 0.018997192
vt 0.67871094 0.9375
vt 0.6767578 0.93652344
vt 0.6777344 0.9375
vt 0.6801758 0.9355469
vt 0.6796875 0.93652344
vt 0.67626953 0.9355469
vt 0.75439453 0.9350586
vt 0.7583008 0.93896484
vt 0.7583008 0.9350586
vt 0.75439453 0.93896484
vt 0.75439453 0.93896484
vt 0.7583008 0.9350586
vt 0.75439453 0.9350586
vt 0.7583008 0.93896484
vt 0.75634766 0.93896484
vt 0.75439453 0.9350586
vt 0.75439453 0.93896484
vt 0.75634766 0.9350586
vt 0.7583008 0.93847656
vt 0.75439453 0.9350586
vt 0.75439453 0.93896484
vt 0.7583008 0.9350586
vt 0.7583008 0.93896484
vt 0.75439453 0.9350586
vt 0.75439453 0.93847656
vt 0.7583008 0.9350586
vt 0.75439453 0.9760742
vt 0.75390625 0.9760742
vt 0.75390625 0.9765625
vt 0.7558594 0.9760742
vt 0.7558594 0.9760742
vt 0.75439453 0.9760742
vt 0.75390625 0.9760742
vt 0.75390625 0.9765625
vt 0.75439453 0.9790039
vt 0.75390625 0.9790039
vt 0.75390625 0.9794922
vt 0.7573242 0.9790039
vt 0.7578125 0.98046875
vt 0.7578125 0.97509766
vt 0.75390625 0.97509766
vt 0.7573242 0.9765625
vt 0.75439453 0.9790039
vt 0.75390625 0.9790039
vt 0.75390625 0.9794922
vt 0.7558594 0.9790039
vt 0.7558594 0.9794922
vt 0.75390625 0.9765625
vt 0.7578125 0.97509766
vt 0.75390625 0.97509766
vt 0.7573242 0.9760742
vt 0.7578125 0.9790039
vt 0.7578125 0.9760742
vt 0.7573242 0.9790039
vt 0.75390625 0.98046875
vt 0.7578125 0.98046875
vt 0.75390625 0.9790039
vt 0.7558594 0.9350586
vt 0.7558594 0.93847656
vt 0.7558594 0.93896484
vt 0.7558594 0.9355469
vt 0.7553711 0.9350586
vt 0.75683594 0.9350586
vt 0.75683594 0.9350586
vt 0.7553711 0.9350586
vt 0.7558594 0.9350586
vt 0.7573242 0.9350586
vt 0.7573242 0.9350586
vt 0.7558594 0.9350586
vt 0.7573242 0.93896484
vt 0.7573242 0.9355469
vt 0.7573242 0.9350586
vt 0.7573242 0.93847656
vt 0.7573242 0.9350586
vt 0.75683594 0.9350586
vt 0.7558594 0.93847656
vt 0.7573242 0.9350586
vt 0.7548828 0.9760742
vt 0.7548828 0.9760742
vt 0.7548828 0.9760742
vt 0.7553711 0.9760742
vt 0.7553711 0.9760742
vt 0.7553711 0.9760742
vt 0.7553711 0.9790039
vt 0.75634766 0.9760742
vt 0.75634766 0.9760742
vt 0.7553711 0.9790039
vt 0.7553711 0.9790039
vt 0.7548828 0.9790039
vt 0.7553711 0.9790039
vt 0.75634766 0.9760742
vt 0.75683594 0.9760742
vt 0.75683594 0.9760742
vt 0.75634766 0.9765625
vt 0.75634766 0.9760742
vt 0.75634766 0.9790039
vt 0.75634766 0.9790039
vt 0.75634766 0.9760742
vt 0.75634766 0.9760742
vt 0.75634766 0.9760742
vt 0.75634766 0.9760742
vt 0.75634766 0.9760742
vt 0.7553711 0.9760742
vt 0.7553711 0.9760742
vt 0.75439453 0.93847656
vt 0.75439453 0.93847656
vt 0.75439453 0.93847656
vt 0.75439453 0.93847656
vt 0.75439453 0.93847656
vt 0.75439453 0.93847656
vt 0.75439453 0.93847656
vt 0.75439453 0.93847656
vt 0.75439453 0.93847656
vt 0.75439453 0.93847656
vt 0.75439453 0.93847656
vt 0.75439453 0.93847656
vt 0.75439453 0.93847656
vt 0.75439453 0.93847656
vt 0.75439453 0.93847656
vt 0.75439453 0.93847656
vt 0.75439453 0.93847656
vt 0.75439453 0.93847656
vt 0.75439453 0.93847656
vt 0.75439453 0.93847656
vt 0.75439453 0.93847656
vt 0.75439453 0.93847656
vt 0.75439453 0.93847656
vt 0.75439453 0.93847656
vt 0.75439453 0.93847656
vt 0.75439453 0.93847656
vt 0.75439453 0.93847656
vt 0.75439453 0.93847656
vt 0.75439453 0.93847656
vt 0.75439453 0.93847656
vt 0.75439453 0.93847656
vt 0.75439453 0.93847656
vt 0.75439453 0.93847656
vt 0.75439453 0.93847656
vt 0.75439453 0.93847656
vt 0.75439453 0.93847656
vt 0.75439453 0.93847656
vt 0.75439453 0.93847656
vt 0.75439453 0.93847656
vt 0.75439453 0.93847656
vt 0.75439453 0.93847656
vt 0.75439453 0.93847656
vt 0.75439453 0.93847656
vt 0.75439453 0.93847656
vt 0.75439453 0.93847656
vt 0.75439453 0.93847656
vt 0.75439453 0.93847656
vt 0.75439453 0.93847656
vt 0.75439453 0.93847656
vt 0.75439453 0.93847656
vt 0.75439453 0.93847656
vt 0.75439453 0.93847656
vt 0.75439453 0.93847656
vt 0.75439453 0.93847656
vt 0.75439453 0.93847656
vt 0.75439453 0.93847656
vt 0.75439453 0.93847656
vt 0.75439453 0.93847656
vt 0.75439453 0.93847656
vt 0.75439453 0.93847656
vt 0.75439453 0.93847656
vt 0.75439453 0.93847656
vt 0.75439453 0.93847656
vt 0.75439453 0.93847656
vt 0.75439453 0.93847656
vt 0.75439453 0.93847656
vt 0.75439453 0.93847656
vt 0.75439453 0.93847656
vt 0.75439453 0.93847656
vt 0.75439453 0.93847656
vt 0.75439453 0.93847656
vt 0.75439453 0.93847656
vt 0.75439453 0.93847656
vt 0.75439453 0.93847656
vt 0.75439453 0.93847656
vt 0.75439453 0.93847656
vt 0.75439453 0.93847656
vt 0.75439453 0.93847656
vt 0.75439453 0.93847656
vt 0.75439453 0.93847656
vt 0.75439453 0.93847656
vt 0.75439453 0.93847656
vt 0.75439453 0.93847656
vt 0.75439453 0.93847656
vt 0.75439453 0.93847656
vt 0.75439453 0.93847656
vt 0.75439453 0.93847656
vt 0.75439453 0.93847656
vt 0.75439453 0.93847656
vt 0.75439453 0.93847656
vt 0.75439453 0.93847656
vt 0.75439453 0.93847656
vt 0.75439453 0.93847656
vt 0.75439453 0.93847656
vt 0.75439453 0.93847656
vt 0.75439453 0.93847656
vt 0.75439453 0.93847656
vt 0.75439453 0.93847656
vt 0.75439453 0.93847656
vt 0.75439453 0.93847656
vt 0.75439453 0.93847656
vt 0.75439453 0.93847656
vt 0.75439453 0.93847656
vt 0.75439453 0.93847656
vt 0.75439453 0.93847656
vt 0.75439453 0.93847656
vt 0.75439453 0.93847656
vt 0.75439453 0.93847656
vt 0.75439453 0.93847656
vt 0.75439453 0.93847656
vt 0.75439453 0.93847656
vt 0.75439453 0.93847656
vt 0.75439453 0.93847656
vt 0.75439453 0.93847656
vt 0.75439453 0.93847656
vt 0.75439453 0.93847656
vt 0.75439453 0.93847656
vt 0.75439453 0.93847656
vt 0.75439453 0.93847656
vt 0.75439453 0.93847656
vt 0.75439453 0.93847656
vt 0.75439453 0.93847656
vt 0.75439453 0.93847656
vt 0.75439453 0.93847656
vt 0.75439453 0.93847656
vt 0.75439453 0.93847656
vt 0.75439453 0.93847656
vt 0.75439453 0.93847656
vt 0.75439453 0.9790039
vt 0.75439453 0.9790039
vt 0.75439453 0.9790039
vt 0.75439453 0.9790039
vt 0.75439453 0.9790039
vt 0.75439453 0.9790039
vt 0.75439453 0.9790039
vt 0.75390625 0.9790039
vt 0.75390625 0.9790039
vt 0.75390625 0.9790039
vt 0.75439453 0.9790039
vt 0.75390625 0.9790039
vt 0.75390625 0.9790039
vt 0.75390625 0.9790039
vt 0.75390625 0.9790039
vt 0.75390625 0.9790039
vt 0.75439453 0.9790039
vt 0.75439453 0.9790039
vt 0.75439453 0.9790039
vt 0.75439453 0.9790039
vt 0.75390625 0.9790039
vt 0.75390625 0.9790039
vt 0.75390625 0.9790039
vt 0.75390625 0.9790039
vt 0.75439453 0.9790039
vt 0.75439453 0.9790039
vt 0.75439453 0.9790039
vt 0.75439453 0.9790039
vt 0.75439453 0.9790039
vt 0.75439453 0.9790039
vt 0.75390625 0.9790039
vt 0.75439453 0.9790039
vt 0.75390625 0.9790039
vt 0.75390625 0.9790039
vt 0.75439453 0.9790039
vt 0.75390625 0.9790039
vt 0.75390625 0.9790039
vt 0.75390625 0.9790039
vt 0.75390625 0.9790039
vt 0.75390625 0.9790039
vt 0.75439453 0.9790039
vt 0.75439453 0.9790039
vt 0.75439453 0.9790039
vt 0.75439453 0.9790039
vt 0.75390625 0.9790039
vt 0.75390625 0.9790039
vt 0.75390625 0.9790039
vt 0.75390625 0.9790039
vt 0.75439453 0.9790039
vt 0.75439453 0.9790039
vt 0.75439453 0.9790039
vt 0.75439453 0.9790039
vt 0.75439453 0.9790039
vt 0.75439453 0.9790039
vt 0.75390625 0.9790039
vt 0.75439453 0.9790039
vt 0.75390625 0.9790039
vt 0.75439453 0.9790039
vt 0.75390625 0.9790039
vt 0.75390625 0.9790039
vt 0.75390625 0.9790039
vt 0.75390625 0.9790039
vt 0.75390625 0.9790039
vt 0.75390625 0.9790039
vt 0.75439453 0.9790039
vt 0.75439453 0.9790039
vt 0.75439453 0.9790039
vt 0.75439453 0.9790039
vt 0.75390625 0.9790039
vt 0.75390625 0.9790039
vt 0.75390625 0.9790039
vt 0.75390625 0.9790039
vt 0.75439453 0.9790039
vt 0.75439453 0.9790039
vt 0.75439453 0.9790039
vt 0.75439453 0.9790039
vt 0.75439453 0.9790039
vt 0.75439453 0.9790039
vt 0.75439453 0.9790039
vt 0.75390625 0.9790039
vt 0.75390625 0.9790039
vt 0.75439453 0.9790039
vt 0.75390625 0.9790039
vt 0.75390625 0.9790039
vt 0.75390625 0.9790039
vt 0.75390625 0.9790039
vt 0.75390625 0.9790039
vt 0.75390625 0.9790039
vt 0.75439453 0.9790039
vt 0.75439453 0.9790039
vt 0.75439453 0.9790039
vt 0.75439453 0.9790039
vt 0.75390625 0.9790039
vt 0.75390625 0.9790039
vt 0.75390625 0.9790039
vt 0.75390625 0.9790039
vt 0.6777344 0.9350586
vt 0.6777344 0.9355469
vt 0.6777344 0.9355469
vt 0.67871094 0.9355469
vt 0.6777344 0.93603516
vt 0.67871094 0.9355469
vt 0.67822266 0.9350586
vt 0.67871094 0.93603516
vt 0.6777344 0.9370117
vt 0.6767578 0.93652344
vt 0.6767578 0.93603516
vt 0.6767578 0.93652344
vt 0.6767578 0.9370117
vt 0.67871094 0.9370117
vt 0.67871094 0.9375
vt 0.6777344 0.9375
vt 0.6791992 0.93652344
vt 0.6791992 0.93603516
vt 0.6791992 0.9370117
vt 0.6791992 0.93652344
vt 0.67822266 0.9375
vt 0.67871094 0.9375
vt 0.6777344 0.9375
vt 0.6777344 0.9375
vt 0.90966797 0.93603516
vt 0.91015625 0.93896484
vt 0.91015625 0.93603516
vt 0.90966797 0.93896484
vt 0.9086914 0.93603516
vt 0.9086914 0.93896484
vt 0.9082031 0.93603516
vt 0.9082031 0.93896484
vt 0.90771484 0.93603516
vt 0.90771484 0.93896484
vt 0.90722656 0.93603516
vt 0.90722656 0.93896484
vt 0.9067383 0.93603516
vt 0.9067383 0.93896484
vt 0.9067383 0.9375
vt 0.90771484 0.9375
vt 0.90722656 0.9375
vt 0.9086914 0.9375
vt 0.9091797 0.9375
vt 0.9082031 0.9375
vt 0.9091797 0.9785156
vt 0.9086914 0.9824219
vt 0.9086914 0.9824219
vt 0.9086914 0.9785156
vt 0.9082031 0.9824219
vt 0.9082031 0.9785156
vt 0.9082031 0.9824219
vt 0.9082031 0.9785156
vt 0.90771484 0.9824219
vt 0.90771484 0.9785156
vt 0.90722656 0.9824219
vt 0.90722656 0.9785156
vt 0.90722656 0.9824219
vt 0.9067383 0.9785156
vt 0.8388672 0.9824219
vt 0.83447266 0.9824219
vt 0.83447266 0.9824219
vt 0.83447266 0.9819336
vt 0.8388672 0.9824219
vt 0.8388672 0.9819336
vt 0.83447266 0.9819336
vt 0.83447266 0.9785156
vt 0.8388672 0.9819336
vt 0.8388672 0.9785156
vt 0.83447266 0.9785156
vt 0.8388672 0.9785156
vt 0.83447266 0.97802734
vt 0.8388672 0.97802734
vt 0.83447266 0.97802734
vt 0.8388672 0.97802734
vt 0.75439453 0.93847656
vt 0.75439453 0.93847656
vt 0.75439453 0.93847656
vt 0.75439453 0.93847656
vt 0.75439453 0.93847656
vt 0.75439453 0.93847656
vt 0.75439453 0.93847656
vt 0.75439453 0.93847656
vt 0.75439453 0.93847656
vt 0.75439453 0.93847656
vt 0.75439453 0.93847656
vt 0.75439453 0.93847656
vt 0.75439453 0.93847656
vt 0.75439453 0.93847656
vt 0.75439453 0.93847656
vt 0.75439453 0.93847656
vt 0.75439453 0.93847656
vt 0.75439453 0.93847656
vt 0.75439453 0.93847656
vt 0.75439453 0.93847656
vt 0.75439453 0.93847656
vt 0.75439453 0.93847656
vt 0.75439453 0.93847656
vt 0.75439453 0.93847656
vt 0.75439453 0.93847656
vt 0.75439453 0.93847656
vt 0.75439453 0.93847656
vt 0.75439453 0.93847656
vt 0.75439453 0.93847656
vt 0.75439453 0.93847656
vt 0.75439453 0.93847656
vt 0.75439453 0.93847656
vt 0.75439453 0.93847656
vt 0.75439453 0.93847656
vt 0.75439453 0.93896484
vt 0.75439453 0.93896484
vt 0.75439453 0.93896484
vt 0.75439453 0.93896484
vt 0.75439453 0.93896484
vt 0.75439453 0.93896484
vt 0.75439453 0.93896484
vt 0.75439453 0.93896484
vt 0.75439453 0.93896484
vt 0.75439453 0.93896484
vt 0.75439453 0.93896484
vt 0.75439453 0.93896484
vt 0.75439453 0.93896484
vt 0.75439453 0.93896484
vt 0.75439453 0.93896484
vt 0.75439453 0.93896484
vt 0.75439453 0.93847656
vt 0.75439453 0.93847656
vt 0.75439453 0.93847656
vt 0.75439453 0.93847656
vt 0.75439453 0.93847656
vt 0.75439453 0.93847656
vt 0.75439453 0.93847656
vt 0.75439453 0.93847656
vt 0.75439453 0.93847656
vt 0.75439453 0.93847656
vt 0.75439453 0.93847656
vt 0.75439453 0.93847656
vt 0.75439453 0.93847656
vt 0.75439453 0.93847656
vt 0.75439453 0.93847656
vt 0.75439453 0.93847656
vt 0.75439453 0.93847656
vt 0.75439453 0.93847656
vt 0.75390625 0.9790039
vt 0.75390625 0.9790039
vt 0.75390625 0.9790039
vt 0.75390625 0.9790039
vt 0.75390625 0.9790039
vt 0.75390625 0.9790039
vt 0.75390625 0.9790039
vt 0.75390625 0.9790039
vt 0.75390625 0.9790039
vt 0.75390625 0.9790039
vt 0.75390625 0.9790039
vt 0.75390625 0.9790039
vt 0.75390625 0.9790039
vt 0.75390625 0.9790039
vt 0.75390625 0.9790039
vt 0.75390625 0.9790039
vt 0.75439453 0.9790039
vt 0.75439453 0.9790039
vt 0.75439453 0.9790039
vt 0.75439453 0.9790039
vt 0.75439453 0.9790039
vt 0.75439453 0.9790039
vt 0.75439453 0.9790039
vt 0.75439453 0.9790039
vt 0.75439453 0.9790039
vt 0.75439453 0.9790039
vt 0.75439453 0.9790039
vt 0.75439453 0.9790039
vt 0.75439453 0.9790039
vt 0.75439453 0.9790039
vt 0.75439453 0.9790039
vt 0.75439453 0.9790039
vt 0.75390625 0.9790039
vt 0.75390625 0.9790039
vt 0.75390625 0.9790039
vt 0.75390625 0.9790039
vt 0.75390625 0.9790039
vt 0.75390625 0.9790039
vt 0.75390625 0.9790039
vt 0.75390625 0.9790039
vt 0.75390625 0.9790039
vt 0.75390625 0.9790039
vt 0.75390625 0.9790039
vt 0.75390625 0.9790039
vt 0.75390625 0.9790039
vt 0.75390625 0.9790039
vt 0.75390625 0.9790039
vt 0.75390625 0.9790039
vt 0.75439453 0.9790039
vt 0.75439453 0.9790039
vt 0.75439453 0.9790039
vt 0.75439453 0.9790039
vt 0.75439453 0.9790039
vt 0.75439453 0.9790039
vt 0.75439453 0.9790039
vt 0.75439453 0.9790039
vt 0.75439453 0.9790039
vt 0.75439453 0.9790039
vt 0.75439453 0.9790039
vt 0.75439453 0.9790039
vt 0.75439453 0.9790039
vt 0.75439453 0.9790039
vt 0.75439453 0.9790039
vt 0.75439453 0.9790039
vt 0.75390625 0.9790039
vt 0.75390625 0.9790039
vt 0.75390625 0.9790039
vt 0.75390625 0.9790039
vt 0.75390625 0.9790039
vt 0.75390625 0.9790039
vt 0.75390625 0.9790039
vt 0.75390625 0.9790039
vt 0.75390625 0.9790039
vt 0.75390625 0.9790039
vt 0.75439453 0.9790039
vt 0.75439453 0.9790039
vt 0.75439453 0.9790039
vt 0.75439453 0.9790039
vt 0.75439453 0.9790039
vt 0.75439453 0.9790039
vt 0.75439453 0.9790039
vt 0.75439453 0.9790039
vt 0.75439453 0.9790039
vt 0.75439453 0.9790039
vt 0.75439453 0.9790039
vt 0.75390625 0.9790039
vt 0.75390625 0.9790039
vt 0.75390625 0.9790039
vt 0.75390625 0.9790039
vt 0.75390625 0.9790039
vt 0.75390625 0.9790039
vt 0.75439453 0.9790039
vt 0.75439453 0.9790039
vt 0.75439453 0.9790039
vt 0.75390625 0.9790039
vt 0.75439453 0.9790039
vt 0.75439453 0.9790039
vt 0.75439453 0.9790039
vt 0.75439453 0.9790039
vt 0.75439453 0.9790039
vt 0.75390625 0.9790039
vt 0.75439453 0.9790039
vt 0.75439453 0.9790039
vt 0.75439453 0.9790039
vt 0.75439453 0.9790039
vt 0.75439453 0.9790039
vt 0.75390625 0.9790039
vt 0.75390625 0.9790039
vt 0.75390625 0.9790039
vt 0.75439453 0.9790039
vt 0.75390625 0.9790039
vt 0.75439453 0.9790039
vt 0.75390625 0.9790039
vt 0.75390625 0.9790039
vt 0.75390625 0.9790039
vt 0.75390625 0.9790039
vt 0.75390625 0.9790039
vt 0.75390625 0.9790039
vt 0.75390625 0.9790039
vt 0.75390625 0.9790039
vt 0.75390625 0.9790039
vt 0.75390625 0.9790039
vt 0.75390625 0.9790039
vt 0.75390625 0.9790039
vt 0.75390625 0.9790039
vt 0.75390625 0.9790039
vt 0.75390625 0.9790039
vt 0.75390625 0.9790039
vt 0.75390625 0.9790039
vt 0.75390625 0.9790039
vt 0.75390625 0.9790039
vt 0.75390625 0.9790039
vt 0.75439453 0.9790039
vt 0.75439453 0.9790039
vt 0.75439453 0.9790039
vt 0.75439453 0.9790039
vt 0.75439453 0.9790039
vt 0.75439453 0.9790039
vt 0.75439453 0.9790039
vt 0.75439453 0.9790039
vt 0.75439453 0.9790039
vt 0.75439453 0.9790039
vt 0.75439453 0.9790039
vt 0.75439453 0.9790039
vt 0.75439453 0.9790039
vt 0.75439453 0.9790039
vt 0.75439453 0.9790039
vt 0.75439453 0.9790039
vt 0.75390625 0.9790039
vt 0.75390625 0.9790039
vt 0.75390625 0.9790039
vt 0.75390625 0.9790039
vt 0.75390625 0.9790039
vt 0.75390625 0.9790039
vt 0.75390625 0.9790039
vt 0.75390625 0.9790039
vt 0.75390625 0.9790039
vt 0.75390625 0.9790039
vt 0.75390625 0.9790039
vt 0.75390625 0.9790039
vt 0.75390625 0.9790039
vt 0.75390625 0.9790039
vt 0.75390625 0.9790039
vt 0.75390625 0.9790039
vt 0.75439453 0.9790039
vt 0.75439453 0.9790039
vt 0.75439453 0.9790039
vt 0.75439453 0.9790039
vt 0.75439453 0.9790039
vt 0.75439453 0.9790039
vt 0.75439453 0.9790039
vt 0.75439453 0.9790039
vt 0.75439453 0.9790039
vt 0.75439453 0.9790039
vt 0.75439453 0.9790039
vt 0.75439453 0.9790039
vt 0.75439453 0.9790039
vt 0.75439453 0.9790039
vt 0.75439453 0.9790039
vt 0.75439453 0.9790039
vt 0.7548828 0.9350586
vt 0.7548828 0.9350586
vt 0.7548828 0.9350586
vt 0.7548828 0.9350586
vt 0.7548828 0.9350586
vt 0.7548828 0.9350586
vt 0.7548828 0.9350586
vt 0.7548828 0.9350586
vt 0.7558594 0.9350586
vt 0.7548828 0.9350586
vt 0.7558594 0.9350586
vt 0.7548828 0.9350586
vt 0.7548828 0.9350586
vt 0.7548828 0.9350586
vt 0.7548828 0.9350586
vt 0.7548828 0.9350586
vt 0.7548828 0.9350586
vt 0.7548828 0.9350586
vt 0.7548828 0.9350586
vt 0.7548828 0.9350586
vt 0.7548828 0.9350586
vt 0.7548828 0.9350586
vt 0.7558594 0.9350586
vt 0.7548828 0.9350586
vt 0.7558594 0.9350586
vt 0.7548828 0.9350586
vt 0.7548828 0.9350586
vt 0.7548828 0.9350586
vt 0.75439453 0.93847656
vt 0.75439453 0.93847656
vt 0.75439453 0.93847656
vt 0.75439453 0.93847656
vt 0.75439453 0.93847656
vt 0.75439453 0.93847656
vt 0.75439453 0.93847656
vt 0.75439453 0.93847656
vt 0.97753906 0.98095703
vt 0.97753906 0.98095703
vt 0.97753906 0.98095703
vt 0.97753906 0.98095703
vt 0.97753906 0.98095703
vt 0.97753906 0.98095703
vt 0.97753906 0.98095703
vt 0.97753906 0.98095703
vt 0.97753906 0.98095703
vt 0.97753906 0.98095703
vt 0.97753906 0.98095703
vt 0.97753906 0.98095703
vt 0.97753906 0.98095703
vt 0.97753906 0.98095703
vt 0.97753906 0.98095703
vt 0.97753906 0.98095703
vt 0.75439453 0.93847656
vt 0.75439453 0.93847656
vt 0.75439453 0.93847656
vt 0.75439453 0.93847656
vt 0.75439453 0.93847656
vt 0.75439453 0.93847656
vt 0.75439453 0.93847656
vt 0.75439453 0.93847656
vt 0.75439453 0.93847656
vt 0.75439453 0.93847656
vt 0.75439453 0.93847656
vt 0.75439453 0.93847656
vt 0.75439453 0.93847656
vt 0.75439453 0.93847656
vt 0.75439453 0.93847656
vt 0.75439453 0.93847656
vt 0.75439453 0.93847656
vt 0.75439453 0.93847656
vt 0.75439453 0.93847656
vt 0.75439453 0.93847656
vt 0.75439453 0.93847656
vt 0.75439453 0.93847656
vt 0.75439453 0.93847656
vt 0.75439453 0.93847656
vt 0.75439453 0.93847656
vt 0.75439453 0.93847656
vt 0.75439453 0.93847656
vt 0.75439453 0.93847656
vt 0.75439453 0.93847656
vt 0.75439453 0.93847656
vt 0.75439453 0.93847656
vt 0.75439453 0.93847656
vt 0.75439453 0.93847656
vt 0.75439453 0.93847656
vt 0.75439453 0.93847656
vt 0.75439453 0.93847656
vt 0.75439453 0.93847656
vt 0.75439453 0.93847656
vt 0.75439453 0.93847656
vt 0.75439453 0.93847656
vt 0.75439453 0.93847656
vt 0.75439453 0.93847656
vt 0.75439453 0.93847656
vt 0.75439453 0.93847656
vt 0.75439453 0.93847656
vt 0.75439453 0.93847656
vt 0.75439453 0.93847656
vt 0.75439453 0.93847656
vt 0.9814453 0.9375
vt 0.9790039 0.9379883
vt 0.9814453 0.9379883
vt 0.9790039 0.9375
vt 0.9814453 0.9375
vt 0.9790039 0.9379883
vt 0.9790039 0.9355469
vt 0.9814453 0.9355469
vt 0.9790039 0.9355469
vt 0.9814453 0.9375
vt 0.9790039 0.9379883
vt 0.9814453 0.9379883
vt 0.9790039 0.9375
vt 0.9814453 0.9375
vt 0.9790039 0.9379883
vt 0.9790039 0.9355469
vt 0.9814453 0.9355469
vt 0.9790039 0.9355469
vt 0.9814453 0.9375
vt 0.9790039 0.9379883
vt 0.9814453 0.9379883
vt 0.9790039 0.9375
vt 0.9814453 0.9375
vt 0.9790039 0.9379883
vt 0.9790039 0.9355469
vt 0.9814453 0.9355469
vt 0.9790039 0.9355469
vt 0.9814453 0.9375
vt 0.9790039 0.9379883
vt 0.9814453 0.9379883
vt 0.9790039 0.9375
vt 0.9814453 0.9375
vt 0.9790039 0.9379883
vt 0.9790039 0.9355469
vt 0.9814453 0.9355469
vt 0.9790039 0.9355469
vt 0.9814453 0.9375
vt 0.9790039 0.9379883
vt 0.9814453 0.9379883
vt 0.9790039 0.9375
vt 0.9814453 0.9375
vt 0.9790039 0.9379883
vt 0.9790039 0.9355469
vt 0.9814453 0.9355469
vt 0.9790039 0.9355469
vt 0.9814453 0.9375
vt 0.9790039 0.9379883
vt 0.9814453 0.9379883
vt 0.9790039 0.9375
vt 0.9814453 0.9375
vt 0.9790039 0.9379883
vt 0.9790039 0.9355469
vt 0.9814453 0.9355469
vt 0.9790039 0.9355469
vt 0.9814453 0.9375
vt 0.9790039 0.9379883
vt 0.9814453 0.9379883
vt 0.9790039 0.9375
vt 0.9814453 0.9375
vt 0.9790039 0.9379883
vt 0.9790039 0.9355469
vt 0.9814453 0.9355469
vt 0.9790039 0.9355469
vt 0.9814453 0.9375
vt 0.9790039 0.9379883
vt 0.9814453 0.9379883
vt 0.9790039 0.9375
vt 0.9814453 0.9375
vt 0.9790039 0.9379883
vt 0.9790039 0.9355469
vt 0.9814453 0.9355469
vt 0.9790039 0.9355469
vt 0.9790039 0.9375
vt 0.9814453 0.9375
vt 0.9814453 0.9375
vt 0.9790039 0.9375
vt 0.9814453 0.9375
vt 0.9814453 0.9375
vt 0.9790039 0.9379883
vt 0.9814453 0.9379883
vt 0.9790039 0.9379883
vt 0.9790039 0.9355469
vt 0.9814453 0.9355469
vt 0.9790039 0.9355469
vt 0.9790039 0.9375
vt 0.9814453 0.9375
vt 0.9814453 0.9375
vt 0.9790039 0.9375
vt 0.9814453 0.9375
vt 0.9814453 0.9375
vt 0.9814453 0.9375
vt 0.9814453 0.9375
vt 0.9790039 0.9375
vt 0.9814453 0.9379883
vt 0.9790039 0.9379883
vt 0.9790039 0.9379883
vt 0.9790039 0.9355469
vt 0.9814453 0.9355469
vt 0.9790039 0.9355469
vt 0.9785156 0.9379883
vt 0.9785156 0.9379883
vt 0.9785156 0.9379883
vt 0.9785156 0.9379883
vt 0.9785156 0.9379883
vt 0.9785156 0.9379883
vt 0.9785156 0.9379883
vt 0.9785156 0.9379883
vt 0.9785156 0.9379883
vt 0.9785156 0.9379883
vt 0.9785156 0.9379883
vt 0.9785156 0.9379883
vt 0.9785156 0.9379883
vt 0.9785156 0.9379883
vt 0.9785156 0.9379883
vt 0.9785156 0.9379883
vt 0.7583008 0.93896484
vt 0.7583008 0.9350586
vt 0.7583008 0.93896484
vt 0.7583008 0.9350586
vt 0.7578125 0.93896484
vt 0.7583008 0.93896484
vt 0.7578125 0.93896484
vt 0.7583008 0.9350586
vt 0.7578125 0.9350586
vt 0.7583008 0.93896484
vt 0.7578125 0.9350586
vt 0.7548828 0.9350586
vt 0.7583008 0.9350586
vt 0.7548828 0.9350586
vt 0.7548828 0.93896484
vt 0.7548828 0.93896484
vt 0.7548828 0.9350586
vt 0.7548828 0.9350586
vt 0.7548828 0.93896484
vt 0.75439453 0.9350586
vt 0.7548828 0.93896484
vt 0.75439453 0.93847656
vt 0.75439453 0.9350586
vt 0.75439453 0.93847656
vn -0 1 0
vn -0 1 0
vn -0 1 0
vn -0 1 0
vn -0 1 0
vn -0 1 0
vn -0 -1 0
vn -0 -1 0
vn -0 -1 0
vn -0 -1 0
vn -0 -1 0
vn -0 -1 0
vn -0 0 1
vn -0.34789202 0 0.93753463
vn -0 0 1
vn -0.347892 0 0.93753463
vn -0 0 1
vn -0.347892 0 0.93753463
vn -0.34789202 0 0.93753463
vn -0 0 1
vn -0.93784004 0 -0.3470677
vn -0.9378411 0 0.3470651
vn -0.93784004 0 -0.3470677
vn -0.9378411 0 0.3470651
vn -0.347892 0 0.93753463
vn -0.34789202 0 0.93753463
vn -0.93784004 0 -0.3470677
vn -0.34789586 0 -0.93753314
vn -0.93784004 0 -0.3470677
vn -0.10757485 0 -0.994197
vn -0 0 -1
vn -0 0 -1
vn -0.10757485 0 -0.994197
vn -0 0 -1
vn -0 0 -1
vn -0.34789586 0 -0.93753314
vn -0.93784004 0 -0.3470677
vn -0.93784004 0 -0.3470677
vn -0.9378411 0 0.3470651
vn -0.93784004 0 -0.3470677
vn -0.93784004 0 -0.3470677
vn -0.9378411 0 0.3470651
vn -0.347892 0 0.93753463
vn -0.34789202 0 0.93753463
vn -1 0 -1.678537E-07
vn -1 0 -1.678537E-07
vn -1 0 -1.678537E-07
vn -1 0 -1.678537E-07
vn 1.9152114E-07 -1 0
vn -0 -1 0
vn -0 -1 0
vn 2.267847E-07 -1 0
vn -2.9873007E-07 1 0
vn -2.9873019E-07 1 0
vn -2.987302E-07 1 0
vn -2.9873007E-07 1 0
vn -0.00018907888 6.584986E-07 1
vn -0.00018926314 3.4676495E-07 1
vn -0.00018889444 9.704664E-07 1
vn -0.00018946818 0 1
vn -0.042677592 -0.99870336 0.027752357
vn -0.070667826 -0.9594039 -0.27303907
vn -0.158883 -0.9872967 0.0011444153
vn -0.11863652 -0.96106064 -0.24957536
vn -0.1822472 -0.97942376 0.08668902
vn -0.15582986 -0.98366416 0.09012192
vn -0.07682037 -0.4904869 -0.86805594
vn -0.07972742 -0.60048294 -0.79565305
vn -0.9747388 0 -0.22334784
vn -0.9674134 0 -0.25320217
vn -0.9747388 0 -0.22334784
vn -0.96768814 0 -0.25215015
vn -0.9664814 0 -0.25673652
vn -0.9664814 0 -0.25673652
vn -0.075676136 0.49015436 -0.8683443
vn -0.07972742 -0.60048294 -0.79565305
vn -0.07682037 -0.4904869 -0.86805594
vn -0.08230167 0.6379094 -0.76570106
vn -0.15206064 0.9883704 -0.0012397545
vn -0.06914289 0.96146774 -0.26608092
vn -0.042677704 0.998706 0.027657058
vn -0.12264046 0.96095383 -0.24804653
vn -0.19273618 0.9758403 0.10290072
vn -0.16794279 0.97871256 0.117970034
vn -0.08230167 0.6379094 -0.76570106
vn -0.075676136 0.49015436 -0.8683443
vn 0.9398454 -3.0303725E-06 0.34160006
vn 0.93984437 1.5789916E-06 0.341603
vn 0.9398404 0 0.34161398
vn 0.9398453 5.3627474E-07 0.34160024
vn 0.9398453 0 0.34160033
vn 0.9398462 -1.4526451E-05 0.3415976
vn -0.4162803 0 0.9092363
vn -0.4162803 0 0.9092363
vn -0.4162803 0 0.9092363
vn -0.4162803 0 0.9092363
vn -0 1 0
vn -0 1 0
vn -0 1 0
vn -0 1 0
vn -0 -1 0
vn -0 -1 0
vn -0 -1 0
vn -0 -1 0
vn 0.98748106 0 0.15773758
vn 0.98748106 0 0.15773758
vn 0.98748106 0 0.15773758
vn 0.98748106 0 0.15773758
vn 0.24850039 0 0.9686318
vn 0.24850039 0 0.9686318
vn 0.24850039 0 0.9686318
vn 0.24850039 0 0.9686318
vn -0.11651018 0.7014146 -0.70316637
vn -0.11671738 -0.70848745 -0.69600475
vn -0.11671718 0.70848733 -0.6960049
vn -0.116509765 -0.7014145 -0.7031666
vn -0.6205137 -0.5487306 -0.5602298
vn -0.6205141 0.54873 -0.5602299
vn -0.6205137 -0.5487306 0.5602298
vn -0.116509765 -0.7014145 -0.7031666
vn -0.116509765 -0.7014144 0.7031666
vn -0.11671738 -0.70848745 -0.69600475
vn -0.11671739 -0.7084875 0.69600475
vn -0.11651018 0.7014147 0.7031663
vn -0.6205141 0.5487301 0.5602299
vn -0.11651018 0.7014146 -0.70316637
vn -0.11671718 0.7084873 0.696005
vn -0.11671718 0.70848733 -0.6960049
vn -0.11651018 0.7014147 0.7031663
vn -0.116509765 -0.7014144 0.7031666
vn -0.6205141 0.5487301 0.5602299
vn -0.6205137 -0.5487306 0.5602298
vn -0.6205141 0.54873 -0.5602299
vn -0.6205137 -0.5487306 0.5602298
vn -0.6205137 -0.5487306 -0.5602298
vn -0.6205141 0.5487301 0.5602299
vn -0 0.9633168 -0.26836687
vn -0 1 0
vn -0 1 0
vn -0 0.9633168 -0.26836687
vn -0 0.58780026 -0.80900615
vn -0 0.58780026 -0.80900615
vn -0 0 -1
vn -0 0 -1
vn -0 -0.58780026 -0.80900615
vn -0 -0.58780026 -0.80900615
vn -0 -0.9633168 -0.26836687
vn -0 -0.9633168 -0.26836687
vn -0 -1 0
vn -0 -1 0
vn -0.50000596 0 0.86602205
vn -1 0 0
vn -1 0 0
vn -0.50000596 0 0.86602205
vn 0.49999696 0 0.8660271
vn 0.49999696 0 0.8660271
vn 1 0 0
vn 1 0 0
vn 0.49999696 0 -0.8660271
vn 0.49999696 0 -0.8660271
vn -0.50000596 0 -0.86602205
vn -0.49998802 0 -0.8660323
vn -1 0 0
vn -1 0 0
vn -0 1 0
vn -0 1 0
vn -0 1 0
vn -0 1 0
vn -0 1 0
vn -0 1 0
vn -0 -1 0
vn -0 -1 0
vn -0 -1 0
vn -0 -1 0
vn -0 -1 0
vn -0 -1 0
vn -0 0 1
vn -0 0.86606336 0.49993435
vn -0 0.86606336 0.49993435
vn -0 0 1
vn -0 -0.86606336 0.49993435
vn -0 -0.86606336 0.49993435
vn -0 -0.86602205 -0.50000596
vn -0 -0.86602205 -0.50000596
vn -0 0 -1
vn -0 0 -1
vn -0 0.86602205 -0.50000596
vn -0 0.86602205 -0.50000596
vn -0 0.86606336 0.49993435
vn -0 0.86606336 0.49993435
vn -0 0 1
vn -0.81379676 -0.2962035 0.4999984
vn -0.81379676 -0.2962035 0.4999984
vn -0 0 1
vn 0.81379676 0.2962035 0.4999984
vn 0.81378865 0.29620925 0.50000805
vn 0.81379676 0.2962035 -0.4999984
vn 0.81378865 0.29620925 -0.50000805
vn -0 0 -1
vn -0 0 -1
vn -0.81379676 -0.2962035 -0.4999984
vn -0.81379676 -0.2962035 -0.4999984
vn -0.81379676 -0.2962035 0.4999984
vn -0.81379676 -0.2962035 0.4999984
vn 0.34204552 -0.9396834 0
vn 0.34204552 -0.9396834 0
vn 0.34204552 -0.9396834 0
vn 0.34202445 -0.93969107 0
vn 0.34204552 -0.9396834 0
vn 0.34202445 -0.93969107 0
vn -0 0 1
vn -0.86602205 0 0.50000596
vn -0.86602205 0 0.50000596
vn -0 0 1
vn 0.86602205 0 0.50000596
vn 0.86602205 0 0.50000596
vn 0.8660271 0 -0.49999696
vn 0.8660271 0 -0.49999696
vn -0 0 -1
vn -0 0 -1
vn -0.8660271 0 -0.49999696
vn -0.8660271 0 -0.49999696
vn -0.86602205 0 0.50000596
vn -0.86602205 0 0.50000596
vn -0 0 1
vn -0 0 1
vn -0 0 1
vn -0 0 1
vn -0 0 1
vn -0 0 1
vn -0 0 1
vn -0 0 1
vn -0 0 1
vn -0 0 1
vn -0 0 1
vn -0 0 1
vn -0 0 1
vn -0 0 1
vn -0 0 1
vn -0 0 1
vn -0 0 1
vn -0 0 1
vn -0 0 1
vn -0 0 1
vn -0 0 1
vn -0 0 1
vn -0 0 1
vn -0 0 1
vn -0 0 1
vn -0 0 1
vn -0 0 1
vn -0 0 1
vn -0 0 1
vn -0 0 1
vn -0 0 1
vn -0 0 1
vn -0 0 1
vn -0 0 1
vn -0 0 1
vn -0 0 1
vn -0 0 1
vn -0 0 1
vn -0 0 1
vn -0 0 1
vn -0 0 1
vn -0 0 1
vn -0 0 1
vn -0 0 1
vn -0 0 1
vn -0 0 1
vn -0 0 1
vn -0 0 1
vn -0 0 1
vn -0 0 1
vn -0 0 1
vn -0 0 1
vn -0 0 1
vn -0 0 1
vn -0 0 1
vn -0 0 1
vn -1 0 0
vn -1 0 -6.5114386E-07
vn -1 0 0
vn -1 0 -6.5114386E-07
vn -1 0 0
vn -1 0 -2.6045739E-06
vn -1 0 0
vn -1 0 0
vn -1 0 0
vn -1 0 0
vn -1 0 0
vn -1 0 0
vn -1 0 0
vn -1 0 -6.5114386E-07
vn -1 0 0
vn -1 0 -6.5114386E-07
vn -1 0 0
vn -1 0 -2.6045739E-06
vn -0 -0.5000472 0.86599815
vn -0 0.5000472 0.86599815
vn -0 0.5000472 0.86599815
vn -0 -0.5000472 0.86599815
vn -0 -1 0
vn -0 -1 0
vn -0 -0.5000472 -0.86599815
vn -0 -0.5000472 -0.86599815
vn -0 0.5000472 -0.86599815
vn -0 0.5000472 -0.86599815
vn -0 1 0
vn -0 1 0
vn -0 0.5000472 0.86599815
vn -0 0.5000472 0.86599815
vn -1 -2.8587874E-07 -8.1970325E-07
vn -1 -4.4223114E-07 0
vn -1 0 0
vn -1 -1.2952117E-07 0
vn -1 9.3813503E-07 -2.2648337E-06
vn -1 -2.8587772E-07 8.1969813E-07
vn -1 0 0
vn -1 9.3812696E-07 2.2648144E-06
vn -1 0 -5.7175953E-07
vn -1 3.7746736E-07 -2.858782E-07
vn -1 2.2648028E-06 9.381154E-07
vn -1 -3.7746827E-07 -2.8587846E-07
vn -1 -2.2648042E-06 9.381138E-07
vn -1 0 0
vn -1 0 0
vn -1 0 0
vn -1 -2.858779E-07 -8.1969563E-07
vn -1 -2.858744E-07 -8.196959E-07
vn -1 0 0
vn -1 -2.8587965E-07 -8.196998E-07
vn -1 9.381061E-07 -2.264805E-06
vn -1 -2.8587584E-07 -8.196968E-07
vn -1 9.3814697E-07 -2.264822E-06
vn -1 0 0
vn -0 1 0
vn -0 1 0
vn -0 1 0
vn -0 1 0
vn -0 1 0
vn -0 1 0
vn -0 1 0
vn -0 1 0
vn -0.7071066 0.7071069 -2.0317036E-07
vn -0.70710653 0.707107 3.7710802E-07
vn -0.70710677 0.70710677 0
vn -0.70710635 0.7071071 -1.9737608E-07
vn -0.7071051 0.7071084 2.2626E-06
vn -0.70710653 0.707107 -7.7765714E-07
vn -0.70710564 0.70710784 6.265887E-07
vn -0.70710635 0.7071072 -1.6012889E-06
vn -0 1 0
vn -0 1 0
vn -0 1 0
vn -0 1 0
vn -0 1 0
vn -0 1 0
vn -0 1 0
vn -0 1 0
vn -0.7071069 0.7071066 -7.881696E-07
vn -0.70710677 0.7071068 2.7842327E-07
vn -0.7071073 0.7071062 3.3070944E-07
vn -0.7071065 0.70710707 -7.910557E-07
vn -0.70710516 0.7071084 2.2627517E-06
vn -0.70710677 0.7071068 -1.8576538E-06
vn -0.70710665 0.7071068 -1.2531152E-06
vn -0.7071058 0.7071077 -3.2024154E-06
vn -0 1 0
vn -0 1 0
vn -0 1 0
vn -0 1 0
vn -0 1 0
vn -0 1 0
vn -0 1 0
vn -0 1 0
vn -0.7071065 0.70710707 -1.8182837E-07
vn -0.70710635 0.7071071 1.365587E-06
vn -0.7071061 0.7071074 9.399131E-07
vn -0.70710635 0.7071071 0
vn -0.70710623 0.70710725 1.6013383E-06
vn -0.70710653 0.707107 -1.5377624E-06
vn -0.7071069 0.7071066 -2.0884993E-06
vn -0.7071063 0.70710725 -1.6011865E-06
vn 2.858833E-07 -1 8.197005E-07
vn 1.2953228E-07 -1 0
vn -9.3804766E-07 -1 2.264746E-06
vn 4.422313E-07 -1 0
vn -0 -1 0
vn 2.8587775E-07 -1 -8.1969813E-07
vn -9.381266E-07 -1 -2.2648135E-06
vn -0 -1 0
vn -0.70710665 -0.7071068 -1.6896289E-06
vn -0.7071068 -0.70710677 -6.1133187E-07
vn -0.7071088 -0.70710474 5.221428E-07
vn -0.70710677 -0.7071068 -4.2276787E-07
vn -0.707105 -0.70710856 -2.78474E-07
vn -0.7071068 -0.70710665 6.555351E-07
vn -0.7071054 -0.7071081 1.4620326E-06
vn -0.70710915 -0.7071043 3.394007E-06
vn 5.717591E-07 -1 0
vn 1.9429503E-07 -1 2.8588408E-07
vn -9.38109E-07 -1 2.2648078E-06
vn 1.4830439E-06 -1 -2.479384E-07
vn -9.381061E-07 -1 -2.264805E-06
vn 1.1055772E-06 -1 0
vn -3.2028347E-06 -1 -3.2028433E-06
vn 4.5295533E-06 -1 -1.8761725E-06
vn -0.7071068 -0.70710677 -2.9315498E-07
vn -0.70710677 -0.7071068 -4.0435398E-07
vn -0.70710814 -0.7071054 1.4620305E-06
vn -0.70710665 -0.7071068 -7.785674E-07
vn -0.7071064 -0.70710707 -4.5253714E-07
vn -0.7071066 -0.7071069 -8.897733E-07
vn -0.7071059 -0.70710766 -1.392436E-07
vn -0.70710707 -0.7071064 -4.6994714E-07
vn 1.1055746E-06 -1 -1.1055598E-06
vn 7.2810786E-07 -1 -8.197014E-07
vn -0 -1 0
vn 9.4921785E-07 -1 -2.8586499E-07
vn 1.3266834E-06 -1 -1.3266792E-06
vn 5.71756E-07 -1 0
vn -9.381688E-07 -1 -2.26487E-06
vn -9.381631E-07 -1 2.2648605E-06
vn -0.7071068 -0.70710665 -5.86183E-07
vn -0.707107 -0.7071065 0
vn -0.7071081 -0.7071054 1.4619554E-06
vn -0.70710635 -0.7071071 -1.8183638E-07
vn -0.70710665 -0.7071069 -1.2879086E-06
vn -0.7071066 -0.7071069 4.1398178E-07
vn -0.70710814 -0.70710534 -1.4620945E-06
vn -0.7071059 -0.70710766 1.3924641E-07
vn 0.70710677 0.70710677 -1.797404E-07
vn 0.7071065 0.70710707 -1.8855863E-07
vn 0.7071054 0.70710814 -1.4620568E-06
vn 0.70710725 0.7071063 0
vn 0.70710814 0.7071054 -1.4620067E-06
vn 0.7071069 0.7071066 0
vn 0.7071062 0.7071073 3.306977E-07
vn 0.70710814 0.7071054 1.4620729E-06
vn 0.70710677 0.7071068 -6.6724857E-07
vn 0.70710635 0.7071072 1.8855062E-07
vn 0.70710593 0.70710754 -1.1313108E-06
vn 0.70710725 0.7071063 3.7421262E-07
vn 0.7071078 0.7071057 -1.9493227E-06
vn 0.7071068 0.70710665 1.2300137E-06
vn 0.7071052 0.70710826 2.2625984E-06
vn 0.7071094 0.70710415 4.194556E-06
vn 0.7071068 0.70710665 -2.8723827E-07
vn 0.70710677 0.70710677 2.872381E-07
vn 0.70710653 0.707107 -8.006139E-07
vn 0.70710707 0.7071065 4.7579013E-07
vn 0.70710677 0.70710677 0
vn 0.70710695 0.7071066 1.0502691E-06
vn 0.70710623 0.70710725 1.6012272E-06
vn 0.70710784 0.7071057 1.9319139E-06
vn 0.7071068 -0.70710665 1.8867654E-07
vn 0.70710665 -0.7071069 9.604105E-07
vn 0.70710635 -0.7071071 4.6994887E-07
vn 0.70710635 -0.7071071 1.9737172E-07
vn 0.7071063 -0.70710725 1.6012693E-06
vn 0.70710665 -0.7071069 -5.743651E-07
vn 0.7071076 -0.70710593 -1.1834999E-06
vn 0.7071051 -0.7071084 -2.2626E-06
vn 0.7071068 -0.70710665 3.742158E-07
vn 0.7071066 -0.7071069 1.4273924E-06
vn 0.7071081 -0.70710546 2.7326384E-06
vn 0.7071061 -0.70710737 1.8856237E-07
vn 0.7071049 -0.7071086 3.0633296E-06
vn 0.70710635 -0.7071072 -8.646155E-07
vn 0.7071065 -0.707107 -4.873315E-07
vn 0.7071057 -0.70710784 -1.9319139E-06
vn 0.7071064 -0.70710707 5.0674106E-07
vn 0.70710665 -0.7071069 1.3936293E-06
vn 0.7071053 -0.7071082 -1.9145854E-07
vn 0.7071068 -0.70710665 5.038489E-07
vn 0.7071074 -0.7071061 9.3988336E-07
vn 0.70710665 -0.7071069 -3.8301724E-07
vn 0.7071062 -0.7071073 3.4809835E-07
vn 0.7071066 -0.70710695 -8.006259E-07
vn -0 0 1
vn -0 0 1
vn -0 0 1
vn -0 0 1
vn -0 0 1
vn -0 0 1
vn -0 0 1
vn -0 0 1
vn -0.9231806 -0.3843664 -9.540244E-07
vn -0.54049844 -0.841345 -5.2184424E-07
vn -0.7045248 -0.70967937 -7.0400216E-07
vn -0.9231805 -0.38436657 -8.907881E-07
vn -0.9245756 0.38099852 -1.009983E-06
vn -0.38099906 -0.9245754 -2.8377417E-07
vn -0.9245754 0.3809992 -8.7491657E-07
vn -0 -1 0
vn -0.38436723 0.9231803 -4.2280632E-07
vn 0.38436705 -0.9231803 4.0079573E-07
vn -0.3843666 0.9231805 -2.8753567E-07
vn 0.54509467 -0.83837444 3.7913608E-07
vn 0.38099894 0.9245755 3.185478E-07
vn 0.38099852 0.9245756 2.586393E-07
vn 1 0 0
vn 1 0 0
vn 1 0 0
vn 1 0 0
vn 0.70968026 -0.7045239 5.764437E-07
vn -0 -1 -1.2766988E-07
vn -0 -1 -1.2330767E-07
vn -0 -1 -1.282643E-07
vn -0 -1 -1.2002337E-07
vn -0 -1 -1.2826428E-07
vn 0.6369194 -0.6094224 -0.47216317
vn 0.876568 -0.48127803 8.707341E-07
vn 0.876568 -0.4812779 8.7591775E-07
vn 0.68285614 -0.60029006 -0.41636443
vn 0.0026264281 -0.5900375 -0.80737156
vn 0.00435949 -0.58989924 -0.8074652
vn -0.6400691 -0.6067339 -0.47136548
vn -0.68370837 -0.6024493 -0.4118224
vn -0.87627894 -0.48180398 -5.1264976E-07
vn -0.87627894 -0.48180404 -5.113794E-07
vn -0 -1 0
vn -0 -1 0
vn -0 -1 0
vn -0 -1 0
vn 0.17540775 -0.9844959 0
vn -0.3809988 -0.9245755 -2.525926E-07
vn -0.5032381 -0.86414784 -3.0180746E-07
vn 0.2851132 -0.9584344 0.010675675
vn 0.92987925 -0.36783445 -0.004746499
vn 0.895141 -0.4454657 -0.016817858
vn 0.92839 0.37126347 -0.015982859
vn 0.93457264 -0.3550348 0.022896627
vn -0.9231807 -0.38436636 -8.2194657E-07
vn -0.50918293 -0.86065835 -7.18442E-07
vn -0.9231805 -0.3843668 -6.385335E-07
vn -0.38099876 -0.9245756 -1.8271604E-07
vn -0.9245756 0.38099873 -6.577009E-07
vn -0.9245755 0.38099897 -6.4502683E-07
vn -0.38436702 0.9231803 -2.8421593E-07
vn -0.3843668 0.9231805 -2.655461E-07
vn 0.380999 0.9245754 2.7029733E-07
vn 0.38099816 0.9245758 2.1740533E-07
vn 0.25977457 -0.9656451 0.0068435133
vn 0.24953826 -0.9683649 2.9121549E-07
vn 0.8710914 -0.4887531 0.048168596
vn 0.9294601 0.36849135 0.017832574
vn 0.9899644 -0.14131714 1.8290498E-06
vn 0.9899644 -0.14131741 1.7230518E-06
vn 0.9899643 -0.14131753 1.6639035E-06
vn 0.9899644 -0.14131702 1.8798172E-06
vn 0.034717225 -0.16311558 0.98599595
vn 0.0015901891 -0.16774254 0.98582953
vn 0.0079038115 -0.17187092 0.9850878
vn 0.019775245 -0.15618229 0.98753023
vn 0.045847513 -0.1384903 0.989302
vn 0.03897867 -0.12606147 0.99125636
vn 0.08935725 -0.18340652 -0.9789675
vn 0.08615918 -0.19246104 -0.9775148
vn 0.073580034 -0.22768098 -0.9709518
vn 0.096679226 -0.16251987 -0.98195744
vn 0.9939062 -0.10554072 -0.03180564
vn 0.9909491 -0.13421914 -0.0022670203
vn 0.99072146 -0.1358864 -0.0023958748
vn 0.99452704 -0.10051198 -0.028520282
vn 0.9941103 -0.093471706 -0.05484267
vn 0.99527305 -0.08452854 -0.047817245
vn 0.0046048434 -0.11685302 -0.9931385
vn 0.0032533223 -0.11787946 -0.9930226
vn 0.008898219 -0.11359009 -0.99348783
vn -0.00035891752 -0.1206211 -0.9926985
vn -0.9963588 -0.06996229 -0.048728846
vn -0.9963637 -0.06976592 -0.04891016
vn -0.9963839 -0.0689198 -0.049691357
vn -0.9963374 -0.07078751 -0.04796676
vn -0.0030750092 -0.07303431 -0.9973247
vn -0.003123143 -0.07307561 -0.99732155
vn -0.002851829 -0.072842866 -0.9973393
vn -0.0033726702 -0.07328964 -0.99730504
vn -0.8688293 -0.49511182 -5.6052E-07
vn -0.8688298 -0.49511087 -6.058823E-07
vn -0.86882985 -0.49511078 -6.072553E-07
vn -0.8688293 -0.4951118 -5.5944395E-07
vn -0 -1 0
vn -0 -1 0
vn -0 -1 0
vn -0 -1 0
vn 0.12847887 -0.99170905 -0.0025358105
vn 0.16611268 -0.98606527 -0.009048309
vn 0.262569 -0.9648928 -0.006282506
vn 0.28841752 -0.9575031 -0.0017818899
vn 0.3054572 -0.95220554 -0.00071257417
vn 0.30590537 -0.9520616 -0.000739775
vn -0 -1 0
vn -0 -1 0
vn -0 -1 0
vn -0 -1 0
vn -0 1 0
vn -0 1 0
vn -0 1 0
vn -0 1 0
vn -0 0 -1
vn -0 0 -1
vn -0 0 -1
vn -0 0 -1
vn -0.9230526 0.38466093 0.0031470954
vn -0.9496552 0.3124669 0.022792488
vn -0.9371253 0.34880534 0.011444057
vn -0.97797626 0.20804048 0.016784381
vn -0.9939063 0.110147946 0.004196112
vn -0.993606 -0.11282198 0.004291622
vn -0.9765146 -0.21471973 0.017738339
vn -0.9347887 -0.35500422 0.011920894
vn -0.9479379 -0.31756872 0.02374613
vn -0.91993254 -0.3920633 0.0032425572
vn -0 0 -1
vn -0 0 -1
vn -0 0 -1
vn -0 0 -1
vn -0 -0.8978435 -0.4403148
vn -0 -0.8978435 -0.4403148
vn -0 -0.8978435 -0.4403148
vn -0 -0.8978435 -0.4403148
vn -0 0.8978435 -0.4403148
vn -0 0.8978435 -0.4403148
vn -0 0.8978435 -0.4403148
vn -0 0.8978435 -0.4403148
vn -0 0 -1
vn -0 0 -1
vn -0 0 -1
vn -0 0 -1
vn 6.0361197E-07 1 0
vn 6.0361197E-07 1 0
vn 6.0361197E-07 1 0
vn 6.0361197E-07 1 0
vn -1 0 0
vn -1 0 0
vn -1 0 0
vn -1 0 0
vn -0 0 1
vn -0 0 1
vn -0 0 1
vn -0 0 1
vn 1 0 0
vn 1 0 0
vn 1 0 0
vn 1 0 0
vn -0 0 -1
vn -0 0 -1
vn -0 0 -1
vn -0 0 -1
vn -1 0 0
vn -0 0 1
vn -0 0 1
vn -1 0 0
vn -0 1 0
vn -0 0 1
vn -0 1 0
vn -0 1 0
vn -1 0 0
vn 1 0 0
vn -0 0 1
vn 1 0 0
vn 1 0 0
vn -0 1 0
vn -0 0 -1
vn -0 0 -1
vn -1 0 0
vn -0 0 -1
vn 1 0 0
vn -0 0 -1
vn 1 0 5.9306524E-07
vn 1 0 5.9306524E-07
vn 1 0 5.9306524E-07
vn 1 0 5.9306524E-07
vn -0 0 -1
vn -0 0 -1
vn -0 0 -1
vn -0 0 -1
vn -1 6.296367E-07 -6.089577E-07
vn -1 1.0360935E-06 -6.957864E-07
vn -1 1.1104868E-06 -7.1167864E-07
vn -1 5.552434E-07 -5.930655E-07
vn -1.2072238E-06 0 1
vn -1.2072235E-06 0 1
vn -1.2072232E-06 0 1
vn -1.2072239E-06 0 1
vn -0 0 1
vn -0 0 1
vn -0 0 1
vn -0 0 1
vn -0 0 -1
vn -0 0 -1
vn -0 0 -1
vn -0 0 -1
vn -0 -1 -2.9137277E-07
vn -0 -1 0
vn -0 -1 0
vn -0 -1 -2.9137385E-07
vn -0 -0.9568042 0.29073316
vn -0 -0.95680434 0.29073277
vn -0 -0.95680445 0.29073238
vn -0 -0.95680434 0.29073277
vn -0 -1 -6.882721E-07
vn 2.7842825E-07 -1 -9.0421634E-07
vn 1.5441276E-06 -1 -1.0995374E-06
vn -0 -1 0
vn 1 0 0
vn -0 0 -1
vn -0 0 -1
vn 1 0 0
vn 1 0 0
vn -0 0 1
vn -0 0 1
vn 1 0 0
vn -1 0 0
vn -1 0 0
vn -1 0 0
vn -1 0 0
vn -1 0 0
vn -1 0 0
vn -1 0 0
vn -0 0 -1
vn -1 0 0
vn -0 0 -1
vn -1 0 0
vn -0 0 1
vn -1 0 0
vn -0 0 1
vn 1 0 0
vn 1 0 0
vn 1 0 0
vn 1 0 0
vn 1 0 0
vn 1 0 0
vn -0.3809896 -0.92457926 0
vn 0.38438508 -0.9231728 0
vn 0.38438508 -0.9231728 0
vn -0.3809896 -0.92457926 0
vn -0.9231728 -0.38438508 0
vn -0.9231728 -0.38438508 0
vn -0.92457926 0.3809896 0
vn -0.92457926 0.3809896 0
vn -0.38437667 0.92317635 0
vn -0.38437667 0.92317635 0
vn 0.38099802 0.9245758 0
vn 0.38099802 0.9245758 0
vn 0.92457926 -0.3809896 0
vn 0.38438508 -0.9231728 0
vn 0.38438508 -0.9231728 0
vn 0.92457926 -0.3809896 0
vn 0.9231728 0.38438508 0
vn 0.9231728 0.38438508 0
vn 0.38099802 0.9245758 0
vn 0.38099802 0.9245758 0
vn -0 0 -1
vn -0 0 -1
vn -0 0 -1
vn -0 0 -1
vn -0 0 -1
vn -0 0 -1
vn -0 0 -1
vn -0 0 -1
vn -0 0 1
vn -0 0 1
vn -0 0 1
vn -0 0 1
vn -0 0 1
vn -0 0 1
vn -0 0 1
vn -0 0 1
vn 0.7096802 -0.70452404 0
vn 0.7096807 -0.70452344 9.38744E-07
vn 0.7096799 -0.7045243 5.524849E-07
vn 0.38436723 -0.9231803 3.0445543E-07
vn 0.38436693 -0.9231804 -1.4496425E-07
vn 0.7096804 -0.7045238 -1.3295463E-06
vn -0 -1 -3.5574706E-07
vn -0 -1 3.3642303E-07
vn -0 -1 -3.3641888E-07
vn -1.0652042E-07 -1 -9.1903485E-07
vn 6.338151E-07 -1 -1.1774869E-06
vn -0 -1 0
vn -1.3438153E-06 -1 -1.3437989E-06
vn -0 -1 3.557515E-07
vn 1.0652186E-07 -1 9.1904724E-07
vn 1.3438106E-06 -1 1.3438106E-06
vn -6.3381276E-07 -1 1.1774987E-06
vn -0 -1 0
vn -0.27452886 -0.96157885 -4.164584E-07
vn -0.27166763 -0.96239114 -5.055309E-07
vn -0.5254469 -0.8508264 -7.486153E-07
vn -0.52544737 -0.850826 -5.6891463E-07
vn -0.5254469 -0.8508264 -7.992301E-07
vn -0.52544487 -0.8508277 0
vn -0 -1 0
vn -0 -1 0
vn -0 -1 0
vn -0 -1 0
vn -0 -1 0
vn -0.053586286 -0.9720048 0.2287689
vn 0.009744206 -0.9861913 0.16532308
vn 0.025081597 -0.9899872 0.13891102
vn -0.061035942 -0.9698888 0.2357759
vn -0.08770284 -0.9583995 0.27162245
vn -0.07736674 -0.953795 0.2903263
vn 0.13181596 0 -0.9912742
vn 0.27476236 0 -0.96151215
vn 0.13181597 0 -0.9912742
vn 0.27476233 0 -0.96151215
vn 0.62191206 0 -0.7830871
vn 0.62191206 0 -0.7830871
vn 0.8160586 0 -0.57796913
vn 0.0097440975 0.9861914 0.16532286
vn -0.053586364 0.9720048 0.22876883
vn 0.025081536 0.9899873 0.13891071
vn -0.061036102 0.9698888 0.23577589
vn -0.08770284 0.9583995 0.27162242
vn -0.07736674 0.953795 0.29032627
vn -0 1 0
vn -0 1 0
vn -0 1 0
vn -0 1 0
vn -0 -1 0
vn -0 -1 0
vn -0 -1 0
vn -0 -1 0
vn 1 0 0
vn 1 0 0
vn 1 0 0
vn 1 0 0
vn 0.4680345 0 0.88371015
vn 0.46803457 0 0.88371015
vn 0.46803457 0 0.88371015
vn 0.4680345 0 0.88371015
vn -0 -1 0
vn 0.4680345 0 0.88371015
vn -0 -1 0
vn -0 1 0
vn 0.4680345 0 0.88371015
vn 0.50521034 0 -0.8629962
vn 0.50521034 0 -0.8629962
vn -0 1 0
vn 0.5052104 0 -0.8629962
vn 0.50521034 0 -0.8629962
vn 0.50521034 0 -0.8629962
vn 0.5052104 0 -0.8629962
vn -0 0 -1
vn -0 0 -1
vn -0 0 -1
vn -0 0 -1
vn -0 1 0
vn -0 1 0
vn -0 1 0
vn -0 1 0
vn -0 1 0
vn -0 1 0
vn -0 1 0
vn -0 1 0
vn -0 0 1
vn -0 0 1
vn -0 0 1
vn -0 0 1
vn -1 0 0
vn -1 0 0
vn -1 0 0
vn -1 0 0
vn 1 0 0
vn 1 0 0
vn 1 0 0
vn 1 0 0
vn -0 -1 0
vn -0 -1 0
vn -0 -1 0
vn -0 -1 0
vn -0 -1 0
vn -0 -1 0
vn -0 -1 0
vn -0 -1 0
vn 0.5697405 0 0.8218247
vn 0.2826115 0 0.9592345
vn 0.28261155 0 0.9592345
vn 0.5697404 0 0.8218247
vn 0.9484233 0 0.3170065
vn 0.9484233 0 0.3170065
vn 0.9589691 0 -0.28351077
vn 0.958969 0 -0.28351074
vn 0.68775296 0 -0.72594476
vn 0.68775296 0 -0.72594476
vn 0.28789422 0 -0.9576622
vn 0.28789422 0 -0.9576622
vn 0.062913366 0 -0.998019
vn 0.062913366 0 -0.998019
vn 1 0 0.00010017741
vn 1 0 0.00010017741
vn 1 0 0.00010017741
vn 1 0 0.00010017741
vn 0.17684421 0 0.98423886
vn -0.07401927 0 0.9972568
vn 0.17684421 0 0.98423886
vn -0.07401924 0 0.9972568
vn -0.6098129 0 0.7925454
vn -0.6098129 0 0.7925454
vn -0.9575293 0 0.288336
vn -0.9575293 0 0.28833595
vn -0.9373951 0 -0.3482677
vn -0.9373951 0 -0.34826773
vn -0.48848566 0 -0.87257195
vn -0.48848566 0 -0.87257195
vn -0.16053459 0 -0.9870302
vn -0.16053459 0 -0.9870302
vn -0.81379676 -0.2962035 0.4999984
vn 0.34204552 -0.9396834 0
vn 0.34204552 -0.9396834 0
vn -0 0 1
vn 0.34202445 -0.93969107 0
vn 0.81378865 0.29620925 0.50000805
vn 0.34202445 -0.93969107 0
vn 0.81378865 0.29620925 -0.50000805
vn 0.34204552 -0.9396834 0
vn -0 0 -1
vn 0.34204552 -0.9396834 0
vn -0.81379676 -0.2962035 -0.4999984
vn 0.34204552 -0.9396834 0
vn -0.81379676 -0.2962035 0.4999984
vn -0.9664814 0 -0.25673652
vn -0.12264046 0.96095383 -0.24804653
vn -0.19273618 0.9758403 0.10290072
vn -0.96768814 0 -0.25215015
vn -0.08230167 0.6379094 -0.76570106
vn -0.9747388 0 -0.22334784
vn -0.07972742 -0.60048294 -0.79565305
vn -0.9747388 0 -0.22334784
vn -0.11863652 -0.96106064 -0.24957536
vn -0.07972742 -0.60048294 -0.79565305
vn -0.9674134 0 -0.25320217
vn -0.9664814 0 -0.25673652
vn -0.11863652 -0.96106064 -0.24957536
vn -0.9674134 0 -0.25320217
vn -0.15582986 -0.98366416 0.09012192
vn -0.1822472 -0.97942376 0.08668902
vn -0.4162803 0 0.9092363
vn -0.4162803 0 0.9092363
vn -0.15582986 -0.98366416 0.09012192
vn -0.9664814 0 -0.25673652
vn -0.9664814 0 -0.25673652
vn -0.4162803 0 0.9092363
vn -0.19273618 0.9758403 0.10290072
vn -0.4162803 0 0.9092363
vn -0.16794279 0.97871256 0.117970034
vn -0 0 1
vn -0 0 1
vn -0 0 1
vn -0 0 1
vn -1 0 0
vn -1 0 0
vn -1 0 0
vn -1 0 0
vn -1 0 0
vn -1 0 0
vn -1 0 0
vn -0 -0.9633168 -0.26836687
vn -1 0 0
vn -0 -1 0
vn -1 0 0
vn -1 0 0
vn -0 -0.58780026 -0.80900615
vn -1 0 0
vn -0 0 -1
vn -1 0 0
vn -0 0.58780026 -0.80900615
vn -1 0 0
vn -0 0.9633168 -0.26836687
vn -1 0 0
vn -0 1 0
vn -0 0 1
vn -0 0 1
vn -1 0 0
vn -0 -1 0
vn -0 1 0
vn -0 0 1
vn -0 1 0
vn -0 1 0
vn -0.50000596 0 0.86602205
vn -1 0 0
vn -0 1 0
vn 0.49999696 0 0.8660271
vn -0 1 0
vn 1 0 0
vn -0 1 0
vn 0.49999696 0 -0.8660271
vn -0 1 0
vn -0.50000596 0 -0.86602205
vn -0 1 0
vn -1 0 0
vn -0 1 0
vn -1 0 0
vn -0 -1 0
vn -0 -1 0
vn -0.50000596 0 0.86602205
vn -0 -1 0
vn 0.49999696 0 0.8660271
vn -0 -1 0
vn 1 0 0
vn -0 -1 0
vn 0.49999696 0 -0.8660271
vn -0 -1 0
vn -0.49998802 0 -0.8660323
vn -0 -1 0
vn -1 0 0
vn -0 0 1
vn -0 -1 0
vn -0 -1 0
vn -0 0 1
vn -0 -1 0
vn -0 -1 0
vn -0 -1 0
vn -0 -1 0
vn -0 -1 0
vn -0 -1 0
vn -0.86602205 0 0.50000596
vn -0 -1 0
vn -0 -1 0
vn -0 0 1
vn -0 -1 0
vn 0.86602205 0 0.50000596
vn -0 -1 0
vn 0.8660271 0 -0.49999696
vn -0 -1 0
vn -0 0 -1
vn -0 -1 0
vn -0.8660271 0 -0.49999696
vn -0 -1 0
vn -0.86602205 0 0.50000596
vn -0 1 0
vn 0.98748106 0 0.15773758
vn 0.24850039 0 0.9686318
vn -0 1 0
vn 0.24850039 0 0.9686318
vn 0.98748106 0 0.15773758
vn 0.24850039 0 0.9686318
vn 0.98748106 0 0.15773758
vn 0.98748106 0 0.15773758
vn -0 -1 0
vn 0.24850039 0 0.9686318
vn -0 -1 0
vn 0.98748106 0 0.15773758
vn -0 1 0
vn -0 1 0
vn 0.98748106 0 0.15773758
vn 0.98748106 0 0.15773758
vn -0 -1 0
vn -0 -1 0
vn 0.98748106 0 0.15773758
vn 1 0 0
vn 0.5052104 0 -0.8629962
vn -0 -1 0
vn 1 0 0
vn -0 -1 0
vn 0.50521034 0 -0.8629962
vn -0 1 0
vn -0 1 0
vn 0.5052104 0 -0.8629962
vn 1 0 0
vn 1 0 0
vn 0.5052104 0 -0.8629962
vn -0 -1 0
vn -0 -1 0
vn 0.50521034 0 -0.8629962
vn -0 1 0
vn 0.46803457 0 0.88371015
vn 0.4680345 0 0.88371015
vn -0 1 0
vn 1 0 0
vn 0.46803457 0 0.88371015
vn 1 0 0
vn -0 -1 0
vn 0.4680345 0 0.88371015
vn -0 -1 0
vn 1 0 0
vn -0 1 0
vn -0 1 0
vn 1 0 0
vn -0.9496552 0.3124669 0.022792488
vn -0 1 0
vn -0 1 0
vn -0.9230526 0.38466093 0.0031470954
vn -0 0 -1
vn -0 1 0
vn -0 0 -1
vn -0 0 -1
vn -0.9371253 0.34880534 0.011444057
vn -0 -0.8978435 -0.4403148
vn -0 0 -1
vn -0 -0.8978435 -0.4403148
vn -0 -0.8978435 -0.4403148
vn -0.9939063 0.110147946 0.004196112
vn -0 0 -1
vn -0 -0.8978435 -0.4403148
vn -0 0 -1
vn -0 0 -1
vn -0.993606 -0.11282198 0.004291622
vn -0 0.8978435 -0.4403148
vn -0 0 -1
vn -0 0.8978435 -0.4403148
vn -0 0.8978435 -0.4403148
vn -0.9347887 -0.35500422 0.011920894
vn -0 0 -1
vn -0 0.8978435 -0.4403148
vn -0 0 -1
vn -0 0 -1
vn -0.91993254 -0.3920633 0.0032425572
vn -0 -1 0
vn -0 0 -1
vn -0 -1 0
vn -0 -1 0
vn -0.9479379 -0.31756872 0.02374613
vn -0.34789586 0 -0.93753314
vn -0 1 0
vn -0 1 0
vn -0 0 -1
vn -0.9378411 0 0.3470651
vn -0 1 0
vn -0 1 0
vn -0.93784004 0 -0.3470677
vn -0 0 1
vn -0 1 0
vn -0 1 0
vn -0.34789202 0 0.93753463
vn -0.34789202 0 0.93753463
vn -0 -1 0
vn -0 -1 0
vn -0 0 1
vn -0.93784004 0 -0.3470677
vn -0 -1 0
vn -0 -1 0
vn -0.9378411 0 0.3470651
vn -0 0 -1
vn -0 -1 0
vn -0 -1 0
vn -0.34789586 0 -0.93753314
vn -0 1 0
vn -0.93784004 0 -0.3470677
vn -0.34789586 0 -0.93753314
vn -0 1 0
vn -0 1 0
vn -0.34789202 0 0.93753463
vn -0.9378411 0 0.3470651
vn -0 1 0
vn -0 -1 0
vn -0.34789586 0 -0.93753314
vn -0.93784004 0 -0.3470677
vn -0 -1 0
vn -0 -1 0
vn -0.9378411 0 0.3470651
vn -0.34789202 0 0.93753463
vn -0 -1 0
vn 1 0 0
vn 1 0 0
vn 1 0 0
vn 1 0 0
vn 1 0 0
vn 1 0 0
vn -1 0 0
vn -1 0 0
vn -1 0 0
vn -1 0 0
vn -1 0 0
vn -1 0 0
vn -1 0 0
vn -1 0 0
vn -1 0 0
vn -1 0 0
vn -1 0 0
vn -1 0 0
vn 1 0 0
vn -0 0 1
vn -0 0.86606336 0.49993435
vn 1 0 0
vn -0 -0.86606336 0.49993435
vn 1 0 0
vn -0 -0.86602205 -0.50000596
vn 1 0 0
vn -0 0 -1
vn 1 0 0
vn -0 0.86602205 -0.50000596
vn 1 0 0
vn -0 0.86606336 0.49993435
vn 1 0 0
vn -0 0.86606336 0.49993435
vn -1 0 0
vn -1 0 0
vn -0 0 1
vn -1 0 0
vn -0 -0.86606336 0.49993435
vn -1 0 0
vn -0 -0.86602205 -0.50000596
vn -1 0 0
vn -0 0 -1
vn -1 0 0
vn -0 0.86602205 -0.50000596
vn -1 0 0
vn -0 0.86606336 0.49993435
vn -0 0.5000472 0.86599815
vn -1 0 0
vn -1 0 0
vn -0 -0.5000472 0.86599815
vn -1 0 0
vn -0 -1 0
vn -1 0 0
vn -0 -0.5000472 -0.86599815
vn -1 0 0
vn -0 0.5000472 -0.86599815
vn -1 0 0
vn -0 1 0
vn -1 0 0
vn -0 0.5000472 0.86599815
vn -0.78831637 -0.61527014 0
vn -0.5392553 -0.8421423 0
vn -0.78831637 -0.61527014 0
vn -0.5392553 -0.8421423 0
vn 0.34961802 -0.93689233 0
vn 0.34961802 -0.93689233 0
vn 0.90279967 -0.43006125 0
vn 0.90279967 -0.43006125 0
vn 0.9923328 -0.12359457 0
vn 0.9923328 -0.12359457 0
vn -0 0 -1
vn -0 0 -1
vn -0 0 -1
vn -0 0 -1
vn -0 0 -1
vn -0 0 1
vn -0 0 1
vn -0 0 1
vn -0 0 1
vn -0 0 1
vn 0.067427814 -0.9968252 0.042345047
vn 0.0833168 -0.99546236 0.045967896
vn 0.10018009 -0.9935042 0.053976137
vn 0.0622198 -0.9974718 0.0343331
vn 0.067427814 -0.9968252 0.042345047
vn 0.9309745 0 0.3650843
vn 0.9082216 0 0.4184896
vn 0.10018009 -0.9935042 0.053976137
vn 0.10018009 -0.9935042 0.053976137
vn 0.97679025 0 0.21419814
vn 0.9309745 0 0.3650843
vn 0.10192629 -0.99432373 0.030518282
vn 0.3027785 0 0.9530609
vn 0.08336014 -0.992931 0.084492594
vn 0.97679025 0 0.21419814
vn 0.3027785 0 0.9530609
vn 0.3027785 0 0.9530609
vn 0.969113 0 0.24661739
vn 0.05205694 -0.99861574 0.0075342036
vn 0.99822205 0 0.059604727
vn 0.3027785 0 0.9530609
vn 0.969113 0 0.24661739
vn 0.10192387 0.99432397 0.030517554
vn 0.100182466 0.99350387 0.05397741
vn 0.9309745 0 0.3650843
vn 0.08335226 0.99293137 0.08449668
vn 0.99822205 0 0.05960473
vn 0.049302474 0.9987453 0.008773891
vn 0.05205694 -0.99861574 0.0075342036
vn 0.051774073 -0.9986588 -2.9801456E-06
vn 1 0 0
vn 0.99822205 0 0.059604727
vn 0.051771108 -0.998659 0
vn 0.051771104 -0.998659 0
vn -0 0 1
vn -0 0 1
vn -0 0 1
vn 0.037814125 -0.9992848 0
vn -0 0 1
vn -0 -1 0
vn 1 0 0
vn -0 0 1
vn 0.034078576 0.9994159 -0.0025748922
vn -0 0 1
vn 0.049302474 0.9987453 0.008773891
vn 0.99822205 0 0.05960473
vn 0.03776562 0.9992867 0
vn -0 0 1
vn -0.97521585 -9.536863E-05 -0.22125523
vn 0.0833168 -0.99546236 0.045967896
vn -0.9956944 0 -0.09269593
vn 0.10452063 -0.99265987 0.06084321
vn 0.063226335 -0.99760264 0.028132379
vn -0.9440559 -4.7684407E-05 -0.32978538
vn -1 0 0
vn -0.9440559 0 -0.32978538
vn -1 0 0
vn 0.04191585 -0.9991135 0.003910238
vn -0 -1 0
vn -5.922796E-07 -0.5565112 -0.8308401
vn -1 0 0
vn 0.0631805 0.9976082 0.028037835
vn -1 0 0
vn -0.9756909 -7.15246E-05 -0.21915138
vn 0.039482106 0.9991881 0.008010862
vn 1.8795695E-06 0.5566064 -0.8307763
vn 0.006437362 0.99996066 0.0061035724
vn 0.1045231 0.9926595 0.06084465
vn 0.08331483 0.9954626 0.0459668
vn -0.995765 0 -0.091935106
vn 0.10192629 -0.99432373 0.030518282
vn 0.10018009 -0.9935042 0.053976137
vn 0.0833168 -0.99546236 0.045967896
vn 0.10452063 -0.99265987 0.06084321
vn 0.08336014 -0.992931 0.084492594
vn 0.063226335 -0.99760264 0.028132379
vn 0.05205694 -0.99861574 0.0075342036
vn 0.04191585 -0.9991135 0.003910238
vn -0.99690753 0 -0.07858339
vn 0.060059402 -0.99766797 0.03242588
vn -0.99089164 0 -0.13466208
vn 0.0622198 -0.9974718 0.0343331
vn 0.26515207 0 -0.9642066
vn -0.24298266 0.14191326 -0.9595937
vn -0.24298282 -0.14191344 -0.9595936
vn 0.26515207 0 -0.9642066
vn 0.26312548 0 -0.9647616
vn 0.26348045 0 -0.96466476
vn 0.21659718 0 -0.976261
vn 0.21659718 0 -0.976261
vn 0.99822205 0 0.059604727
vn 1 0 0
vn 0.99822205 0 0.05960473
vn 1 0 0
vn 0.3027785 0 0.9530609
vn 0.3027785 0 0.9530609
vn 0.3027785 0 0.9530609
vn 0.3027785 0 0.9530609
vn -1 0 0
vn -1 0 0
vn -1 0 0
vn -1 0 0
vn -0.9440559 -4.7684407E-05 -0.32978538
vn -0.9756909 -7.15246E-05 -0.21915138
vn -0.9440559 0 -0.32978538
vn -0.97521585 -9.536863E-05 -0.22125523
vn -0.9956944 0 -0.09269593
vn -0.995765 0 -0.091935106
vn 0.08331483 0.9954626 0.0459668
vn 0.067424595 0.99682546 0.042343028
vn 0.100182466 0.99350387 0.05397741
vn 0.062218312 0.99747187 0.03433228
vn 0.067424595 0.99682546 0.042343028
vn 0.9309745 0 0.3650843
vn 0.100182466 0.99350387 0.05397741
vn 0.9082216 0 0.4184896
vn 0.049302474 0.9987453 0.008773891
vn 0.039482106 0.9991881 0.008010862
vn 0.0631805 0.9976082 0.028037835
vn 0.08335226 0.99293137 0.08449668
vn 0.1045231 0.9926595 0.06084465
vn 0.10192387 0.99432397 0.030517554
vn 0.08331483 0.9954626 0.0459668
vn 0.100182466 0.99350387 0.05397741
vn 0.060057975 0.9976681 0.032425106
vn -0.9969375 0 -0.0782024
vn -0.99089164 0 -0.13466208
vn 0.062218312 0.99747187 0.03433228
vn -0.0058030956 0.99732876 -0.07281322
vn -0.010245066 0.99981564 -0.01624228
vn 0.015279612 0.97405064 -0.22581366
vn 0.01158534 0.9999329 7.180988E-05
vn 0.00487205 0.9999882 2.2541603E-07
vn 0.011805215 0.9999236 0.0036795938
vn 0.008401166 0.99995303 0.004847045
vn 0.015170025 0.99984646 -0.00877323
vn 0.9082216 0 0.4184896
vn 0.89391154 0 0.44824332
vn 0.89391154 0 0.44824332
vn 0.9082216 0 0.4184896
vn -0.99690753 0 -0.07858339
vn -0.995765 0 -0.091935106
vn -0.9956944 0 -0.09269593
vn -0.9969375 0 -0.0782024
vn 0.99822205 0 0.059604727
vn 0.969113 0 0.24661739
vn 0.969113 0 0.24661739
vn 0.99822205 0 0.05960473
vn 0.97679025 0 0.21419814
vn 0.9309745 0 0.3650843
vn 0.9309745 0 0.3650843
vn 0.97679025 0 0.21419814
vn -1 0 1.0139445E-06
vn -1 0 1.0139445E-06
vn -1 0 1.0139445E-06
vn -1 0 1.0139446E-06
vn -0 0 -1
vn -0.85157025 -0.00025763307 -0.52424055
vn -0 0 -1
vn -0.8515538 0.0002603952 -0.5242671
vn -1 -7.407271E-05 -0.00023063547
vn -0.99999964 -0.0008536733 -3.155809E-07
vn -0.9999598 0.008948022 0.00063272886
vn -0.99999964 0 -0.00088049384
vn -0.99999917 0.0013150638 3.6592864E-05
vn -0.9999994 0.00090278016 0.00072466844
vn -0.99999917 0.0013150638 3.6592864E-05
vn -0.99999297 0.0010679247 0.0036184234
vn -0.9999999 -6.9354417E-07 0.0004230407
vn -0.9999852 -1.0205754E-06 0.0054430394
vn -0.9999993 -6.020804E-07 -0.0012659606
vn -0.9999993 -6.020754E-07 -0.0012659607
vn -0 -1 0
vn 0.04191585 -0.9991135 0.003910238
vn -0 -1 0
vn 0.045109164 -0.998982 0
vn 0.05205694 -0.99861574 0.0075342036
vn 0.05178299 -0.9986584 0
vn 0.051774073 -0.9986588 -2.9801456E-06
vn 0.05178299 -0.9986584 0
vn 0.051782995 -0.9986584 0
vn 0.05178299 -0.9986584 0
vn 0.047873247 -0.99885345 0
vn 0.051771104 -0.998659 0
vn 0.051771108 -0.998659 0
vn 0.037814125 -0.9992848 0
vn -0 -1 0
vn -0 -1 0
vn -0 0 1
vn -0 0 1
vn 0.03776562 0.9992867 0
vn -0 0 1
vn -0 0 1
vn -0 0 1
vn -0 0 1
vn -0 0 1
vn 0.034078576 0.9994159 -0.0025748922
vn 0.040674247 0.99916553 -0.0037193336
vn 0.03929173 0.9992212 -0.0036239948
vn 0.050211117 0.9987387 0
vn 0.006437362 0.99996066 0.0061035724
vn 0.047779225 0.9988576 0.000667574
vn 0.03578674 0.9993585 -0.0014305159
vn 0.029969357 0.99955076 -0.00028610363
vn 0.029874073 0.9995536 9.536815E-05
vn 0.049302474 0.9987453 0.008773891
vn 0.042772762 0.9990563 0.0075579514
vn 0.039482106 0.9991881 0.008010862
vn 0.03986333 0.999158 0.009703573
vn -0.21628852 -0.68239397 0.6982534
vn 0.045109164 -0.998982 0
vn -0 -1 0
vn -0.4568939 -0.80485463 0.3787571
vn 0.05178299 -0.9986584 0
vn -0.34232363 -0.7461577 -0.5710194
vn 0.05178299 -0.9986584 0
vn 0.047873247 -0.99885345 0
vn -0 -1 0
vn -5.503075E-07 -0.5041615 -0.86360943
vn -0.3217836 0 0.9468132
vn -0.3217836 0 0.9468132
vn -0.32178357 0 0.9468132
vn -0.32178357 0 0.9468132
vn -0 0 -1
vn -0 0 -1
vn -0 0 -1
vn -0 0 -1
vn 3.3241572E-06 -1 -0.00037903883
vn 0.0001230294 -1 -0.00037268476
vn 0.00012659618 -1 -0.00037249544
vn -1.0915254E-06 -1 -0.0003792732
vn 0.056551155 -0.99684525 0.05569287
vn 0.0622198 -0.9974718 0.0343331
vn 0.067427814 -0.9968252 0.042345047
vn 0.060059402 -0.99766797 0.03242588
vn 0.9082216 0 0.4184896
vn 0.056551155 -0.99684525 0.05569287
vn 0.067427814 -0.9968252 0.042345047
vn 0.89391154 0 0.44824332
vn -0.99690753 0 -0.07858339
vn 0.0833168 -0.99546236 0.045967896
vn 0.0622198 -0.9974718 0.0343331
vn -0.9956944 0 -0.09269593
vn 0.062218312 0.99747187 0.03433228
vn 0.056552492 0.996845 0.055694196
vn 0.067424595 0.99682546 0.042343028
vn 0.060057975 0.9976681 0.032425106
vn 0.056552492 0.996845 0.055694196
vn 0.9082216 0 0.4184896
vn 0.067424595 0.99682546 0.042343028
vn 0.89391154 0 0.44824332
vn 0.062218312 0.99747187 0.03433228
vn -0.995765 0 -0.091935106
vn -0.9969375 0 -0.0782024
vn 0.08331483 0.9954626 0.0459668
vn 0.9082216 0 0.4184896
vn 0.9309745 0 0.3650843
vn 0.9082216 0 0.4184896
vn 0.9309745 0 0.3650843
vn -0.99690753 0 -0.07858339
vn -0.99089164 0 -0.13466208
vn -0.9969375 0 -0.0782024
vn -0.99089164 0 -0.13466208
vn 0.051774073 -0.9986588 -2.9801456E-06
vn 0.051782995 -0.9986584 0
vn 0.051771108 -0.998659 0
vn 0.05178299 -0.9986584 0
vn -0.9973346 -1.613669E-07 -0.072964124
vn -0.9973346 0 -0.0729642
vn -0.9973346 0 -0.07296426
vn -0.9973346 -3.9272112E-07 -0.07296395
vn -0.9973347 -2.06946E-06 -0.07296289
vn -0.9973346 0 -0.07296416
vn -0 1 0
vn -0 1 0
vn -0 1 0
vn -0 1 0
vn -0 -1 0
vn -0 -1 0
vn -0 -1 0
vn -0 -1 0
vn 1 0 0
vn 1 0 0
vn 1 0 0
vn 1 0 0
vn 0.46795562 0 0.8837519
vn 0.46795562 0 0.8837519
vn 0.46795562 0 0.8837519
vn 0.46795562 0 0.8837519
vn 0.5052104 0 -0.8629962
vn 0.5052104 0 -0.8629962
vn 0.5052104 0 -0.8629962
vn 0.5052104 0 -0.8629962
vn 1 0 0
vn -0 1 0
vn 0.5052104 0 -0.8629962
vn -0 1 0
vn 1 0 0
vn -0 1 0
vn 1 0 0
vn 0.46795562 0 0.8837519
vn 0.46795562 0 0.8837519
vn 1 0 0
vn -0 -1 0
vn 0.46795562 0 0.8837519
vn -0 -1 0
vn -0 1 0
vn -0 1 0
vn 0.46795562 0 0.8837519
vn 1 0 0
vn 0.5052104 0 -0.8629962
vn -0 -1 0
vn 1 0 0
vn -0 -1 0
vn 0.5052104 0 -0.8629962
vn -0 1 0
vn -0 1 0
vn 0.5052104 0 -0.8629962
vn 1 0 0
vn 1 0 0
vn 0.5052104 0 -0.8629962
vn -0 -1 0
vn -0 -1 0
vn 0.5052104 0 -0.8629962
vn -0 0 -1
vn -0 0 -1
vn -0 0 -1
vn -0 0 -1
vn -0 1 0
vn -0 1 0
vn -0 1 0
vn -0 1 0
vn -0 -1 0
vn -0 -1 0
vn -0 -1 0
vn -0 -1 0
vn -0 0 1
vn -0 0 1
vn -0 0 1
vn -0 0 1
vn 1 0 0
vn 1 0 0
vn 1 0 0
vn 1 0 0
vn -0 1 0
vn 1 0 0
vn -0 0 1
vn 1 0 0
vn -0 1 0
vn -0 0 -1
vn 1 0 0
vn -0 0 -1
vn -0 1 0
vn -0 0 -1
vn -0 -1 0
vn -0 -1 0
vn -0 0 -1
vn -0 0 1
vn -0 1 0
vn -0 1 0
vn -0 0 1
vn 1 0 0
vn -0 0 1
vn 1 0 0
vn -0 0 1
vn -0 -1 0
vn -0 -1 0
vn -0 0 1
vn 1 0 0
vn -0 -1 0
vn 1 0 0
vn -0 0 -1
vn -0 0 -1
vn -0 0 -1
vn -0 0 -1
vn -0 0 -1
vn -0 0 -1
vn -0 0 -1
vn -0 0 -1
vn -0 0 1
vn -0 0 1
vn -0 0 1
vn -0 0 1
vn -0 0 1
vn -0 0 1
vn -0 0 1
vn -0 0 1
vn -0.21809775 -0.017737724 -0.9757657
vn -0.20400368 -0.10266945 -0.97357154
vn -0.22464707 0.025506407 -0.9741063
vn -0.20324695 -0.10739375 -0.97322005
vn -0.13141407 -0.9913276 0
vn -0.14629081 -0.9892272 0.005340473
vn -0 1 0
vn -0.15592448 -0.9877601 0.004196132
vn -0 1 0
vn -0.14791307 -0.9889957 0.00305172
vn -0.15058629 -0.9882046 -0.027847497
vn -0.15010813 -0.9880052 -0.036239576
vn -0.16851054 -0.9856962 -0.0026702299
vn -0.1692761 -0.98556834 -0.0007629345
vn -0.16746706 -0.98587173 0.0034332655
vn -0.16918331 -0.9855834 0.0015258924
vn -0.15468895 -0.9875488 0.02861078
vn -0.1541119 -0.9876609 0.027846957
vn 0.19734691 0.07954921 0.97710085
vn -0.14171492 -0.9899064 -0.0015258673
vn -0 1 0
vn -0.14190604 -0.98986137 -0.0061034854
vn 0.19911195 0.07304586 0.97725064
vn 0.2125546 0.023982722 0.9768548
vn 0.22092989 -0.007961867 0.97525716
vn -0 1 0
vn -0 1 0
vn -0 1 0
vn -0 1 0
vn -0 1 0
vn -0 1 0
vn -0 1 0
vn -0 1 0
vn -0 1 0
vn -0 1 0
vn -0 1 0
vn -0 1 0
vn 0.21146175 0.07606708 -0.9744218
vn -0 1 0
vn -0.22403066 -0.11759464 0.96746147
vn -0.15983507 -0.9871437 0
vn -0.22117378 -0.10662884 0.9693877
vn -0.19682917 -0.01444749 0.98033136
vn -0.18567914 0.025558302 0.982278
vn -0.13522904 -0.99080545 -0.004196106
vn 0.20952466 0.08287526 -0.97428495
vn 0.22545952 0.02470136 -0.97393936
vn 0.23425883 -0.008632095 -0.97213596
vn -1 -9.536525E-05 0
vn -1 -9.536525E-05 0
vn -1 -9.536525E-05 0
vn -1 -9.536525E-05 0
vn 0.9999999 -0.0005721914 0
vn 0.9999999 -0.0005721914 0
vn 0.9999999 -0.0005721914 0
vn 0.9999999 -0.0005721914 0
vn -0.20400368 0.10266945 -0.97357154
vn -0.21809775 0.017737724 -0.9757657
vn -0.22464707 -0.025506407 -0.9741063
vn -0.20324695 0.10739375 -0.97322005
vn -0 -1 0
vn -0 -1 0
vn -0.13504179 0.990831 0.004196214
vn -0.14610384 0.98925275 0.005722083
vn -0 -1 0
vn -0.14781992 0.98901075 0.0026702958
vn -0.15964168 0.9871749 0
vn -0.15048914 0.9882406 -0.02708423
vn -0.15030165 0.9879758 -0.036240242
vn -0.16937663 0.98555076 -0.0011444367
vn -0.16793875 0.9857939 -0.0026702357
vn -0.1682245 0.98574394 0.0030516912
vn -0.1690828 0.9856011 0.0011443845
vn -0.1539257 0.98769 0.027847774
vn -0.15478592 0.9875113 0.029374039
vn -0.14200203 0.9898657 -0.0011444086
vn 0.19734691 -0.07954921 0.97710085
vn -0.14199913 0.9898455 -0.00648485
vn 0.19911195 -0.07304586 0.97725064
vn 0.2125546 -0.023982722 0.9768548
vn 0.22092989 0.007961867 0.97525716
vn -0 -1 0
vn -0 -1 0
vn -0 -1 0
vn -0 -1 0
vn -0 -1 0
vn -0 -1 0
vn -0 -1 0
vn -0 -1 0
vn 0.020312797 -0.99623305 -0.08430287
vn 0.030136256 -0.9916353 -0.12550414
vn -0 -1 0
vn -0 -1 0
vn -0.22403066 0.11759464 0.96746147
vn -0 -1 0
vn -0.13113293 0.99136484 0
vn 0.21142474 -0.13684912 -0.9677665
vn -0.22117378 0.10662884 0.9693877
vn -0.19682917 0.01444749 0.98033136
vn -0.18567914 -0.025558302 0.982278
vn -0.1557381 0.9877878 -0.004577727
vn 0.20952466 -0.08287526 -0.97428495
vn 0.22545952 -0.02470136 -0.97393936
vn 0.23094587 -0.16720214 -0.9584922
vn -1 9.536525E-05 0
vn -1 9.536525E-05 0
vn -1 9.536525E-05 0
vn -1 9.536525E-05 0
vn 0.9999999 0.0005721914 0
vn 0.9999999 0.0005721914 0
vn 0.9999999 0.0005721914 0
vn 0.9999999 0.0005721914 0
vn -0 1 0
vn -0.22464707 0.025506407 -0.9741063
vn -0.20400368 -0.10266945 -0.97357154
vn -0 1 0
vn -0 1 0
vn -1 -9.536525E-05 0
vn -0.21809775 -0.017737724 -0.9757657
vn -1 -9.536525E-05 0
vn -0 1 0
vn -0 1 0
vn -1 -9.536525E-05 0
vn -0.19682917 -0.01444749 0.98033136
vn -1 -9.536525E-05 0
vn -0.22403066 -0.11759464 0.96746147
vn -0 1 0
vn -0.18567914 0.025558302 0.982278
vn -0.16851054 -0.9856962 -0.0026702299
vn -0.15058629 -0.9882046 -0.027847497
vn -0.20324695 -0.10739375 -0.97322005
vn -0.14629081 -0.9892272 0.005340473
vn -0.16746706 -0.98587173 0.0034332655
vn -0.15468895 -0.9875488 0.02861078
vn -0.14171492 -0.9899064 -0.0015258673
vn -0.22117378 -0.10662884 0.9693877
vn 0.19911195 0.07304586 0.97725064
vn -0 1 0
vn -0 1 0
vn 0.22092989 -0.007961867 0.97525716
vn -0 1 0
vn 0.9999999 -0.0005721914 0
vn -0 1 0
vn 0.9999999 -0.0005721914 0
vn 0.9999999 -0.0005721914 0
vn -0 1 0
vn 0.2125546 0.023982722 0.9768548
vn 0.23425883 -0.008632095 -0.97213596
vn -0 1 0
vn 0.21146175 0.07606708 -0.9744218
vn 0.22545952 0.02470136 -0.97393936
vn 0.9999999 -0.0005721914 0
vn -0.15010813 -0.9880052 -0.036239576
vn -0.14791307 -0.9889957 0.00305172
vn 0.19734691 0.07954921 0.97710085
vn -0.1692761 -0.98556834 -0.0007629345
vn -0.16918331 -0.9855834 0.0015258924
vn -0.1541119 -0.9876609 0.027846957
vn 0.20952466 0.08287526 -0.97428495
vn -0.14190604 -0.98986137 -0.0061034854
vn -0.20400368 0.10266945 -0.97357154
vn -0 -1 0
vn -0 -1 0
vn -0.22464707 -0.025506407 -0.9741063
vn -1 9.536525E-05 0
vn -0 -1 0
vn -0 -1 0
vn -1 9.536525E-05 0
vn -1 9.536525E-05 0
vn -0.21809775 0.017737724 -0.9757657
vn -0.19682917 0.01444749 0.98033136
vn -0 -1 0
vn -0 -1 0
vn -0.22403066 0.11759464 0.96746147
vn -0.18567914 -0.025558302 0.982278
vn -1 9.536525E-05 0
vn -0.15048914 0.9882406 -0.02708423
vn -0.14610384 0.98925275 0.005722083
vn -0.20324695 0.10739375 -0.97322005
vn -0.16793875 0.9857939 -0.0026702357
vn -0.1682245 0.98574394 0.0030516912
vn -0.15478592 0.9875113 0.029374039
vn -0.22117378 0.10662884 0.9693877
vn -0.14200203 0.9898657 -0.0011444086
vn -0 -1 0
vn 0.22092989 0.007961867 0.97525716
vn 0.19911195 -0.07304586 0.97725064
vn -0 -1 0
vn 0.9999999 0.0005721914 0
vn -0 -1 0
vn 0.2125546 -0.023982722 0.9768548
vn 0.9999999 0.0005721914 0
vn -0 -1 0
vn 0.9999999 0.0005721914 0
vn 0.23094587 -0.16720214 -0.9584922
vn 0.020312797 -0.99623305 -0.08430287
vn 0.9999999 0.0005721914 0
vn 0.21142474 -0.13684912 -0.9677665
vn 0.030136256 -0.9916353 -0.12550414
vn 0.22545952 -0.02470136 -0.97393936
vn -0.16937663 0.98555076 -0.0011444367
vn -0.15030165 0.9879758 -0.036240242
vn 0.19734691 -0.07954921 0.97710085
vn -0.14781992 0.98901075 0.0026702958
vn -0.1690828 0.9856011 0.0011443845
vn -0.1539257 0.98769 0.027847774
vn -0.14199913 0.9898455 -0.00648485
vn 0.20952466 -0.08287526 -0.97428495
vn 0.70968014 0.70452404 0
vn 0.38436696 0.9231804 -1.4496425E-07
vn 0.7096804 0.7045238 -1.3295463E-06
vn 0.38436723 0.9231803 3.1573157E-07
vn -0 1 -3.5574706E-07
vn 0.7096807 0.70452344 9.693832E-07
vn 0.70967996 0.7045242 5.54333E-07
vn -0 1 3.3642198E-07
vn -0 1 -3.3641888E-07
vn -1.0652039E-07 1 -9.1903485E-07
vn 6.338151E-07 1 -1.1774869E-06
vn -0 1 0
vn -1.3438153E-06 1 -1.3437989E-06
vn -0 1 3.5575067E-07
vn -0.2745307 0.9615783 -4.0973367E-07
vn -0.27166578 0.9623917 -5.012482E-07
vn 1.06521675E-07 1 9.190426E-07
vn 1.3438269E-06 1 1.3438107E-06
vn -6.3382043E-07 1 1.1774986E-06
vn -0 1 0
vn -0.5254469 0.8508264 -7.4367813E-07
vn -0.52544737 0.850826 -5.28265E-07
vn -0.5254469 0.8508264 -7.896086E-07
vn -0.5254449 0.85082763 0
vn -0 0 1
vn -0.86602205 0 0.50000596
vn -0.86602205 0 0.50000596
vn -0 0 1
vn 0.86602205 0 0.50000596
vn 0.86602205 0 0.50000596
vn 0.8660271 0 -0.49999696
vn 0.8660271 0 -0.49999696
vn -0 0 -1
vn -0 0 -1
vn -0.8660271 0 -0.49999696
vn -0.8660271 0 -0.49999696
vn -0.86602205 0 0.50000596
vn -0.86602205 0 0.50000596
vn -0 1 0
vn -0 1 0
vn -0 1 0
vn -0 1 0
vn -0 1 0
vn -0 1 0
vn -0.86602205 0 0.50000596
vn -0 1 0
vn -0 1 0
vn -0 0 1
vn -0 1 0
vn 0.86602205 0 0.50000596
vn -0 1 0
vn 0.8660271 0 -0.49999696
vn -0 1 0
vn -0 0 -1
vn -0 1 0
vn -0.8660271 0 -0.49999696
vn -0 1 0
vn -0.86602205 0 0.50000596
vn -0.99089164 0 -0.13466208
vn -0.24298282 -0.14191344 -0.9595936
vn -0.24298266 0.14191326 -0.9595937
vn 0.26515207 0 -0.9642066
vn -0.99089164 0 -0.13466208
vn 0.060057975 0.9976681 0.032425106
vn 0.26515207 0 -0.9642066
vn 0.26312548 0 -0.9647616
vn 0.060059402 -0.99766797 0.03242588
vn 0.056552492 0.996845 0.055694196
vn 0.26348045 0 -0.96466476
vn 0.056551155 -0.99684525 0.05569287
vn 0.21659718 0 -0.976261
vn 0.89391154 0 0.44824332
vn 0.21659718 0 -0.976261
vn 0.89391154 0 0.44824332
vn 0.92666703 0.3758833 0
vn 0.3869098 0.9221176 0
vn 0.92666703 0.3758833 0
vn 0.92666703 -0.3758833 0
vn 0.3869098 0.9221176 0
vn 0.92666703 -0.3758833 0
vn 0.3869098 -0.9221176 0
vn 0.3869098 -0.9221176 0
vn -0.36015788 -0.9328914 0
vn -0.36015788 -0.9328914 0
vn -0.9310745 -0.364829 0
vn -0.9310907 -0.36478764 0
vn -0.9310745 0.364829 0
vn -0.9310745 0.364829 0
vn -0.36015788 0.9328914 0
vn -0.36015788 0.9328914 0
vn -0 0 -1
vn -0 0 -1
vn -0 0 -1
vn -0 0 -1
vn -0 0 -1
vn -0 0 -1
vn -0 0 -1
vn -0 0 -1
vn -0 0 -1
vn -0 0 1
vn -0 0 1
vn -0 0 1
vn -0 0 1
vn -0 0 1
vn -0 0 1
vn -0 0 1
vn -0 0 1
vn -0 0 1
vn 0.69020027 0.6546572 0.3082976
vn 0.8154077 0.5579074 -0.15443332
vn 0.73319584 0.62062657 -0.2779327
vn 0.35877568 0.6966858 -0.6212157
vn 0.8057619 0.57650816 0.13559584
vn 0.38387695 0.68887126 -0.6148942
vn -0.28709185 0.71880823 -0.63316107
vn -0.3183893 0.73960465 -0.5929697
vn -0.6878952 0.6685852 -0.2824782
vn -0.76892203 0.62646633 -0.12766647
vn -0.60401446 0.75220686 0.26334652
vn -0.7307421 0.6688714 0.13648115
vn 0.32873484 0.75528556 0.56698954
vn 0.29655808 0.7425608 0.60054696
vn -0.26403067 0.78958434 0.55393547
vn -0.35133693 0.7711306 0.5309613
vn -0 0 -1
vn -0 0 -1
vn -0 0 -1
vn -0 0 -1
vn -0 0 -1
vn -0 0 -1
vn -0 0 -1
vn -0 0 -1
vn -0 0 -1
vn -0 0 1
vn -0 0 1
vn -0 0 1
vn -0 0 1
vn -0 0 1
vn -0 0 1
vn -0 0 1
vn -0 0 1
vn -0 0 1
vn -0 0 1
vn 0.3869098 0.9221176 0
vn 0.92666703 0.3758833 0
vn -0 0 1
vn -0 0 1
vn -0.36015788 0.9328914 0
vn 0.92666703 -0.3758833 0
vn -0 0 1
vn -0 0 1
vn -0.9310745 0.364829 0
vn 0.3869098 -0.9221176 0
vn -0 0 1
vn -0 0 1
vn -0.9310907 -0.36478764 0
vn -0.36015788 -0.9328914 0
vn -0 0 1
vn 0.92666703 0.3758833 0
vn -0 0 -1
vn -0 0 -1
vn 0.3869098 0.9221176 0
vn 0.92666703 -0.3758833 0
vn -0 0 -1
vn -0 0 -1
vn -0.36015788 0.9328914 0
vn 0.3869098 -0.9221176 0
vn -0 0 -1
vn -0 0 -1
vn -0.9310745 0.364829 0
vn -0.36015788 -0.9328914 0
vn -0 0 -1
vn -0 0 -1
vn -0.9310745 -0.364829 0
vn 0.38099802 0.9245758 0
vn -0 0 1
vn -0 0 1
vn 0.9231728 0.38438508 0
vn -0.38433602 0.92319334 0
vn -0 0 1
vn -0 0 1
vn 0.92457926 -0.3809896 0
vn -0.92457926 0.3809896 0
vn -0 0 1
vn -0 0 1
vn 0.38438508 -0.9231728 0
vn -0.9231728 -0.38438508 0
vn -0 0 1
vn -0 0 1
vn -0.3809896 -0.92457926 0
vn -0 0 -1
vn 0.9231728 0.38438508 0
vn 0.38099802 0.9245758 0
vn -0 0 -1
vn -0 0 -1
vn 0.92457926 -0.3809896 0
vn -0.38433602 0.92319334 0
vn -0 0 -1
vn -0 0 -1
vn 0.38438508 -0.9231728 0
vn -0.92457926 0.3809896 0
vn -0 0 -1
vn -0 0 -1
vn -0.3809896 -0.92457926 0
vn -0.9231728 -0.38438508 0
vn -0 0 -1
vn -0 0 1
vn 0.9923328 -0.12359457 0
vn 0.90279967 -0.43006125 0
vn -0 0 1
vn -0 0 1
vn -0.78831637 -0.61527014 0
vn 0.34961802 -0.93689233 0
vn -0 0 1
vn -0 0 1
vn -0.5392553 -0.8421423 0
vn -0 0 -1
vn 0.90279967 -0.43006125 0
vn 0.9923328 -0.12359457 0
vn -0 0 -1
vn -0 0 -1
vn 0.34961802 -0.93689233 0
vn -0.78831637 -0.61527014 0
vn -0 0 -1
vn -0 0 -1
vn -0.5392553 -0.8421423 0
vn -1 0 0
vn -0 -1 0
vn -0 -1 0
vn -1 0 0
vn -0 -1 0
vn -0 0 1
vn -0 -1 0
vn -0 0 1
vn -0 -1 0
vn -0 0 -1
vn -0 -1 0
vn -1 0 0
vn 1 0 0
vn -0 -1 0
vn -0 0 1
vn -0 0 -1
vn -0 -1 0
vn -0 0 -1
vn 1 0 0
vn -0 0 -1
vn 1 0 0
vn 1 0 0
vn -0 1 0
vn -0 1 0
vn -0 1 0
vn -0 1 0
vn -1 0 0
vn -0 1 0
vn -0 1 0
vn -0 1 0
vn -0 0 1
vn -0 1 0
vn 0.38099802 0.9245758 0
vn -0 0 1
vn -0 0 1
vn 0.9231728 0.38438508 0
vn -0.38437667 0.92317635 0
vn -0 0 1
vn -0 0 1
vn 0.92457926 -0.3809896 0
vn -0.92457926 0.3809896 0
vn -0 0 1
vn -0 0 1
vn 0.38438508 -0.9231728 0
vn -0.9231728 -0.38438508 0
vn -0 0 1
vn -0 0 1
vn -0.3809896 -0.92457926 0
vn -0 0 -1
vn 0.9231728 0.38438508 0
vn 0.38099802 0.9245758 0
vn -0 0 -1
vn -0 0 -1
vn 0.92457926 -0.3809896 0
vn -0.38437667 0.92317635 0
vn -0 0 -1
vn -0 0 -1
vn 0.38438508 -0.9231728 0
vn -0.92457926 0.3809896 0
vn -0 0 -1
vn -0 0 -1
vn -0.3809896 -0.92457926 0
vn -0.9231728 -0.38438508 0
vn -0 0 -1
vn 0.38099802 0.9245758 0
vn -0 0 1
vn -0 0 1
vn 0.9231728 0.38438508 0
vn -0.38433602 0.92319334 0
vn -0 0 1
vn -0 0 1
vn 0.92457926 -0.3809896 0
vn -0.92457926 0.3809896 0
vn -0 0 1
vn -0 0 1
vn 0.38438508 -0.9231728 0
vn -0.9231728 -0.38438508 0
vn -0 0 1
vn -0 0 1
vn -0.3809896 -0.92457926 0
vn -0 0 -1
vn 0.9231728 0.38438508 0
vn 0.38099802 0.9245758 0
vn -0 0 -1
vn -0 0 -1
vn 0.92457926 -0.3809896 0
vn -0.38433602 0.92319334 0
vn -0 0 -1
vn -0 0 -1
vn 0.38438508 -0.9231728 0
vn -0.92457926 0.3809896 0
vn -0 0 -1
vn -0 0 -1
vn -0.3809896 -0.92457926 0
vn -0.9231728 -0.38438508 0
vn -0 0 -1
vn -6.5805887E-07 1 -3.9885575E-07
vn -1.3719828E-07 1 -1.679089E-07
vn -6.574914E-07 1 -2.9497494E-07
vn -0 1 -1.2807799E-07
vn -2.4519153E-07 1 0
vn -1.1091842E-07 1 -1.08136994E-07
vn -2.0468215E-07 1 0
vn -1.5868417E-07 1 -1.14784434E-07
vn -1.4345461E-07 1 -1.1546136E-07
vn -2.027363E-07 1 0
vn -1.550232E-07 1 -1.2895755E-07
vn -1.6398958E-07 1 0
vn -2.6730083E-07 1 0
vn -2.7559798E-07 1 0
vn -0 -1 0
vn -0 -1 0
vn -0 -1 0
vn -0 -1 0
vn -0 -1 0
vn -0 -1 0
vn -1.0138336E-07 -1 0
vn -0 -1 0
vn -0 -1 0
vn -2.694548E-07 -1 4.0167748E-07
vn -0 -1 0
vn -3.619684E-07 -1 3.9074703E-07
vn -0 -1 0
vn -0 -1 1.0579253E-07
vn -0 1 0
vn -0 1 0
vn -0 1 0
vn -0 1 0
vn -0 1 0
vn -0 1 0
vn -0 1 0
vn -0 1 0
vn 0.9231728 0.38438508 0
vn -0 0 1
vn 0.38099802 0.9245758 0
vn -0 0 1
vn -0 0 1
vn 0.92457926 -0.3809896 0
vn -0.38437667 0.92317635 0
vn -0 0 1
vn -0 0 1
vn 0.38438508 -0.9231728 0
vn -0.92457926 0.3809896 0
vn -0 0 1
vn -0 0 1
vn -0.38100642 -0.92457235 0
vn -0.9231728 -0.38438508 0
vn -0 0 1
vn 0.9231728 0.38438508 0
vn 0.38099802 0.9245758 0
vn 0.38099802 0.9245758 0
vn 0.9231728 0.38438508 0
vn -0.38433602 0.92319334 0
vn 0.92457926 -0.3809896 0
vn -0.38433602 0.92319334 0
vn 0.92457926 -0.3809896 0
vn -0.92457926 0.3809896 0
vn 0.38438508 -0.9231728 0
vn -0.92457926 0.3809896 0
vn 0.38438508 -0.9231728 0
vn -0.9231728 -0.38438508 0
vn -0.3809896 -0.92457926 0
vn -0.9231728 -0.38438508 0
vn -0.3809896 -0.92457926 0
vn 0.9231728 0.38438508 0
vn 0.38099802 0.9245758 0
vn 0.38099802 0.9245758 0
vn 0.9231728 0.38438508 0
vn -0.38433602 0.92319334 0
vn 0.92457926 -0.3809896 0
vn -0.38433602 0.92319334 0
vn 0.92457926 -0.3809896 0
vn -0.92457926 0.3809896 0
vn 0.38438508 -0.9231728 0
vn -0.92457926 0.3809896 0
vn 0.38438508 -0.9231728 0
vn -0.9231728 -0.38438508 0
vn -0.3809896 -0.92457926 0
vn -0.9231728 -0.38438508 0
vn -0.3809896 -0.92457926 0
vn -0.685689 -0.70048594 -0.19786376
vn -0.65231246 4.282447E-06 0.75795007
vn -0.6371169 -0.5214506 0.5676013
vn 0.5120533 -0.62563473 0.58854276
vn 0.6101741 -0.7581066 -0.23013456
vn 0.7561919 0.010204435 0.6542703
vn -0.9983706 0 0.05706384
vn -0.63978684 -0.3695204 -0.6738899
vn -0.6856893 0.700486 -0.19786254
vn -0.6371178 0.5214529 0.5675983
vn -0.639784 0.36951378 -0.6738962
vn 0.58647716 0.38656965 -0.71176434
vn 0.58647954 -0.38657638 -0.7117588
vn 0.9987978 0.0069227014 -0.048529893
vn 0.6174931 0.7553079 -0.2195732
vn 0.52378416 0.6226898 0.5812982
vn -0.22218469 0.42898855 0.8755586
vn 0.1997522 0.2589951 -0.94499767
vn -0.2931202 0.26942793 0.9173272
vn 0.25037885 0.42740846 -0.8686959
vn -0.027019486 -0.9995944 -0.00899955
vn 0.21445538 -0.9747922 0.061555907
vn -0.031109408 0.4661325 -0.88416785
vn -0.4723676 0.46310407 0.7499356
vn 0.47238967 -0.8719046 0.12895916
vn -0.22218908 0.42901617 0.8755439
vn 0.19975658 0.25899675 -0.94499624
vn -0.29311252 0.26942742 0.9173297
vn 0.25037268 0.42740294 -0.8687003
vn -0.027038356 -0.99959415 -0.008966593
vn 0.21446085 -0.9747911 0.06155292
vn -0.031105233 0.46612114 -0.884174
vn -0.47237244 0.46310276 0.7499334
vn 0.47237825 -0.87190723 0.12898275
vn -0.22218998 0.42900202 0.8755507
vn 0.19976133 0.25899252 -0.9449965
vn -0.29312205 0.26943043 0.9173258
vn 0.250381 0.42739898 -0.86869985
vn -0.027029647 -0.9995944 -0.008977038
vn 0.21445686 -0.97479147 0.061561927
vn -0.031101609 0.46612823 -0.8841703
vn -0.4723739 0.46310633 0.7499303
vn 0.4723818 -0.8719055 0.12898132
vn -0.22218534 0.4290042 0.87555075
vn 0.19975285 0.25899643 -0.9449972
vn -0.29311267 0.26942614 0.91733015
vn 0.2503716 0.4274092 -0.8686975
vn -0.02703192 -0.9995943 -0.008979933
vn 0.21445918 -0.9747917 0.061549176
vn -0.031107765 0.46612948 -0.88416946
vn -0.47236943 0.4631044 0.74993426
vn 0.47238374 -0.8719064 0.12896806
vn -0.22218709 0.42900243 0.8755511
vn 0.19975862 0.25899878 -0.9449953
vn -0.2931226 0.26942697 0.91732675
vn 0.25037685 0.4274057 -0.8686977
vn -0.027028766 -0.9995943 -0.008984661
vn 0.21445802 -0.97479194 0.061549798
vn -0.031103773 0.46612895 -0.88416994
vn -0.4723742 0.46309665 0.7499361
vn 0.4723821 -0.8719071 0.12896965
vn -0.22218667 0.4290031 0.8755509
vn 0.19975868 0.2590008 -0.94499475
vn -0.29311463 0.26942423 0.91733
vn 0.2503747 0.42740446 -0.8686991
vn -0.027032271 -0.9995943 -0.008981397
vn 0.2144614 -0.97479135 0.061548702
vn -0.031105304 0.4661241 -0.88417244
vn -0.47237602 0.4631025 0.74993134
vn 0.4723795 -0.87190694 0.1289807
vn -0.22218576 0.4290034 0.87555104
vn 0.19975582 0.25899807 -0.9449962
vn -0.29311636 0.26942593 0.917329
vn 0.25037822 0.42740887 -0.8686958
vn -0.027029196 -0.9995943 -0.0089851925
vn 0.2144589 -0.9747917 0.061550584
vn -0.031108588 0.46612555 -0.8841715
vn -0.472372 0.4631018 0.74993426
vn 0.47238243 -0.87190676 0.1289705
vn -0.22218707 0.42900488 0.8755499
vn 0.19975856 0.25899556 -0.9449962
vn -0.29312068 0.26942858 0.9173268
vn 0.2503803 0.42740542 -0.86869687
vn -0.027029725 -0.9995943 -0.008981592
vn 0.21445818 -0.97479147 0.061555702
vn -0.031105673 0.46612704 -0.88417083
vn -0.47237208 0.4631019 0.7499342
vn 0.47238266 -0.87190586 0.12897605
vn 0.40462387 0.5288597 -0.7460476
vn -0.20303436 0.34449536 0.9165697
vn -0.052827474 0.54337984 0.83782315
vn 0.31175253 0.34233916 -0.8863488
vn -0.30660802 -0.9470661 -0.09516949
vn -0.1736561 -0.98377615 -0.04503392
vn 0.20745562 0.2540894 -0.94466966
vn -0.2930399 0.26177043 0.91956717
vn 0.2025917 -0.97741765 0.060093675
vn -0.031106422 0.46612722 -0.8841708
vn -0.47237372 0.46310094 0.7499337
vn 0.47238407 -0.8719057 0.12897222
vn 0.37037382 0.5394525 -0.75618404
vn -0.14958057 0.356772 0.92213845
vn -0.03262535 0.52775246 0.8487714
vn 0.29166093 0.36577505 -0.8838226
vn -0.30359298 -0.950166 -0.07082219
vn -0.20652841 -0.97715145 -0.0502087
vn -0.22079271 0.37008464 0.902379
vn -0.01821978 -0.9998116 -0.0067017623
vn 0.23469594 0.3605046 -0.9027482
vn -0.3064021 0.34106946 0.888701
vn 0.17256631 0.33138078 -0.92758155
vn 0.20615542 -0.9767196 0.059319172
vn 0.0700837 0.43271086 -0.8988046
vn -0.38404825 0.4351608 0.8143354
vn 0.3462543 -0.9336638 0.09154131
vn 0.9231728 0.38438508 0
vn 0.38099802 0.9245758 0
vn 0.38099802 0.9245758 0
vn 0.9231728 0.38438508 0
vn -0.38437667 0.92317635 0
vn 0.92457926 -0.3809896 0
vn -0.38437667 0.92317635 0
vn 0.92457926 -0.3809896 0
vn -0.92457926 0.3809896 0
vn 0.38436824 -0.9231799 0
vn -0.92457926 0.3809896 0
vn 0.38438508 -0.9231728 0
vn -0.9231728 -0.38438508 0
vn -0.38100642 -0.92457235 0
vn -0.9231728 -0.38438508 0
vn -0.38100642 -0.92457235 0
vn 0.84846103 -0.3006496 0.4355728
vn -0.060037237 -0.3384605 0.9390634
vn -0.060037363 0.33846158 0.93906295
vn 0.84846085 0.30064955 0.43557322
vn 0.2715453 0.725194 0.63273764
vn -0.9390627 0.33846155 0.060040593
vn -0.6327359 0.72519726 -0.27154052
vn -0.93906265 -0.33846194 0.060040984
vn 0.2715436 -0.7251943 0.632738
vn -0.43557692 -0.3006462 -0.8484601
vn -0.63273656 -0.7251967 -0.27154043
vn 0.63273793 -0.72519463 0.27154252
vn -0.4355765 0.30064645 -0.84846026
vn -0.27154142 -0.7251959 -0.632737
vn 0.4171706 -0.30211228 0.85714465
vn -0.85714376 -0.3021099 -0.4171741
vn -0.8571437 0.30210984 -0.4171742
vn 0.41717064 0.30211228 0.85714453
vn -0.27154115 0.72519624 -0.63273674
vn 0.93906325 -0.33846092 -0.060037594
vn 0.63273805 0.72519433 0.2715433
vn 0.060041014 0.33846155 -0.9390627
vn 0.060040988 -0.33846238 -0.93906254
vn 0.9390631 0.33846137 -0.06003761
g OL_CH0069_Cutin_Weapon_0
f 3/3/3 2/2/2 1/1/1
f 4/4/4 1/1/1 2/2/2
f 2/2/2 5/5/5 4/4/4
f 6/6/6 4/4/4 5/5/5
f 9/9/9 8/8/8 7/7/7
f 10/10/10 7/7/7 8/8/8
f 10/10/10 11/11/11 7/7/7
f 12/12/12 7/7/7 11/11/11
f 15/15/15 14/14/14 13/13/13
f 16/16/16 13/13/13 14/14/14
f 13/13/13 16/16/16 17/17/17
f 18/18/18 17/17/17 16/16/16
f 18/18/18 19/19/19 17/17/17
f 20/20/20 17/17/17 19/19/19
f 23/23/23 22/22/22 21/21/21
f 24/24/24 21/21/21 22/22/22
f 22/22/22 25/25/25 24/24/24
f 26/26/26 24/24/24 25/25/25
f 29/29/29 28/28/28 27/27/27
f 30/30/30 27/27/27 28/28/28
f 28/28/28 31/31/31 30/30/30
f 32/32/32 30/30/30 31/31/31
f 30/30/30 32/32/32 33/33/33
f 34/34/34 33/33/33 32/32/32
f 34/34/34 35/35/35 33/33/33
f 36/36/36 33/33/33 35/35/35
f 33/33/33 36/36/36 37/37/37
f 38/38/38 37/37/37 36/36/36
f 41/41/41 40/40/40 39/39/39
f 42/42/42 39/39/39 40/40/40
f 39/39/39 42/42/42 43/43/43
f 44/44/44 43/43/43 42/42/42
f 47/47/47 46/46/46 45/45/45
f 48/48/48 45/45/45 46/46/46
f 51/51/51 50/50/50 49/49/49
f 52/52/52 49/49/49 50/50/50
f 55/55/55 54/54/54 53/53/53
f 56/56/56 53/53/53 54/54/54
f 59/59/59 58/58/58 57/57/57
f 60/60/60 57/57/57 58/58/58
f 63/63/63 62/62/62 61/61/61
f 64/64/64 62/62/62 63/63/63
f 63/63/63 65/65/65 64/64/64
f 66/66/66 64/64/64 65/65/65
f 62/62/62 64/64/64 67/67/67
f 68/68/68 67/67/67 64/64/64
f 71/71/71 70/70/70 69/69/69
f 72/72/72 69/69/69 70/70/70
f 70/70/70 73/73/73 72/72/72
f 74/74/74 72/72/72 73/73/73
f 77/77/77 76/76/76 75/75/75
f 78/78/78 75/75/75 76/76/76
f 81/81/81 80/80/80 79/79/79
f 79/79/79 80/80/80 82/82/82
f 82/82/82 83/83/83 79/79/79
f 84/84/84 79/79/79 83/83/83
f 82/82/82 80/80/80 85/85/85
f 86/86/86 85/85/85 80/80/80
f 89/89/89 88/88/88 87/87/87
f 88/88/88 90/90/90 87/87/87
f 90/90/90 91/91/91 87/87/87
f 91/91/91 92/92/92 87/87/87
f 95/95/95 94/94/94 93/93/93
f 96/96/96 93/93/93 94/94/94
f 99/99/99 98/98/98 97/97/97
f 100/100/100 97/97/97 98/98/98
f 103/103/103 102/102/102 101/101/101
f 104/104/104 101/101/101 102/102/102
f 107/107/107 106/106/106 105/105/105
f 108/108/108 105/105/105 106/106/106
f 111/111/111 110/110/110 109/109/109
f 112/112/112 109/109/109 110/110/110
f 115/115/115 114/114/114 113/113/113
f 116/116/116 113/113/113 114/114/114
f 116/116/116 117/117/117 113/113/113
f 118/118/118 113/113/113 117/117/117
f 117/117/117 120/120/120 119/119/119
f 121/121/121 119/119/119 120/120/120
f 120/120/120 122/122/122 121/121/121
f 123/123/123 121/121/121 122/122/122
f 125/125/125 124/124/124 118/118/118
f 126/126/126 118/118/118 124/124/124
f 124/124/124 127/127/127 126/126/126
f 128/128/128 126/126/126 127/127/127
f 127/127/127 129/129/129 123/123/123
f 130/130/130 123/123/123 129/129/129
f 129/129/129 131/131/131 130/130/130
f 132/132/132 130/130/130 131/131/131
f 135/135/135 134/134/134 133/133/133
f 136/136/136 133/133/133 134/134/134
f 139/139/139 138/138/138 137/137/137
f 140/140/140 137/137/137 138/138/138
f 137/137/137 140/140/140 141/141/141
f 142/142/142 141/141/141 140/140/140
f 141/141/141 142/142/142 143/143/143
f 144/144/144 143/143/143 142/142/142
f 143/143/143 144/144/144 145/145/145
f 146/146/146 145/145/145 144/144/144
f 145/145/145 146/146/146 147/147/147
f 148/148/148 147/147/147 146/146/146
f 147/147/147 148/148/148 149/149/149
f 150/150/150 149/149/149 148/148/148
f 153/153/153 152/152/152 151/151/151
f 154/154/154 151/151/151 152/152/152
f 151/151/151 154/154/154 155/155/155
f 156/156/156 155/155/155 154/154/154
f 155/155/155 156/156/156 157/157/157
f 158/158/158 157/157/157 156/156/156
f 157/157/157 158/158/158 159/159/159
f 160/160/160 159/159/159 158/158/158
f 159/159/159 160/160/160 161/161/161
f 162/162/162 161/161/161 160/160/160
f 161/161/161 162/162/162 163/163/163
f 164/164/164 163/163/163 162/162/162
f 167/167/167 166/166/166 165/165/165
f 166/166/166 168/168/168 165/165/165
f 168/168/168 169/169/169 165/165/165
f 170/170/170 168/168/168 166/166/166
f 173/173/173 172/172/172 171/171/171
f 172/172/172 174/174/174 171/171/171
f 174/174/174 175/175/175 171/171/171
f 176/176/176 174/174/174 172/172/172
f 179/179/179 178/178/178 177/177/177
f 180/180/180 177/177/177 178/178/178
f 177/177/177 180/180/180 181/181/181
f 182/182/182 181/181/181 180/180/180
f 181/181/181 182/182/182 183/183/183
f 184/184/184 183/183/183 182/182/182
f 183/183/183 184/184/184 185/185/185
f 186/186/186 185/185/185 184/184/184
f 185/185/185 186/186/186 187/187/187
f 188/188/188 187/187/187 186/186/186
f 187/187/187 188/188/188 189/189/189
f 190/190/190 189/189/189 188/188/188
f 193/193/193 192/192/192 191/191/191
f 194/194/194 191/191/191 192/192/192
f 191/191/191 194/194/194 195/195/195
f 196/196/196 195/195/195 194/194/194
f 195/195/195 196/196/196 197/197/197
f 198/198/198 197/197/197 196/196/196
f 197/197/197 198/198/198 199/199/199
f 200/200/200 199/199/199 198/198/198
f 199/199/199 200/200/200 201/201/201
f 202/202/202 201/201/201 200/200/200
f 201/201/201 202/202/202 203/203/203
f 204/204/204 203/203/203 202/202/202
f 207/207/207 206/206/206 205/205/205
f 206/206/206 208/208/208 205/205/205
f 208/208/208 209/209/209 205/205/205
f 210/210/210 208/208/208 206/206/206
f 213/213/213 212/212/212 211/211/211
f 214/214/214 211/211/211 212/212/212
f 211/211/211 214/214/214 215/215/215
f 216/216/216 215/215/215 214/214/214
f 215/215/215 216/216/216 217/217/217
f 218/218/218 217/217/217 216/216/216
f 217/217/217 218/218/218 219/219/219
f 220/220/220 219/219/219 218/218/218
f 219/219/219 220/220/220 221/221/221
f 222/222/222 221/221/221 220/220/220
f 221/221/221 222/222/222 223/223/223
f 224/224/224 223/223/223 222/222/222
f 227/227/227 226/226/226 225/225/225
f 226/226/226 228/228/228 225/225/225
f 228/228/228 229/229/229 225/225/225
f 230/230/230 228/228/228 226/226/226
f 231/231/231 230/230/230 226/226/226
f 232/232/232 228/228/228 230/230/230
f 235/235/235 234/234/234 233/233/233
f 234/234/234 236/236/236 233/233/233
f 236/236/236 237/237/237 233/233/233
f 238/238/238 236/236/236 234/234/234
f 239/239/239 238/238/238 234/234/234
f 240/240/240 236/236/236 238/238/238
f 243/243/243 242/242/242 241/241/241
f 242/242/242 244/244/244 241/241/241
f 244/244/244 245/245/245 241/241/241
f 246/246/246 244/244/244 242/242/242
f 247/247/247 246/246/246 242/242/242
f 248/248/248 244/244/244 246/246/246
f 251/251/251 250/250/250 249/249/249
f 250/250/250 252/252/252 249/249/249
f 252/252/252 253/253/253 249/249/249
f 254/254/254 252/252/252 250/250/250
f 255/255/255 254/254/254 250/250/250
f 256/256/256 252/252/252 254/254/254
f 259/259/259 258/258/258 257/257/257
f 258/258/258 260/260/260 257/257/257
f 260/260/260 261/261/261 257/257/257
f 262/262/262 260/260/260 258/258/258
f 263/263/263 262/262/262 258/258/258
f 264/264/264 260/260/260 262/262/262
f 267/267/267 266/266/266 265/265/265
f 266/266/266 268/268/268 265/265/265
f 268/268/268 269/269/269 265/265/265
f 270/270/270 268/268/268 266/266/266
f 271/271/271 270/270/270 266/266/266
f 272/272/272 268/268/268 270/270/270
f 275/275/275 274/274/274 273/273/273
f 274/274/274 276/276/276 273/273/273
f 276/276/276 277/277/277 273/273/273
f 278/278/278 276/276/276 274/274/274
f 279/279/279 278/278/278 274/274/274
f 280/280/280 276/276/276 278/278/278
f 283/283/283 282/282/282 281/281/281
f 282/282/282 284/284/284 281/281/281
f 284/284/284 285/285/285 281/281/281
f 286/286/286 284/284/284 282/282/282
f 289/289/289 288/288/288 287/287/287
f 288/288/288 290/290/290 287/287/287
f 290/290/290 291/291/291 287/287/287
f 292/292/292 290/290/290 288/288/288
f 295/295/295 294/294/294 293/293/293
f 294/294/294 296/296/296 293/293/293
f 296/296/296 297/297/297 293/293/293
f 298/298/298 296/296/296 294/294/294
f 301/301/301 300/300/300 299/299/299
f 302/302/302 299/299/299 300/300/300
f 299/299/299 302/302/302 303/303/303
f 304/304/304 303/303/303 302/302/302
f 303/303/303 304/304/304 305/305/305
f 306/306/306 305/305/305 304/304/304
f 305/305/305 306/306/306 307/307/307
f 308/308/308 307/307/307 306/306/306
f 307/307/307 308/308/308 309/309/309
f 310/310/310 309/309/309 308/308/308
f 309/309/309 310/310/310 311/311/311
f 312/312/312 311/311/311 310/310/310
f 315/315/315 314/314/314 313/313/313
f 314/314/314 316/316/316 313/313/313
f 316/316/316 317/317/317 313/313/313
f 318/318/318 316/316/316 314/314/314
f 319/319/319 318/318/318 314/314/314
f 320/320/320 316/316/316 318/318/318
f 323/323/323 322/322/322 321/321/321
f 322/322/322 324/324/324 321/321/321
f 324/324/324 325/325/325 321/321/321
f 326/326/326 324/324/324 322/322/322
f 327/327/327 326/326/326 322/322/322
f 328/328/328 324/324/324 326/326/326
f 331/331/331 330/330/330 329/329/329
f 330/330/330 332/332/332 329/329/329
f 332/332/332 333/333/333 329/329/329
f 334/334/334 332/332/332 330/330/330
f 335/335/335 334/334/334 330/330/330
f 336/336/336 332/332/332 334/334/334
f 339/339/339 338/338/338 337/337/337
f 338/338/338 340/340/340 337/337/337
f 341/341/341 340/340/340 338/338/338
f 340/340/340 342/342/342 337/337/337
f 342/342/342 343/343/343 337/337/337
f 344/344/344 342/342/342 340/340/340
f 347/347/347 346/346/346 345/345/345
f 346/346/346 348/348/348 345/345/345
f 349/349/349 348/348/348 346/346/346
f 348/348/348 350/350/350 345/345/345
f 350/350/350 351/351/351 345/345/345
f 352/352/352 350/350/350 348/348/348
f 355/355/355 354/354/354 353/353/353
f 354/354/354 356/356/356 353/353/353
f 357/357/357 356/356/356 354/354/354
f 356/356/356 358/358/358 353/353/353
f 358/358/358 359/359/359 353/353/353
f 360/360/360 358/358/358 356/356/356
f 363/363/363 362/362/362 361/361/361
f 362/362/362 364/364/364 361/361/361
f 365/365/365 364/364/364 362/362/362
f 364/364/364 366/366/366 361/361/361
f 366/366/366 367/367/367 361/361/361
f 368/368/368 366/366/366 364/364/364
f 371/371/371 370/370/370 369/369/369
f 370/370/370 372/372/372 369/369/369
f 373/373/373 372/372/372 370/370/370
f 372/372/372 374/374/374 369/369/369
f 374/374/374 375/375/375 369/369/369
f 376/376/376 374/374/374 372/372/372
f 379/379/379 378/378/378 377/377/377
f 378/378/378 380/380/380 377/377/377
f 381/381/381 380/380/380 378/378/378
f 380/380/380 382/382/382 377/377/377
f 382/382/382 383/383/383 377/377/377
f 384/384/384 382/382/382 380/380/380
f 387/387/387 386/386/386 385/385/385
f 386/386/386 388/388/388 385/385/385
f 388/388/388 389/389/389 385/385/385
f 390/390/390 388/388/388 386/386/386
f 391/391/391 390/390/390 386/386/386
f 392/392/392 388/388/388 390/390/390
f 395/395/395 394/394/394 393/393/393
f 394/394/394 396/396/396 393/393/393
f 396/396/396 397/397/397 393/393/393
f 398/398/398 396/396/396 394/394/394
f 399/399/399 398/398/398 394/394/394
f 400/400/400 396/396/396 398/398/398
f 403/403/403 402/402/402 401/401/401
f 402/402/402 404/404/404 401/401/401
f 404/404/404 405/405/405 401/401/401
f 406/406/406 404/404/404 402/402/402
f 407/407/407 406/406/406 402/402/402
f 408/408/408 404/404/404 406/406/406
f 411/411/411 410/410/410 409/409/409
f 410/410/410 412/412/412 409/409/409
f 412/412/412 413/413/413 409/409/409
f 414/414/414 412/412/412 410/410/410
f 415/415/415 414/414/414 410/410/410
f 416/416/416 412/412/412 414/414/414
f 419/419/419 418/418/418 417/417/417
f 418/418/418 420/420/420 417/417/417
f 420/420/420 421/421/421 417/417/417
f 422/422/422 420/420/420 418/418/418
f 423/423/423 422/422/422 418/418/418
f 424/424/424 420/420/420 422/422/422
f 427/427/427 426/426/426 425/425/425
f 426/426/426 428/428/428 425/425/425
f 428/428/428 429/429/429 425/425/425
f 430/430/430 428/428/428 426/426/426
f 431/431/431 430/430/430 426/426/426
f 432/432/432 428/428/428 430/430/430
f 435/435/435 434/434/434 433/433/433
f 434/434/434 436/436/436 433/433/433
f 436/436/436 437/437/437 433/433/433
f 438/438/438 436/436/436 434/434/434
f 439/439/439 438/438/438 434/434/434
f 440/440/440 436/436/436 438/438/438
f 443/443/443 442/442/442 441/441/441
f 442/442/442 444/444/444 441/441/441
f 444/444/444 445/445/445 441/441/441
f 446/446/446 444/444/444 442/442/442
f 447/447/447 446/446/446 442/442/442
f 448/448/448 444/444/444 446/446/446
f 451/451/451 450/450/450 449/449/449
f 450/450/450 452/452/452 449/449/449
f 452/452/452 453/453/453 449/449/449
f 454/454/454 452/452/452 450/450/450
f 455/455/455 454/454/454 450/450/450
f 456/456/456 452/452/452 454/454/454
f 459/459/459 458/458/458 457/457/457
f 458/458/458 460/460/460 457/457/457
f 461/461/461 460/460/460 458/458/458
f 460/460/460 462/462/462 457/457/457
f 462/462/462 463/463/463 457/457/457
f 464/464/464 462/462/462 460/460/460
f 467/467/467 466/466/466 465/465/465
f 466/466/466 468/468/468 465/465/465
f 469/469/469 468/468/468 466/466/466
f 468/468/468 470/470/470 465/465/465
f 470/470/470 471/471/471 465/465/465
f 472/472/472 470/470/470 468/468/468
f 475/475/475 474/474/474 473/473/473
f 474/474/474 476/476/476 473/473/473
f 477/477/477 476/476/476 474/474/474
f 476/476/476 478/478/478 473/473/473
f 478/478/478 479/479/479 473/473/473
f 480/480/480 478/478/478 476/476/476
f 483/483/483 482/482/482 481/481/481
f 482/482/482 484/484/484 481/481/481
f 484/484/484 485/485/485 481/481/481
f 486/486/486 484/484/484 482/482/482
f 487/487/487 486/486/486 482/482/482
f 488/488/488 484/484/484 486/486/486
f 491/491/491 490/490/490 489/489/489
f 492/492/492 489/489/489 490/490/490
f 489/489/489 492/492/492 493/493/493
f 494/494/494 492/492/492 490/490/490
f 495/495/495 493/493/493 492/492/492
f 490/490/490 496/496/496 494/494/494
f 493/493/493 495/495/495 497/497/497
f 494/494/494 496/496/496 498/498/498
f 499/499/499 497/497/497 495/495/495
f 498/498/498 496/496/496 500/500/500
f 497/497/497 499/499/499 501/501/501
f 502/502/502 501/501/501 499/499/499
f 501/501/501 502/502/502 503/503/503
f 504/504/504 503/503/503 502/502/502
f 503/503/503 504/504/504 505/505/505
f 498/498/498 500/500/500 506/506/506
f 506/506/506 505/505/505 504/504/504
f 500/500/500 507/507/507 506/506/506
f 505/505/505 506/506/506 507/507/507
f 510/510/510 509/509/509 508/508/508
f 509/509/509 511/511/511 508/508/508
f 511/511/511 512/512/512 508/508/508
f 515/515/515 514/514/514 513/513/513
f 516/516/516 513/513/513 514/514/514
f 513/513/513 516/516/516 517/517/517
f 518/518/518 517/517/517 516/516/516
f 517/517/517 518/518/518 519/519/519
f 520/520/520 519/519/519 518/518/518
f 519/519/519 520/520/520 521/521/521
f 522/522/522 521/521/521 520/520/520
f 525/525/525 524/524/524 523/523/523
f 526/526/526 523/523/523 524/524/524
f 527/527/527 526/526/526 524/524/524
f 526/526/526 527/527/527 528/528/528
f 529/529/529 526/526/526 528/528/528
f 527/527/527 530/530/530 528/528/528
f 527/527/527 531/531/531 530/530/530
f 532/532/532 530/530/530 531/531/531
f 532/532/532 531/531/531 533/533/533
f 531/531/531 534/534/534 533/533/533
f 529/529/529 528/528/528 535/535/535
f 536/536/536 529/529/529 535/535/535
f 528/528/528 537/537/537 535/535/535
f 538/538/538 536/536/536 535/535/535
f 535/535/535 537/537/537 539/539/539
f 540/540/540 539/539/539 537/537/537
f 539/539/539 540/540/540 541/541/541
f 542/542/542 541/541/541 540/540/540
f 541/541/541 542/542/542 543/543/543
f 544/544/544 543/543/543 542/542/542
f 536/536/536 538/538/538 545/545/545
f 546/546/546 545/545/545 538/538/538
f 546/546/546 547/547/547 545/545/545
f 534/534/534 545/545/545 547/547/547
f 543/543/543 544/544/544 548/548/548
f 548/548/548 534/534/534 547/547/547
f 533/533/533 548/548/548 544/544/544
f 548/548/548 533/533/533 534/534/534
f 551/551/551 550/550/550 549/549/549
f 552/552/552 549/549/549 550/550/550
f 555/555/555 554/554/554 553/553/553
f 556/556/556 553/553/553 554/554/554
f 553/553/553 556/556/556 557/557/557
f 558/558/558 557/557/557 556/556/556
f 561/561/561 560/560/560 559/559/559
f 562/562/562 559/559/559 560/560/560
f 565/565/565 564/564/564 563/563/563
f 566/566/566 563/563/563 564/564/564
f 563/563/563 566/566/566 567/567/567
f 568/568/568 567/567/567 566/566/566
f 571/571/571 570/570/570 569/569/569
f 572/572/572 569/569/569 570/570/570
f 575/575/575 574/574/574 573/573/573
f 576/576/576 573/573/573 574/574/574
f 579/579/579 578/578/578 577/577/577
f 580/580/580 577/577/577 578/578/578
f 583/583/583 582/582/582 581/581/581
f 584/584/584 581/581/581 582/582/582
f 587/587/587 586/586/586 585/585/585
f 588/588/588 585/585/585 586/586/586
f 586/586/586 589/589/589 588/588/588
f 590/590/590 588/588/588 589/589/589
f 589/589/589 591/591/591 590/590/590
f 592/592/592 590/590/590 591/591/591
f 591/591/591 593/593/593 592/592/592
f 594/594/594 592/592/592 593/593/593
f 597/597/597 596/596/596 595/595/595
f 598/598/598 595/595/595 596/596/596
f 601/601/601 600/600/600 599/599/599
f 602/602/602 599/599/599 600/600/600
f 605/605/605 604/604/604 603/603/603
f 606/606/606 603/603/603 604/604/604
f 609/609/609 608/608/608 607/607/607
f 608/608/608 609/609/609 610/610/610
f 610/610/610 609/609/609 611/611/611
f 611/611/611 612/612/612 610/610/610
f 613/613/613 610/610/610 612/612/612
f 614/614/614 613/613/613 612/612/612
f 615/615/615 613/613/613 614/614/614
f 616/616/616 615/615/615 614/614/614
f 619/619/619 618/618/618 617/617/617
f 620/620/620 617/617/617 618/618/618
f 623/623/623 622/622/622 621/621/621
f 624/624/624 621/621/621 622/622/622
f 627/627/627 626/626/626 625/625/625
f 628/628/628 625/625/625 626/626/626
f 631/631/631 630/630/630 629/629/629
f 632/632/632 629/629/629 630/630/630
f 635/635/635 634/634/634 633/633/633
f 636/636/636 633/633/633 634/634/634
f 639/639/639 638/638/638 637/637/637
f 640/640/640 637/637/637 638/638/638
f 643/643/643 642/642/642 641/641/641
f 644/644/644 641/641/641 642/642/642
f 647/647/647 646/646/646 645/645/645
f 648/648/648 645/645/645 646/646/646
f 651/651/651 650/650/650 649/649/649
f 652/652/652 649/649/649 650/650/650
f 655/655/655 654/654/654 653/653/653
f 656/656/656 653/653/653 654/654/654
f 657/657/657 656/656/656 654/654/654
f 654/654/654 658/658/658 657/657/657
f 657/657/657 659/659/659 656/656/656
f 660/660/660 657/657/657 658/658/658
f 661/661/661 656/656/656 659/659/659
f 660/660/660 658/658/658 662/662/662
f 658/658/658 663/663/663 662/662/662
f 664/664/664 662/662/662 663/663/663
f 662/662/662 665/665/665 660/660/660
f 666/666/666 660/660/660 665/665/665
f 659/659/659 667/667/667 661/661/661
f 659/659/659 666/666/666 667/667/667
f 667/667/667 668/668/668 661/661/661
f 669/669/669 661/661/661 668/668/668
f 670/670/670 667/667/667 666/666/666
f 666/666/666 665/665/665 670/670/670
f 665/665/665 671/671/671 670/670/670
f 672/672/672 670/670/670 671/671/671
f 675/675/675 674/674/674 673/673/673
f 676/676/676 673/673/673 674/674/674
f 679/679/679 678/678/678 677/677/677
f 680/680/680 677/677/677 678/678/678
f 683/683/683 682/682/682 681/681/681
f 684/684/684 681/681/681 682/682/682
f 687/687/687 686/686/686 685/685/685
f 688/688/688 685/685/685 686/686/686
f 691/691/691 690/690/690 689/689/689
f 692/692/692 689/689/689 690/690/690
f 695/695/695 694/694/694 693/693/693
f 696/696/696 693/693/693 694/694/694
f 699/699/699 698/698/698 697/697/697
f 700/700/700 699/699/699 697/697/697
f 701/701/701 700/700/700 697/697/697
f 702/702/702 701/701/701 697/697/697
f 701/701/701 702/702/702 703/703/703
f 704/704/704 703/703/703 702/702/702
f 704/704/704 705/705/705 703/703/703
f 705/705/705 706/706/706 703/703/703
f 706/706/706 707/707/707 703/703/703
f 708/708/708 706/706/706 705/705/705
f 711/711/711 710/710/710 709/709/709
f 712/712/712 709/709/709 710/710/710
f 715/715/715 714/714/714 713/713/713
f 716/716/716 713/713/713 714/714/714
f 719/719/719 718/718/718 717/717/717
f 718/718/718 720/720/720 717/717/717
f 721/721/721 720/720/720 718/718/718
f 722/722/722 720/720/720 721/721/721
f 725/725/725 724/724/724 723/723/723
f 726/726/726 723/723/723 724/724/724
f 729/729/729 728/728/728 727/727/727
f 730/730/730 727/727/727 728/728/728
f 733/733/733 732/732/732 731/731/731
f 732/732/732 734/734/734 731/731/731
f 734/734/734 735/735/735 731/731/731
f 736/736/736 734/734/734 732/732/732
f 739/739/739 738/738/738 737/737/737
f 740/740/740 737/737/737 738/738/738
f 737/737/737 740/740/740 741/741/741
f 742/742/742 741/741/741 740/740/740
f 741/741/741 742/742/742 743/743/743
f 744/744/744 743/743/743 742/742/742
f 743/743/743 744/744/744 745/745/745
f 746/746/746 745/745/745 744/744/744
f 745/745/745 746/746/746 747/747/747
f 748/748/748 747/747/747 746/746/746
f 751/751/751 750/750/750 749/749/749
f 752/752/752 749/749/749 750/750/750
f 749/749/749 752/752/752 753/753/753
f 754/754/754 753/753/753 752/752/752
f 753/753/753 754/754/754 755/755/755
f 756/756/756 755/755/755 754/754/754
f 759/759/759 758/758/758 757/757/757
f 758/758/758 760/760/760 757/757/757
f 760/760/760 761/761/761 757/757/757
f 762/762/762 760/760/760 758/758/758
f 763/763/763 762/762/762 758/758/758
f 764/764/764 760/760/760 762/762/762
f 767/767/767 766/766/766 765/765/765
f 766/766/766 768/768/768 765/765/765
f 768/768/768 769/769/769 765/765/765
f 770/770/770 768/768/768 766/766/766
f 771/771/771 770/770/770 766/766/766
f 772/772/772 768/768/768 770/770/770
f 775/775/775 774/774/774 773/773/773
f 774/774/774 776/776/776 773/773/773
f 776/776/776 777/777/777 773/773/773
f 777/777/777 778/778/778 773/773/773
f 777/777/777 776/776/776 779/779/779
f 780/780/780 779/779/779 776/776/776
f 779/779/779 780/780/780 781/781/781
f 779/779/779 781/781/781 782/782/782
f 783/783/783 779/779/779 782/782/782
f 784/784/784 783/783/783 782/782/782
f 781/781/781 785/785/785 782/782/782
f 786/786/786 781/781/781 780/780/780
f 786/786/786 780/780/780 787/787/787
f 780/780/780 788/788/788 787/787/787
f 789/789/789 786/786/786 787/787/787
f 790/790/790 789/789/789 787/787/787
f 786/786/786 791/791/791 781/781/781
f 792/792/792 781/781/781 791/791/791
f 792/792/792 791/791/791 793/793/793
f 791/791/791 794/794/794 793/793/793
f 795/795/795 792/792/792 793/793/793
f 796/796/796 795/795/795 793/793/793
f 799/799/799 798/798/798 797/797/797
f 798/798/798 800/800/800 797/797/797
f 800/800/800 801/801/801 797/797/797
f 804/804/804 803/803/803 802/802/802
f 805/805/805 802/802/802 803/803/803
f 806/806/806 802/802/802 805/805/805
f 806/806/806 807/807/807 802/802/802
f 810/810/810 809/809/809 808/808/808
f 811/811/811 808/808/808 809/809/809
f 811/811/811 809/809/809 812/812/812
f 813/813/813 812/812/812 809/809/809
f 813/813/813 814/814/814 812/812/812
f 817/817/817 816/816/816 815/815/815
f 818/818/818 815/815/815 816/816/816
f 816/816/816 819/819/819 818/818/818
f 816/816/816 820/820/820 819/819/819
f 823/823/823 822/822/822 821/821/821
f 824/824/824 821/821/821 822/822/822
f 827/827/827 826/826/826 825/825/825
f 828/828/828 825/825/825 826/826/826
f 831/831/831 830/830/830 829/829/829
f 832/832/832 829/829/829 830/830/830
f 835/835/835 834/834/834 833/833/833
f 836/836/836 833/833/833 834/834/834
f 839/839/839 838/838/838 837/837/837
f 838/838/838 840/840/840 837/837/837
f 841/841/841 840/840/840 838/838/838
f 840/840/840 842/842/842 837/837/837
f 842/842/842 843/843/843 837/837/837
f 844/844/844 842/842/842 840/840/840
f 847/847/847 846/846/846 845/845/845
f 848/848/848 845/845/845 846/846/846
f 851/851/851 850/850/850 849/849/849
f 852/852/852 849/849/849 850/850/850
f 855/855/855 854/854/854 853/853/853
f 854/854/854 856/856/856 853/853/853
f 857/857/857 856/856/856 854/854/854
f 856/856/856 858/858/858 853/853/853
f 858/858/858 859/859/859 853/853/853
f 860/860/860 858/858/858 856/856/856
f 863/863/863 862/862/862 861/861/861
f 864/864/864 861/861/861 862/862/862
f 861/861/861 864/864/864 865/865/865
f 866/866/866 865/865/865 864/864/864
f 865/865/865 866/866/866 867/867/867
f 868/868/868 867/867/867 866/866/866
f 871/871/871 870/870/870 869/869/869
f 872/872/872 869/869/869 870/870/870
f 875/875/875 874/874/874 873/873/873
f 874/874/874 876/876/876 873/873/873
f 876/876/876 877/877/877 873/873/873
f 878/878/878 876/876/876 874/874/874
f 879/879/879 878/878/878 874/874/874
f 880/880/880 876/876/876 878/878/878
f 883/883/883 882/882/882 881/881/881
f 884/884/884 881/881/881 882/882/882
f 881/881/881 884/884/884 885/885/885
f 886/886/886 885/885/885 884/884/884
f 885/885/885 886/886/886 887/887/887
f 888/888/888 887/887/887 886/886/886
f 887/887/887 888/888/888 889/889/889
f 890/890/890 889/889/889 888/888/888
f 889/889/889 890/890/890 891/891/891
f 892/892/892 891/891/891 890/890/890
f 892/892/892 893/893/893 891/891/891
f 894/894/894 891/891/891 893/893/893
f 897/897/897 896/896/896 895/895/895
f 898/898/898 895/895/895 896/896/896
f 901/901/901 900/900/900 899/899/899
f 902/902/902 899/899/899 900/900/900
f 900/900/900 903/903/903 902/902/902
f 904/904/904 902/902/902 903/903/903
f 903/903/903 905/905/905 904/904/904
f 906/906/906 904/904/904 905/905/905
f 905/905/905 907/907/907 906/906/906
f 908/908/908 906/906/906 907/907/907
f 907/907/907 909/909/909 908/908/908
f 910/910/910 908/908/908 909/909/909
f 909/909/909 911/911/911 910/910/910
f 912/912/912 910/910/910 911/911/911
f 915/915/915 914/914/914 913/913/913
f 916/916/916 913/913/913 914/914/914
f 914/914/914 917/917/917 916/916/916
f 918/918/918 916/916/916 917/917/917
f 917/917/917 919/919/919 918/918/918
f 920/920/920 918/918/918 919/919/919
f 919/919/919 921/921/921 920/920/920
f 922/922/922 920/920/920 921/921/921
f 921/921/921 923/923/923 922/922/922
f 924/924/924 922/922/922 923/923/923
f 923/923/923 925/925/925 924/924/924
f 926/926/926 924/924/924 925/925/925
f 929/929/929 928/928/928 927/927/927
f 930/930/930 927/927/927 928/928/928
f 928/928/928 931/931/931 930/930/930
f 932/932/932 930/930/930 931/931/931
f 931/931/931 933/933/933 932/932/932
f 934/934/934 932/932/932 933/933/933
f 936/936/936 935/935/935 934/934/934
f 937/937/937 934/934/934 935/935/935
f 940/940/940 939/939/939 938/938/938
f 941/941/941 938/938/938 939/939/939
f 944/944/944 943/943/943 942/942/942
f 945/945/945 942/942/942 943/943/943
f 946/946/946 945/945/945 943/943/943
f 946/946/946 943/943/943 947/947/947
f 948/948/948 947/947/947 943/943/943
f 948/948/948 949/949/949 947/947/947
f 948/948/948 950/950/950 949/949/949
f 951/951/951 949/949/949 950/950/950
f 954/954/954 953/953/953 952/952/952
f 955/955/955 952/952/952 953/953/953
f 958/958/958 957/957/957 956/956/956
f 957/957/957 959/959/959 956/956/956
f 959/959/959 960/960/960 956/956/956
f 960/960/960 961/961/961 956/956/956
f 962/962/962 960/960/960 959/959/959
f 965/965/965 964/964/964 963/963/963
f 966/966/966 963/963/963 964/964/964
f 966/966/966 967/967/967 963/963/963
f 968/968/968 963/963/963 967/967/967
f 967/967/967 969/969/969 968/968/968
f 970/970/970 968/968/968 969/969/969
f 969/969/969 971/971/971 970/970/970
f 972/972/972 970/970/970 971/971/971
f 971/971/971 973/973/973 972/972/972
f 974/974/974 972/972/972 973/973/973
f 973/973/973 975/975/975 974/974/974
f 976/976/976 974/974/974 975/975/975
f 975/975/975 977/977/977 976/976/976
f 977/977/977 975/975/975 978/978/978
f 979/979/979 978/978/978 975/975/975
f 979/979/979 980/980/980 978/978/978
f 977/977/977 982/982/982 981/981/981
f 983/983/983 981/981/981 982/982/982
f 986/986/986 985/985/985 984/984/984
f 987/987/987 984/984/984 985/985/985
f 985/985/985 988/988/988 987/987/987
f 989/989/989 987/987/987 988/988/988
f 988/988/988 990/990/990 989/989/989
f 991/991/991 989/989/989 990/990/990
f 990/990/990 992/992/992 991/991/991
f 993/993/993 991/991/991 992/992/992
f 992/992/992 994/994/994 993/993/993
f 995/995/995 993/993/993 994/994/994
f 994/994/994 996/996/996 995/995/995
f 997/997/997 995/995/995 996/996/996
f 1000/1000/1000 999/999/999 998/998/998
f 1001/1001/1001 998/998/998 999/999/999
f 999/999/999 1002/1002/1002 1001/1001/1001
f 1003/1003/1003 1001/1001/1001 1002/1002/1002
f 1002/1002/1002 1004/1004/1004 1003/1003/1003
f 1005/1005/1005 1003/1003/1003 1004/1004/1004
f 1004/1004/1004 1006/1006/1006 1005/1005/1005
f 1007/1007/1007 1005/1005/1005 1006/1006/1006
f 1006/1006/1006 1008/1008/1008 1007/1007/1007
f 1009/1009/1009 1007/1007/1007 1008/1008/1008
f 1008/1008/1008 1010/1010/1010 1009/1009/1009
f 1011/1011/1011 1009/1009/1009 1010/1010/1010
f 1014/1014/1014 1013/1013/1013 1012/1012/1012
f 1015/1015/1015 1012/1012/1012 1013/1013/1013
f 1018/1018/1018 1017/1017/1017 1016/1016/1016
f 1017/1017/1017 1019/1019/1019 1016/1016/1016
f 1019/1019/1019 1020/1020/1020 1016/1016/1016
f 1021/1021/1021 1019/1019/1019 1017/1017/1017
f 1024/1024/1024 1023/1023/1023 1022/1022/1022
f 1025/1025/1025 1022/1022/1022 1023/1023/1023
f 1023/1023/1023 1026/1026/1026 1025/1025/1025
f 1027/1027/1027 1025/1025/1025 1026/1026/1026
f 1026/1026/1026 1028/1028/1028 1027/1027/1027
f 1029/1029/1029 1027/1027/1027 1028/1028/1028
f 1028/1028/1028 1030/1030/1030 1029/1029/1029
f 1031/1031/1031 1029/1029/1029 1030/1030/1030
f 1030/1030/1030 1032/1032/1032 1031/1031/1031
f 1033/1033/1033 1031/1031/1031 1032/1032/1032
f 1032/1032/1032 1034/1034/1034 1033/1033/1033
f 1035/1035/1035 1033/1033/1033 1034/1034/1034
f 1038/1038/1038 1037/1037/1037 1036/1036/1036
f 1036/1036/1036 1039/1039/1039 1038/1038/1038
f 1040/1040/1040 1038/1038/1038 1039/1039/1039
f 1038/1038/1038 1042/1042/1042 1041/1041/1041
f 1043/1043/1043 1041/1041/1041 1042/1042/1042
f 1045/1045/1045 1044/1044/1044 1042/1042/1042
f 1042/1042/1042 1046/1046/1046 1045/1045/1045
f 1047/1047/1047 1045/1045/1045 1046/1046/1046
f 1050/1050/1050 1049/1049/1049 1048/1048/1048
f 1051/1051/1051 1048/1048/1048 1049/1049/1049
f 1054/1054/1054 1053/1053/1053 1052/1052/1052
f 1055/1055/1055 1052/1052/1052 1053/1053/1053
f 1058/1058/1058 1057/1057/1057 1056/1056/1056
f 1056/1056/1056 1059/1059/1059 1058/1058/1058
f 1060/1060/1060 1058/1058/1058 1059/1059/1059
f 1063/1063/1063 1062/1062/1062 1061/1061/1061
f 1064/1064/1064 1061/1061/1061 1062/1062/1062
f 1065/1065/1065 1064/1064/1064 1062/1062/1062
f 1065/1065/1065 1066/1066/1066 1064/1064/1064
f 1067/1067/1067 1064/1064/1064 1066/1066/1066
f 1069/1069/1069 1068/1068/1068 1067/1067/1067
f 1070/1070/1070 1067/1067/1067 1068/1068/1068
f 1073/1073/1073 1072/1072/1072 1071/1071/1071
f 1074/1074/1074 1071/1071/1071 1072/1072/1072
f 1072/1072/1072 1075/1075/1075 1074/1074/1074
f 1072/1072/1072 1076/1076/1076 1075/1075/1075
f 1077/1077/1077 1075/1075/1075 1076/1076/1076
f 1078/1078/1078 1077/1077/1077 1076/1076/1076
f 1076/1076/1076 1079/1079/1079 1078/1078/1078
f 1080/1080/1080 1078/1078/1078 1079/1079/1079
f 1083/1083/1083 1082/1082/1082 1081/1081/1081
f 1084/1084/1084 1081/1081/1081 1082/1082/1082
f 1087/1087/1087 1086/1086/1086 1085/1085/1085
f 1088/1088/1088 1085/1085/1085 1086/1086/1086
f 1089/1089/1089 1088/1088/1088 1086/1086/1086
f 1086/1086/1086 1090/1090/1090 1089/1089/1089
f 1091/1091/1091 1089/1089/1089 1090/1090/1090
f 1089/1089/1089 1092/1092/1092 1088/1088/1088
f 1093/1093/1093 1088/1088/1088 1092/1092/1092
f 1094/1094/1094 1093/1093/1093 1092/1092/1092
f 1092/1092/1092 1095/1095/1095 1094/1094/1094
f 1096/1096/1096 1094/1094/1094 1095/1095/1095
f 1094/1094/1094 1097/1097/1097 1093/1093/1093
f 1098/1098/1098 1093/1093/1093 1097/1097/1097
f 1099/1099/1099 1098/1098/1098 1097/1097/1097
f 1097/1097/1097 1100/1100/1100 1099/1099/1099
f 1101/1101/1101 1099/1099/1099 1100/1100/1100
f 1099/1099/1099 1102/1102/1102 1098/1098/1098
f 1103/1103/1103 1098/1098/1098 1102/1102/1102
f 1102/1102/1102 1104/1104/1104 1103/1103/1103
f 1102/1102/1102 1105/1105/1105 1104/1104/1104
f 1106/1106/1106 1104/1104/1104 1105/1105/1105
f 1104/1104/1104 1107/1107/1107 1103/1103/1103
f 1108/1108/1108 1103/1103/1103 1107/1107/1107
f 1107/1107/1107 1109/1109/1109 1108/1108/1108
f 1107/1107/1107 1110/1110/1110 1109/1109/1109
f 1111/1111/1111 1109/1109/1109 1110/1110/1110
f 1109/1109/1109 1112/1112/1112 1108/1108/1108
f 1113/1113/1113 1108/1108/1108 1112/1112/1112
f 1113/1113/1113 1112/1112/1112 1114/1114/1114
f 1112/1112/1112 1115/1115/1115 1114/1114/1114
f 1116/1116/1116 1114/1114/1114 1115/1115/1115
f 1114/1114/1114 1117/1117/1117 1113/1113/1113
f 1118/1118/1118 1113/1113/1113 1117/1117/1117
f 1121/1121/1121 1120/1120/1120 1119/1119/1119
f 1122/1122/1122 1119/1119/1119 1120/1120/1120
f 1125/1125/1125 1124/1124/1124 1123/1123/1123
f 1126/1126/1126 1123/1123/1123 1124/1124/1124
f 1129/1129/1129 1128/1128/1128 1127/1127/1127
f 1130/1130/1130 1127/1127/1127 1128/1128/1128
f 1133/1133/1133 1132/1132/1132 1131/1131/1131
f 1134/1134/1134 1131/1131/1131 1132/1132/1132
f 1137/1137/1137 1136/1136/1136 1135/1135/1135
f 1138/1138/1138 1135/1135/1135 1136/1136/1136
f 1141/1141/1141 1140/1140/1140 1139/1139/1139
f 1142/1142/1142 1139/1139/1139 1140/1140/1140
f 1145/1145/1145 1144/1144/1144 1143/1143/1143
f 1146/1146/1146 1143/1143/1143 1144/1144/1144
f 1149/1149/1149 1148/1148/1148 1147/1147/1147
f 1150/1150/1150 1147/1147/1147 1148/1148/1148
f 1153/1153/1153 1152/1152/1152 1151/1151/1151
f 1154/1154/1154 1151/1151/1151 1152/1152/1152
f 1157/1157/1157 1156/1156/1156 1155/1155/1155
f 1158/1158/1158 1155/1155/1155 1156/1156/1156
f 1161/1161/1161 1160/1160/1160 1159/1159/1159
f 1160/1160/1160 1162/1162/1162 1159/1159/1159
f 1162/1162/1162 1163/1163/1163 1159/1159/1159
f 1164/1164/1164 1162/1162/1162 1160/1160/1160
f 1167/1167/1167 1166/1166/1166 1165/1165/1165
f 1166/1166/1166 1168/1168/1168 1165/1165/1165
f 1168/1168/1168 1169/1169/1169 1165/1165/1165
f 1170/1170/1170 1168/1168/1168 1166/1166/1166
f 1173/1173/1173 1172/1172/1172 1171/1171/1171
f 1172/1172/1172 1174/1174/1174 1171/1171/1171
f 1174/1174/1174 1175/1175/1175 1171/1171/1171
f 1176/1176/1176 1174/1174/1174 1172/1172/1172
f 1179/1179/1179 1178/1178/1178 1177/1177/1177
f 1180/1180/1180 1177/1177/1177 1178/1178/1178
f 1178/1178/1178 1181/1181/1181 1180/1180/1180
f 1182/1182/1182 1180/1180/1180 1181/1181/1181
f 1181/1181/1181 1183/1183/1183 1182/1182/1182
f 1184/1184/1184 1182/1182/1182 1183/1183/1183
f 1183/1183/1183 1185/1185/1185 1184/1184/1184
f 1186/1186/1186 1184/1184/1184 1185/1185/1185
f 1185/1185/1185 1187/1187/1187 1186/1186/1186
f 1188/1188/1188 1186/1186/1186 1187/1187/1187
f 1187/1187/1187 1189/1189/1189 1188/1188/1188
f 1190/1190/1190 1188/1188/1188 1189/1189/1189
f 1193/1193/1193 1192/1192/1192 1191/1191/1191
f 1194/1194/1194 1191/1191/1191 1192/1192/1192
f 1192/1192/1192 1195/1195/1195 1194/1194/1194
f 1196/1196/1196 1194/1194/1194 1195/1195/1195
f 1195/1195/1195 1197/1197/1197 1196/1196/1196
f 1198/1198/1198 1196/1196/1196 1197/1197/1197
f 1197/1197/1197 1199/1199/1199 1198/1198/1198
f 1200/1200/1200 1198/1198/1198 1199/1199/1199
f 1199/1199/1199 1201/1201/1201 1200/1200/1200
f 1202/1202/1202 1200/1200/1200 1201/1201/1201
f 1201/1201/1201 1203/1203/1203 1202/1202/1202
f 1204/1204/1204 1202/1202/1202 1203/1203/1203
f 1207/1207/1207 1206/1206/1206 1205/1205/1205
f 1208/1208/1208 1205/1205/1205 1206/1206/1206
f 1206/1206/1206 1209/1209/1209 1208/1208/1208
f 1210/1210/1210 1208/1208/1208 1209/1209/1209
f 1209/1209/1209 1211/1211/1211 1210/1210/1210
f 1212/1212/1212 1210/1210/1210 1211/1211/1211
f 1211/1211/1211 1213/1213/1213 1212/1212/1212
f 1214/1214/1214 1212/1212/1212 1213/1213/1213
f 1213/1213/1213 1215/1215/1215 1214/1214/1214
f 1216/1216/1216 1214/1214/1214 1215/1215/1215
f 1215/1215/1215 1217/1217/1217 1216/1216/1216
f 1218/1218/1218 1216/1216/1216 1217/1217/1217
f 1221/1221/1221 1220/1220/1220 1219/1219/1219
f 1222/1222/1222 1219/1219/1219 1220/1220/1220
f 1220/1220/1220 1223/1223/1223 1222/1222/1222
f 1224/1224/1224 1222/1222/1222 1223/1223/1223
f 1223/1223/1223 1225/1225/1225 1224/1224/1224
f 1226/1226/1226 1224/1224/1224 1225/1225/1225
f 1225/1225/1225 1227/1227/1227 1226/1226/1226
f 1228/1228/1228 1226/1226/1226 1227/1227/1227
f 1231/1231/1231 1230/1230/1230 1229/1229/1229
f 1230/1230/1230 1232/1232/1232 1229/1229/1229
f 1232/1232/1232 1233/1233/1233 1229/1229/1229
f 1236/1236/1236 1235/1235/1235 1234/1234/1234
f 1235/1235/1235 1237/1237/1237 1234/1234/1234
f 1237/1237/1237 1238/1238/1238 1234/1234/1234
f 1241/1241/1241 1240/1240/1240 1239/1239/1239
f 1242/1242/1242 1239/1239/1239 1240/1240/1240
f 1245/1245/1245 1244/1244/1244 1243/1243/1243
f 1246/1246/1246 1243/1243/1243 1244/1244/1244
f 1249/1249/1249 1248/1248/1248 1247/1247/1247
f 1250/1250/1250 1247/1247/1247 1248/1248/1248
f 1248/1248/1248 1251/1251/1251 1250/1250/1250
f 1250/1250/1250 1251/1251/1251 1252/1252/1252
f 1248/1248/1248 1253/1253/1253 1251/1251/1251
f 1254/1254/1254 1252/1252/1252 1251/1251/1251
f 1255/1255/1255 1251/1251/1251 1253/1253/1253
f 1252/1252/1252 1254/1254/1254 1256/1256/1256
f 1252/1252/1252 1256/1256/1256 1257/1257/1257
f 1258/1258/1258 1257/1257/1257 1256/1256/1256
f 1254/1254/1254 1259/1259/1259 1256/1256/1256
f 1260/1260/1260 1256/1256/1256 1259/1259/1259
f 1253/1253/1253 1261/1261/1261 1255/1255/1255
f 1255/1255/1255 1261/1261/1261 1259/1259/1259
f 1261/1261/1261 1253/1253/1253 1262/1262/1262
f 1263/1263/1263 1262/1262/1262 1253/1253/1253
f 1264/1264/1264 1259/1259/1259 1261/1261/1261
f 1264/1264/1264 1260/1260/1260 1259/1259/1259
f 1260/1260/1260 1264/1264/1264 1265/1265/1265
f 1266/1266/1266 1265/1265/1265 1264/1264/1264
f 1268/1268/1268 1267/1267/1267 1258/1258/1258
f 1270/1270/1270 1269/1269/1269 1268/1268/1268
f 1271/1271/1271 1268/1268/1268 1269/1269/1269
f 1272/1272/1272 1271/1271/1271 1269/1269/1269
f 1272/1272/1272 1269/1269/1269 1273/1273/1273
f 1274/1274/1274 1273/1273/1273 1269/1269/1269
f 1273/1273/1273 1275/1275/1275 1272/1272/1272
f 1276/1276/1276 1272/1272/1272 1275/1275/1275
f 1275/1275/1275 1277/1277/1277 1276/1276/1276
f 1278/1278/1278 1276/1276/1276 1277/1277/1277
f 1269/1269/1269 1279/1279/1279 1274/1274/1274
f 1280/1280/1280 1274/1274/1274 1279/1279/1279
f 1279/1279/1279 1281/1281/1281 1280/1280/1280
f 1282/1282/1282 1280/1280/1280 1281/1281/1281
f 1281/1281/1281 1279/1279/1279 1283/1283/1283
f 1284/1284/1284 1283/1283/1283 1279/1279/1279
f 1281/1281/1281 1285/1285/1285 1282/1282/1282
f 1286/1286/1286 1282/1282/1282 1285/1285/1285
f 1289/1289/1289 1288/1288/1288 1287/1287/1287
f 1290/1290/1290 1287/1287/1287 1288/1288/1288
f 1290/1290/1290 1291/1291/1291 1287/1287/1287
f 1292/1292/1292 1287/1287/1287 1291/1291/1291
f 1293/1293/1293 1292/1292/1292 1291/1291/1291
f 1292/1292/1292 1293/1293/1293 1294/1294/1294
f 1293/1293/1293 1291/1291/1291 1295/1295/1295
f 1296/1296/1296 1295/1295/1295 1291/1291/1291
f 1296/1296/1296 1297/1297/1297 1295/1295/1295
f 1298/1298/1298 1295/1295/1295 1297/1297/1297
f 1299/1299/1299 1294/1294/1294 1293/1293/1293
f 1294/1294/1294 1299/1299/1299 1300/1300/1300
f 1299/1299/1299 1301/1301/1301 1300/1300/1300
f 1294/1294/1294 1300/1300/1300 1302/1302/1302
f 1303/1303/1303 1300/1300/1300 1301/1301/1301
f 1301/1301/1301 1304/1304/1304 1303/1303/1303
f 1305/1305/1305 1303/1303/1303 1304/1304/1304
f 1306/1306/1306 1302/1302/1302 1300/1300/1300
f 1306/1306/1306 1307/1307/1307 1302/1302/1302
f 1308/1308/1308 1302/1302/1302 1307/1307/1307
f 1311/1311/1311 1310/1310/1310 1309/1309/1309
f 1311/1311/1311 1309/1309/1309 1312/1312/1312
f 1313/1313/1313 1312/1312/1312 1309/1309/1309
f 1312/1312/1312 1313/1313/1313 1314/1314/1314
f 1315/1315/1315 1314/1314/1314 1313/1313/1313
f 1316/1316/1316 1314/1314/1314 1315/1315/1315
f 1319/1319/1319 1318/1318/1318 1317/1317/1317
f 1320/1320/1320 1317/1317/1317 1318/1318/1318
f 1323/1323/1323 1322/1322/1322 1321/1321/1321
f 1324/1324/1324 1321/1321/1321 1322/1322/1322
f 1324/1324/1324 1325/1325/1325 1321/1321/1321
f 1325/1325/1325 1326/1326/1326 1321/1321/1321
f 1327/1327/1327 1326/1326/1326 1325/1325/1325
f 1328/1328/1328 1326/1326/1326 1327/1327/1327
f 1331/1331/1331 1330/1330/1330 1329/1329/1329
f 1332/1332/1332 1329/1329/1329 1330/1330/1330
f 1335/1335/1335 1334/1334/1334 1333/1333/1333
f 1336/1336/1336 1333/1333/1333 1334/1334/1334
f 1339/1339/1339 1338/1338/1338 1337/1337/1337
f 1340/1340/1340 1337/1337/1337 1338/1338/1338
f 1343/1343/1343 1342/1342/1342 1341/1341/1341
f 1344/1344/1344 1341/1341/1341 1342/1342/1342
f 1344/1344/1344 1342/1342/1342 1345/1345/1345
f 1346/1346/1346 1345/1345/1345 1342/1342/1342
f 1349/1349/1349 1348/1348/1348 1347/1347/1347
f 1350/1350/1350 1347/1347/1347 1348/1348/1348
f 1353/1353/1353 1352/1352/1352 1351/1351/1351
f 1354/1354/1354 1351/1351/1351 1352/1352/1352
f 1357/1357/1357 1356/1356/1356 1355/1355/1355
f 1355/1355/1355 1358/1358/1358 1357/1357/1357
f 1359/1359/1359 1357/1357/1357 1358/1358/1358
f 1358/1358/1358 1360/1360/1360 1359/1359/1359
f 1361/1361/1361 1359/1359/1359 1360/1360/1360
f 1362/1362/1362 1361/1361/1361 1360/1360/1360
f 1365/1365/1365 1364/1364/1364 1363/1363/1363
f 1366/1366/1366 1363/1363/1363 1364/1364/1364
f 1369/1369/1369 1368/1368/1368 1367/1367/1367
f 1368/1368/1368 1370/1370/1370 1367/1367/1367
f 1371/1371/1371 1370/1370/1370 1368/1368/1368
f 1370/1370/1370 1372/1372/1372 1367/1367/1367
f 1372/1372/1372 1373/1373/1373 1367/1367/1367
f 1374/1374/1374 1372/1372/1372 1370/1370/1370
f 1377/1377/1377 1376/1376/1376 1375/1375/1375
f 1378/1378/1378 1375/1375/1375 1376/1376/1376
f 1381/1381/1381 1380/1380/1380 1379/1379/1379
f 1382/1382/1382 1379/1379/1379 1380/1380/1380
f 1385/1385/1385 1384/1384/1384 1383/1383/1383
f 1386/1386/1386 1383/1383/1383 1384/1384/1384
f 1389/1389/1389 1388/1388/1388 1387/1387/1387
f 1390/1390/1390 1387/1387/1387 1388/1388/1388
f 1393/1393/1393 1392/1392/1392 1391/1391/1391
f 1394/1394/1394 1391/1391/1391 1392/1392/1392
f 1397/1397/1397 1396/1396/1396 1395/1395/1395
f 1398/1398/1398 1395/1395/1395 1396/1396/1396
f 1399/1399/1399 1398/1398/1398 1396/1396/1396
f 1400/1400/1400 1399/1399/1399 1396/1396/1396
f 1401/1401/1401 1398/1398/1398 1399/1399/1399
f 1402/1402/1402 1401/1401/1401 1399/1399/1399
f 1403/1403/1403 1398/1398/1398 1401/1401/1401
f 1405/1405/1405 1401/1401/1401 1404/1404/1404
f 1406/1406/1406 1404/1404/1404 1401/1401/1401
f 1404/1404/1404 1406/1406/1406 1407/1407/1407
f 1408/1408/1408 1407/1407/1407 1406/1406/1406
f 1404/1404/1404 1407/1407/1407 1409/1409/1409
f 1410/1410/1410 1409/1409/1409 1407/1407/1407
f 1413/1413/1413 1412/1412/1412 1411/1411/1411
f 1414/1414/1414 1411/1411/1411 1412/1412/1412
f 1414/1414/1414 1412/1412/1412 1415/1415/1415
f 1415/1415/1415 1416/1416/1416 1414/1414/1414
f 1417/1417/1417 1416/1416/1416 1415/1415/1415
f 1418/1418/1418 1414/1414/1414 1416/1416/1416
f 1416/1416/1416 1419/1419/1419 1418/1418/1418
f 1420/1420/1420 1418/1418/1418 1419/1419/1419
f 1420/1420/1420 1419/1419/1419 1421/1421/1421
f 1421/1421/1421 1419/1419/1419 1422/1422/1422
f 1419/1419/1419 1423/1423/1423 1422/1422/1422
f 1424/1424/1424 1421/1421/1421 1422/1422/1422
f 1424/1424/1424 1425/1425/1425 1421/1421/1421
f 1426/1426/1426 1421/1421/1421 1425/1425/1425
f 1428/1428/1428 1427/1427/1427 1425/1425/1425
f 1429/1429/1429 1425/1425/1425 1427/1427/1427
f 1428/1428/1428 1430/1430/1430 1427/1427/1427
f 1427/1427/1427 1430/1430/1430 1431/1431/1431
f 1431/1431/1431 1430/1430/1430 1432/1432/1432
f 1433/1433/1433 1431/1431/1431 1432/1432/1432
f 1430/1430/1430 1434/1434/1434 1432/1432/1432
f 1436/1436/1436 1429/1429/1429 1435/1435/1435
f 1437/1437/1437 1436/1436/1436 1435/1435/1435
f 1437/1437/1437 1438/1438/1438 1436/1436/1436
f 1436/1436/1436 1438/1438/1438 1439/1439/1439
f 1440/1440/1440 1439/1439/1439 1438/1438/1438
f 1441/1441/1441 1437/1437/1437 1435/1435/1435
f 1441/1441/1441 1435/1435/1435 1442/1442/1442
f 1435/1435/1435 1443/1443/1443 1442/1442/1442
f 1444/1444/1444 1443/1443/1443 1435/1435/1435
f 1445/1445/1445 1443/1443/1443 1444/1444/1444
f 1439/1439/1439 1440/1440/1440 1446/1446/1446
f 1444/1444/1444 1446/1446/1446 1445/1445/1445
f 1447/1447/1447 1446/1446/1446 1440/1440/1440
f 1447/1447/1447 1445/1445/1445 1446/1446/1446
f 1450/1450/1450 1449/1449/1449 1448/1448/1448
f 1451/1451/1451 1448/1448/1448 1449/1449/1449
f 1452/1452/1452 1451/1451/1451 1449/1449/1449
f 1451/1451/1451 1452/1452/1452 1453/1453/1453
f 1454/1454/1454 1453/1453/1453 1452/1452/1452
f 1455/1455/1455 1453/1453/1453 1454/1454/1454
f 1455/1455/1455 1456/1456/1456 1453/1453/1453
f 1457/1457/1457 1453/1453/1453 1456/1456/1456
f 1460/1460/1460 1459/1459/1459 1458/1458/1458
f 1461/1461/1461 1458/1458/1458 1459/1459/1459
f 1464/1464/1464 1463/1463/1463 1462/1462/1462
f 1465/1465/1465 1462/1462/1462 1463/1463/1463
f 1468/1468/1468 1467/1467/1467 1466/1466/1466
f 1469/1469/1469 1466/1466/1466 1467/1467/1467
f 1472/1472/1472 1471/1471/1471 1470/1470/1470
f 1473/1473/1473 1470/1470/1470 1471/1471/1471
f 1476/1476/1476 1475/1475/1475 1474/1474/1474
f 1477/1477/1477 1474/1474/1474 1475/1475/1475
f 1480/1480/1480 1479/1479/1479 1478/1478/1478
f 1481/1481/1481 1478/1478/1478 1479/1479/1479
f 1484/1484/1484 1483/1483/1483 1482/1482/1482
f 1485/1485/1485 1482/1482/1482 1483/1483/1483
f 1488/1488/1488 1487/1487/1487 1486/1486/1486
f 1489/1489/1489 1486/1486/1486 1487/1487/1487
f 1492/1492/1492 1491/1491/1491 1490/1490/1490
f 1493/1493/1493 1490/1490/1490 1491/1491/1491
f 1496/1496/1496 1495/1495/1495 1494/1494/1494
f 1497/1497/1497 1494/1494/1494 1495/1495/1495
f 1500/1500/1500 1499/1499/1499 1498/1498/1498
f 1501/1501/1501 1498/1498/1498 1499/1499/1499
f 1504/1504/1504 1503/1503/1503 1502/1502/1502
f 1505/1505/1505 1502/1502/1502 1503/1503/1503
f 1508/1508/1508 1507/1507/1507 1506/1506/1506
f 1507/1507/1507 1509/1509/1509 1506/1506/1506
f 1506/1506/1506 1509/1509/1509 1510/1510/1510
f 1511/1511/1511 1509/1509/1509 1507/1507/1507
f 1514/1514/1514 1513/1513/1513 1512/1512/1512
f 1515/1515/1515 1512/1512/1512 1513/1513/1513
f 1518/1518/1518 1517/1517/1517 1516/1516/1516
f 1519/1519/1519 1516/1516/1516 1517/1517/1517
f 1522/1522/1522 1521/1521/1521 1520/1520/1520
f 1523/1523/1523 1520/1520/1520 1521/1521/1521
f 1526/1526/1526 1525/1525/1525 1524/1524/1524
f 1527/1527/1527 1524/1524/1524 1525/1525/1525
f 1530/1530/1530 1529/1529/1529 1528/1528/1528
f 1531/1531/1531 1528/1528/1528 1529/1529/1529
f 1534/1534/1534 1533/1533/1533 1532/1532/1532
f 1533/1533/1533 1535/1535/1535 1532/1532/1532
f 1536/1536/1536 1532/1532/1532 1535/1535/1535
f 1539/1539/1539 1538/1538/1538 1537/1537/1537
f 1539/1539/1539 1540/1540/1540 1538/1538/1538
f 1541/1541/1541 1538/1538/1538 1540/1540/1540
f 1542/1542/1542 1541/1541/1541 1540/1540/1540
f 1540/1540/1540 1543/1543/1543 1542/1542/1542
f 1544/1544/1544 1542/1542/1542 1543/1543/1543
f 1546/1546/1546 1545/1545/1545 1539/1539/1539
f 1547/1547/1547 1539/1539/1539 1545/1545/1545
f 1550/1550/1550 1549/1549/1549 1548/1548/1548
f 1548/1548/1548 1551/1551/1551 1550/1550/1550
f 1552/1552/1552 1550/1550/1550 1551/1551/1551
f 1555/1555/1555 1554/1554/1554 1553/1553/1553
f 1556/1556/1556 1553/1553/1553 1554/1554/1554
f 1558/1558/1558 1557/1557/1557 1556/1556/1556
f 1559/1559/1559 1556/1556/1556 1557/1557/1557
f 1561/1561/1561 1560/1560/1560 1559/1559/1559
f 1562/1562/1562 1559/1559/1559 1560/1560/1560
f 1565/1565/1565 1564/1564/1564 1563/1563/1563
f 1566/1566/1566 1563/1563/1563 1564/1564/1564
f 1569/1569/1569 1568/1568/1568 1567/1567/1567
f 1570/1570/1570 1567/1567/1567 1568/1568/1568
f 1573/1573/1573 1572/1572/1572 1571/1571/1571
f 1574/1574/1574 1571/1571/1571 1572/1572/1572
f 1577/1577/1577 1576/1576/1576 1575/1575/1575
f 1578/1578/1578 1575/1575/1575 1576/1576/1576
f 1581/1581/1581 1580/1580/1580 1579/1579/1579
f 1582/1582/1582 1579/1579/1579 1580/1580/1580
f 1585/1585/1585 1584/1584/1584 1583/1583/1583
f 1584/1584/1584 1586/1586/1586 1583/1583/1583
f 1587/1587/1587 1583/1583/1583 1586/1586/1586
f 1587/1587/1587 1586/1586/1586 1588/1588/1588
f 1586/1586/1586 1589/1589/1589 1588/1588/1588
f 1588/1588/1588 1590/1590/1590 1587/1587/1587
f 1591/1591/1591 1587/1587/1587 1590/1590/1590
f 1592/1592/1592 1588/1588/1588 1589/1589/1589
f 1593/1593/1593 1592/1592/1592 1589/1589/1589
f 1593/1593/1593 1594/1594/1594 1592/1592/1592
f 1595/1595/1595 1592/1592/1592 1594/1594/1594
f 1598/1598/1598 1597/1597/1597 1596/1596/1596
f 1599/1599/1599 1596/1596/1596 1597/1597/1597
f 1596/1596/1596 1601/1601/1601 1600/1600/1600
f 1602/1602/1602 1600/1600/1600 1601/1601/1601
f 1605/1605/1605 1604/1604/1604 1603/1603/1603
f 1606/1606/1606 1603/1603/1603 1604/1604/1604
f 1606/1606/1606 1604/1604/1604 1607/1607/1607
f 1604/1604/1604 1608/1608/1608 1607/1607/1607
f 1609/1609/1609 1607/1607/1607 1608/1608/1608
f 1612/1612/1612 1611/1611/1611 1610/1610/1610
f 1611/1611/1611 1613/1613/1613 1610/1610/1610
f 1613/1613/1613 1614/1614/1614 1610/1610/1610
f 1615/1615/1615 1613/1613/1613 1611/1611/1611
f 1616/1616/1616 1615/1615/1615 1611/1611/1611
f 1617/1617/1617 1613/1613/1613 1615/1615/1615
f 1620/1620/1620 1619/1619/1619 1618/1618/1618
f 1619/1619/1619 1621/1621/1621 1618/1618/1618
f 1621/1621/1621 1622/1622/1622 1618/1618/1618
f 1623/1623/1623 1621/1621/1621 1619/1619/1619
f 1624/1624/1624 1623/1623/1623 1619/1619/1619
f 1625/1625/1625 1621/1621/1621 1623/1623/1623
f 1628/1628/1628 1627/1627/1627 1626/1626/1626
f 1629/1629/1629 1626/1626/1626 1627/1627/1627
f 1629/1629/1629 1627/1627/1627 1630/1630/1630
f 1629/1629/1629 1630/1630/1630 1631/1631/1631
f 1632/1632/1632 1630/1630/1630 1627/1627/1627
f 1630/1630/1630 1633/1633/1633 1631/1631/1631
f 1634/1634/1634 1632/1632/1632 1627/1627/1627
f 1635/1635/1635 1631/1631/1631 1633/1633/1633
f 1631/1631/1631 1635/1635/1635 1636/1636/1636
f 1637/1637/1637 1636/1636/1636 1635/1635/1635
f 1636/1636/1636 1637/1637/1637 1638/1638/1638
f 1639/1639/1639 1638/1638/1638 1637/1637/1637
f 1638/1638/1638 1639/1639/1639 1640/1640/1640
f 1641/1641/1641 1640/1640/1640 1639/1639/1639
f 1640/1640/1640 1641/1641/1641 1642/1642/1642
f 1643/1643/1643 1642/1642/1642 1641/1641/1641
f 1635/1635/1635 1633/1633/1633 1644/1644/1644
f 1642/1642/1642 1643/1643/1643 1645/1645/1645
f 1633/1633/1633 1646/1646/1646 1644/1644/1644
f 1647/1647/1647 1645/1645/1645 1643/1643/1643
f 1648/1648/1648 1644/1644/1644 1646/1646/1646
f 1644/1644/1644 1648/1648/1648 1649/1649/1649
f 1650/1650/1650 1649/1649/1649 1648/1648/1648
f 1648/1648/1648 1646/1646/1646 1651/1651/1651
f 1646/1646/1646 1632/1632/1632 1651/1651/1651
f 1634/1634/1634 1651/1651/1651 1632/1632/1632
f 1651/1651/1651 1634/1634/1634 1652/1652/1652
f 1653/1653/1653 1652/1652/1652 1634/1634/1634
f 1652/1652/1652 1653/1653/1653 1654/1654/1654
f 1655/1655/1655 1654/1654/1654 1653/1653/1653
f 1654/1654/1654 1655/1655/1655 1656/1656/1656
f 1657/1657/1657 1656/1656/1656 1655/1655/1655
f 1656/1656/1656 1657/1657/1657 1658/1658/1658
f 1659/1659/1659 1658/1658/1658 1657/1657/1657
f 1658/1658/1658 1659/1659/1659 1660/1660/1660
f 1661/1661/1661 1660/1660/1660 1659/1659/1659
f 1660/1660/1660 1661/1661/1661 1662/1662/1662
f 1660/1660/1660 1662/1662/1662 1663/1663/1663
f 1664/1664/1664 1662/1662/1662 1661/1661/1661
f 1665/1665/1665 1664/1664/1664 1661/1661/1661
f 1662/1662/1662 1666/1666/1666 1663/1663/1663
f 1665/1665/1665 1667/1667/1667 1664/1664/1664
f 1665/1665/1665 1668/1668/1668 1667/1667/1667
f 1669/1669/1669 1667/1667/1667 1668/1668/1668
f 1670/1670/1670 1664/1664/1664 1667/1667/1667
f 1645/1645/1645 1670/1670/1670 1667/1667/1667
f 1645/1645/1645 1647/1647/1647 1670/1670/1670
f 1666/1666/1666 1670/1670/1670 1647/1647/1647
f 1671/1671/1671 1666/1666/1666 1647/1647/1647
f 1671/1671/1671 1663/1663/1663 1666/1666/1666
f 1671/1671/1671 1672/1672/1672 1663/1663/1663
f 1673/1673/1673 1663/1663/1663 1672/1672/1672
f 1676/1676/1676 1675/1675/1675 1674/1674/1674
f 1677/1677/1677 1674/1674/1674 1675/1675/1675
f 1680/1680/1680 1679/1679/1679 1678/1678/1678
f 1681/1681/1681 1678/1678/1678 1679/1679/1679
f 1684/1684/1684 1683/1683/1683 1682/1682/1682
f 1685/1685/1685 1682/1682/1682 1683/1683/1683
f 1682/1682/1682 1685/1685/1685 1686/1686/1686
f 1682/1682/1682 1686/1686/1686 1687/1687/1687
f 1688/1688/1688 1686/1686/1686 1685/1685/1685
f 1689/1689/1689 1688/1688/1688 1685/1685/1685
f 1686/1686/1686 1690/1690/1690 1687/1687/1687
f 1689/1689/1689 1691/1691/1691 1688/1688/1688
f 1692/1692/1692 1688/1688/1688 1691/1691/1691
f 1689/1689/1689 1693/1693/1693 1691/1691/1691
f 1694/1694/1694 1691/1691/1691 1693/1693/1693
f 1694/1694/1694 1693/1693/1693 1695/1695/1695
f 1696/1696/1696 1695/1695/1695 1693/1693/1693
f 1696/1696/1696 1697/1697/1697 1695/1695/1695
f 1698/1698/1698 1695/1695/1695 1697/1697/1697
f 1698/1698/1698 1697/1697/1697 1699/1699/1699
f 1700/1700/1700 1699/1699/1699 1697/1697/1697
f 1700/1700/1700 1701/1701/1701 1699/1699/1699
f 1702/1702/1702 1692/1692/1692 1691/1691/1691
f 1703/1703/1703 1699/1699/1699 1701/1701/1701
f 1702/1702/1702 1704/1704/1704 1692/1692/1692
f 1702/1702/1702 1705/1705/1705 1704/1704/1704
f 1706/1706/1706 1704/1704/1704 1705/1705/1705
f 1690/1690/1690 1692/1692/1692 1704/1704/1704
f 1707/1707/1707 1690/1690/1690 1704/1704/1704
f 1707/1707/1707 1687/1687/1687 1690/1690/1690
f 1707/1707/1707 1708/1708/1708 1687/1687/1687
f 1709/1709/1709 1687/1687/1687 1708/1708/1708
f 1709/1709/1709 1708/1708/1708 1710/1710/1710
f 1711/1711/1711 1710/1710/1710 1708/1708/1708
f 1711/1711/1711 1712/1712/1712 1710/1710/1710
f 1713/1713/1713 1710/1710/1710 1712/1712/1712
f 1713/1713/1713 1712/1712/1712 1714/1714/1714
f 1715/1715/1715 1714/1714/1714 1712/1712/1712
f 1715/1715/1715 1716/1716/1716 1714/1714/1714
f 1717/1717/1717 1714/1714/1714 1716/1716/1716
f 1717/1717/1717 1716/1716/1716 1718/1718/1718
f 1717/1717/1717 1718/1718/1718 1719/1719/1719
f 1720/1720/1720 1718/1718/1718 1716/1716/1716
f 1718/1718/1718 1721/1721/1721 1719/1719/1719
f 1722/1722/1722 1720/1720/1720 1716/1716/1716
f 1723/1723/1723 1719/1719/1719 1721/1721/1721
f 1719/1719/1719 1723/1723/1723 1724/1724/1724
f 1725/1725/1725 1724/1724/1724 1723/1723/1723
f 1723/1723/1723 1721/1721/1721 1701/1701/1701
f 1721/1721/1721 1726/1726/1726 1701/1701/1701
f 1703/1703/1703 1701/1701/1701 1726/1726/1726
f 1703/1703/1703 1726/1726/1726 1727/1727/1727
f 1726/1726/1726 1720/1720/1720 1727/1727/1727
f 1722/1722/1722 1727/1727/1727 1720/1720/1720
f 1727/1727/1727 1722/1722/1722 1728/1728/1728
f 1729/1729/1729 1728/1728/1728 1722/1722/1722
f 1732/1732/1732 1731/1731/1731 1730/1730/1730
f 1733/1733/1733 1730/1730/1730 1731/1731/1731
f 1736/1736/1736 1735/1735/1735 1734/1734/1734
f 1737/1737/1737 1734/1734/1734 1735/1735/1735
f 1740/1740/1740 1739/1739/1739 1738/1738/1738
f 1741/1741/1741 1738/1738/1738 1739/1739/1739
f 1741/1741/1741 1739/1739/1739 1742/1742/1742
f 1743/1743/1743 1742/1742/1742 1739/1739/1739
f 1739/1739/1739 1744/1744/1744 1743/1743/1743
f 1743/1743/1743 1745/1745/1745 1742/1742/1742
f 1746/1746/1746 1742/1742/1742 1745/1745/1745
f 1746/1746/1746 1745/1745/1745 1747/1747/1747
f 1748/1748/1748 1743/1743/1743 1744/1744/1744
f 1749/1749/1749 1747/1747/1747 1745/1745/1745
f 1745/1745/1745 1750/1750/1750 1749/1749/1749
f 1749/1749/1749 1751/1751/1751 1747/1747/1747
f 1752/1752/1752 1747/1747/1747 1751/1751/1751
f 1753/1753/1753 1749/1749/1749 1750/1750/1750
f 1748/1748/1748 1744/1744/1744 1754/1754/1754
f 1755/1755/1755 1754/1754/1754 1744/1744/1744
f 1744/1744/1744 1756/1756/1756 1755/1755/1755
f 1757/1757/1757 1755/1755/1755 1756/1756/1756
f 1754/1754/1754 1758/1758/1758 1748/1748/1748
f 1750/1750/1750 1748/1748/1748 1758/1758/1758
f 1758/1758/1758 1759/1759/1759 1750/1750/1750
f 1753/1753/1753 1750/1750/1750 1759/1759/1759
f 1759/1759/1759 1760/1760/1760 1753/1753/1753
f 1761/1761/1761 1753/1753/1753 1760/1760/1760
f 1764/1764/1764 1763/1763/1763 1762/1762/1762
f 1765/1765/1765 1762/1762/1762 1763/1763/1763
f 1763/1763/1763 1766/1766/1766 1765/1765/1765
f 1767/1767/1767 1765/1765/1765 1766/1766/1766
f 1766/1766/1766 1768/1768/1768 1767/1767/1767
f 1767/1767/1767 1769/1769/1769 1765/1765/1765
f 1770/1770/1770 1767/1767/1767 1768/1768/1768
f 1768/1768/1768 1771/1771/1771 1770/1770/1770
f 1772/1772/1772 1765/1765/1765 1769/1769/1769
f 1773/1773/1773 1770/1770/1770 1771/1771/1771
f 1771/1771/1771 1774/1774/1774 1773/1773/1773
f 1775/1775/1775 1773/1773/1773 1774/1774/1774
f 1773/1773/1773 1776/1776/1776 1770/1770/1770
f 1777/1777/1777 1770/1770/1770 1776/1776/1776
f 1772/1772/1772 1769/1769/1769 1778/1778/1778
f 1778/1778/1778 1779/1779/1779 1772/1772/1772
f 1780/1780/1780 1772/1772/1772 1779/1779/1779
f 1781/1781/1781 1778/1778/1778 1769/1769/1769
f 1769/1769/1769 1777/1777/1777 1781/1781/1781
f 1782/1782/1782 1781/1781/1781 1777/1777/1777
f 1777/1777/1777 1776/1776/1776 1782/1782/1782
f 1783/1783/1783 1782/1782/1782 1776/1776/1776
f 1776/1776/1776 1784/1784/1784 1783/1783/1783
f 1785/1785/1785 1783/1783/1783 1784/1784/1784
f 1788/1788/1788 1787/1787/1787 1786/1786/1786
f 1789/1789/1789 1786/1786/1786 1787/1787/1787
f 1789/1789/1789 1787/1787/1787 1790/1790/1790
f 1791/1791/1791 1790/1790/1790 1787/1787/1787
f 1791/1791/1791 1792/1792/1792 1790/1790/1790
f 1790/1790/1790 1793/1793/1793 1789/1789/1789
f 1794/1794/1794 1790/1790/1790 1792/1792/1792
f 1795/1795/1795 1789/1789/1789 1793/1793/1793
f 1794/1794/1794 1792/1792/1792 1796/1796/1796
f 1797/1797/1797 1796/1796/1796 1792/1792/1792
f 1797/1797/1797 1798/1798/1798 1796/1796/1796
f 1799/1799/1799 1796/1796/1796 1798/1798/1798
f 1796/1796/1796 1800/1800/1800 1794/1794/1794
f 1801/1801/1801 1794/1794/1794 1800/1800/1800
f 1795/1795/1795 1793/1793/1793 1802/1802/1802
f 1802/1802/1802 1803/1803/1803 1795/1795/1795
f 1804/1804/1804 1795/1795/1795 1803/1803/1803
f 1805/1805/1805 1802/1802/1802 1793/1793/1793
f 1793/1793/1793 1801/1801/1801 1805/1805/1805
f 1806/1806/1806 1805/1805/1805 1801/1801/1801
f 1801/1801/1801 1800/1800/1800 1806/1806/1806
f 1807/1807/1807 1806/1806/1806 1800/1800/1800
f 1800/1800/1800 1808/1808/1808 1807/1807/1807
f 1809/1809/1809 1807/1807/1807 1808/1808/1808
f 1812/1812/1812 1811/1811/1811 1810/1810/1810
f 1813/1813/1813 1810/1810/1810 1811/1811/1811
f 1811/1811/1811 1814/1814/1814 1813/1813/1813
f 1815/1815/1815 1813/1813/1813 1814/1814/1814
f 1811/1811/1811 1816/1816/1816 1814/1814/1814
f 1814/1814/1814 1817/1817/1817 1815/1815/1815
f 1818/1818/1818 1815/1815/1815 1817/1817/1817
f 1819/1819/1819 1814/1814/1814 1816/1816/1816
f 1817/1817/1817 1820/1820/1820 1818/1818/1818
f 1821/1821/1821 1818/1818/1818 1820/1820/1820
f 1817/1817/1817 1822/1822/1822 1820/1820/1820
f 1820/1820/1820 1823/1823/1823 1821/1821/1821
f 1824/1824/1824 1821/1821/1821 1823/1823/1823
f 1825/1825/1825 1820/1820/1820 1822/1822/1822
f 1819/1819/1819 1816/1816/1816 1826/1826/1826
f 1827/1827/1827 1826/1826/1826 1816/1816/1816
f 1816/1816/1816 1828/1828/1828 1827/1827/1827
f 1829/1829/1829 1827/1827/1827 1828/1828/1828
f 1826/1826/1826 1830/1830/1830 1819/1819/1819
f 1822/1822/1822 1819/1819/1819 1830/1830/1830
f 1830/1830/1830 1831/1831/1831 1822/1822/1822
f 1825/1825/1825 1822/1822/1822 1831/1831/1831
f 1831/1831/1831 1832/1832/1832 1825/1825/1825
f 1833/1833/1833 1825/1825/1825 1832/1832/1832
f 1836/1836/1836 1835/1835/1835 1834/1834/1834
f 1835/1835/1835 1837/1837/1837 1834/1834/1834
f 1835/1835/1835 1838/1838/1838 1837/1837/1837
f 1837/1837/1837 1839/1839/1839 1834/1834/1834
f 1839/1839/1839 1840/1840/1840 1834/1834/1834
f 1841/1841/1841 1837/1837/1837 1838/1838/1838
f 1838/1838/1838 1842/1842/1842 1841/1841/1841
f 1842/1842/1842 1838/1838/1838 1843/1843/1843
f 1838/1838/1838 1844/1844/1844 1843/1843/1843
f 1844/1844/1844 1845/1845/1845 1843/1843/1843
f 1846/1846/1846 1842/1842/1842 1843/1843/1843
f 1847/1847/1847 1841/1841/1841 1842/1842/1842
f 1847/1847/1847 1842/1842/1842 1848/1848/1848
f 1849/1849/1849 1848/1848/1848 1842/1842/1842
f 1841/1841/1841 1847/1847/1847 1850/1850/1850
f 1851/1851/1851 1841/1841/1841 1850/1850/1850
f 1847/1847/1847 1852/1852/1852 1850/1850/1850
f 1852/1852/1852 1853/1853/1853 1850/1850/1850
f 1848/1848/1848 1849/1849/1849 1854/1854/1854
f 1855/1855/1855 1848/1848/1848 1854/1854/1854
f 1849/1849/1849 1856/1856/1856 1854/1854/1854
f 1856/1856/1856 1857/1857/1857 1854/1854/1854
f 1860/1860/1860 1859/1859/1859 1858/1858/1858
f 1861/1861/1861 1858/1858/1858 1859/1859/1859
f 1858/1858/1858 1861/1861/1861 1862/1862/1862
f 1863/1863/1863 1862/1862/1862 1861/1861/1861
f 1862/1862/1862 1863/1863/1863 1864/1864/1864
f 1865/1865/1865 1864/1864/1864 1863/1863/1863
f 1864/1864/1864 1865/1865/1865 1866/1866/1866
f 1867/1867/1867 1866/1866/1866 1865/1865/1865
f 1866/1866/1866 1867/1867/1867 1868/1868/1868
f 1869/1869/1869 1868/1868/1868 1867/1867/1867
f 1868/1868/1868 1869/1869/1869 1870/1870/1870
f 1871/1871/1871 1870/1870/1870 1869/1869/1869
f 1874/1874/1874 1873/1873/1873 1872/1872/1872
f 1873/1873/1873 1875/1875/1875 1872/1872/1872
f 1875/1875/1875 1876/1876/1876 1872/1872/1872
f 1877/1877/1877 1875/1875/1875 1873/1873/1873
f 1880/1880/1880 1879/1879/1879 1878/1878/1878
f 1881/1881/1881 1878/1878/1878 1879/1879/1879
f 1879/1879/1879 1882/1882/1882 1881/1881/1881
f 1883/1883/1883 1881/1881/1881 1882/1882/1882
f 1882/1882/1882 1884/1884/1884 1883/1883/1883
f 1885/1885/1885 1883/1883/1883 1884/1884/1884
f 1884/1884/1884 1886/1886/1886 1885/1885/1885
f 1887/1887/1887 1885/1885/1885 1886/1886/1886
f 1886/1886/1886 1888/1888/1888 1887/1887/1887
f 1889/1889/1889 1887/1887/1887 1888/1888/1888
f 1888/1888/1888 1890/1890/1890 1889/1889/1889
f 1891/1891/1891 1889/1889/1889 1890/1890/1890
f 1894/1894/1894 1893/1893/1893 1892/1892/1892
f 1894/1894/1894 1892/1892/1892 1895/1895/1895
f 1896/1896/1896 1892/1892/1892 1893/1893/1893
f 1897/1897/1897 1895/1895/1895 1892/1892/1892
f 1893/1893/1893 1898/1898/1898 1896/1896/1896
f 1895/1895/1895 1897/1897/1897 1899/1899/1899
f 1900/1900/1900 1896/1896/1896 1898/1898/1898
f 1901/1901/1901 1899/1899/1899 1897/1897/1897
f 1898/1898/1898 1902/1902/1902 1900/1900/1900
f 1903/1903/1903 1900/1900/1900 1902/1902/1902
f 1902/1902/1902 1904/1904/1904 1903/1903/1903
f 1905/1905/1905 1903/1903/1903 1904/1904/1904
f 1899/1899/1899 1901/1901/1901 1906/1906/1906
f 1904/1904/1904 1906/1906/1906 1905/1905/1905
f 1907/1907/1907 1906/1906/1906 1901/1901/1901
f 1907/1907/1907 1905/1905/1905 1906/1906/1906
f 1910/1910/1910 1909/1909/1909 1908/1908/1908
f 1910/1910/1910 1908/1908/1908 1911/1911/1911
f 1912/1912/1912 1908/1908/1908 1909/1909/1909
f 1913/1913/1913 1911/1911/1911 1908/1908/1908
f 1911/1911/1911 1913/1913/1913 1914/1914/1914
f 1915/1915/1915 1914/1914/1914 1913/1913/1913
f 1914/1914/1914 1915/1915/1915 1916/1916/1916
f 1917/1917/1917 1916/1916/1916 1915/1915/1915
f 1916/1916/1916 1917/1917/1917 1918/1918/1918
f 1919/1919/1919 1918/1918/1918 1917/1917/1917
f 1918/1918/1918 1919/1919/1919 1920/1920/1920
f 1921/1921/1921 1920/1920/1920 1919/1919/1919
f 1909/1909/1909 1922/1922/1922 1912/1912/1912
f 1920/1920/1920 1921/1921/1921 1922/1922/1922
f 1923/1923/1923 1912/1912/1912 1922/1922/1922
f 1923/1923/1923 1922/1922/1922 1921/1921/1921
f 1926/1926/1926 1925/1925/1925 1924/1924/1924
f 1924/1924/1924 1925/1925/1925 1927/1927/1927
f 1928/1928/1928 1925/1925/1925 1926/1926/1926
f 1927/1927/1927 1925/1925/1925 1929/1929/1929
f 1930/1930/1930 1925/1925/1925 1928/1928/1928
f 1929/1929/1929 1925/1925/1925 1931/1931/1931
f 1932/1932/1932 1925/1925/1925 1930/1930/1930
f 1931/1931/1931 1925/1925/1925 1932/1932/1932
f 1935/1935/1935 1934/1934/1934 1933/1933/1933
f 1933/1933/1933 1934/1934/1934 1936/1936/1936
f 1937/1937/1937 1934/1934/1934 1935/1935/1935
f 1936/1936/1936 1934/1934/1934 1938/1938/1938
f 1939/1939/1939 1934/1934/1934 1937/1937/1937
f 1938/1938/1938 1934/1934/1934 1940/1940/1940
f 1941/1941/1941 1934/1934/1934 1939/1939/1939
f 1940/1940/1940 1934/1934/1934 1941/1941/1941
f 1944/1944/1944 1943/1943/1943 1942/1942/1942
f 1944/1944/1944 1945/1945/1945 1943/1943/1943
f 1946/1946/1946 1942/1942/1942 1943/1943/1943
f 1947/1947/1947 1943/1943/1943 1945/1945/1945
f 1945/1945/1945 1948/1948/1948 1947/1947/1947
f 1949/1949/1949 1947/1947/1947 1948/1948/1948
f 1948/1948/1948 1950/1950/1950 1949/1949/1949
f 1951/1951/1951 1949/1949/1949 1950/1950/1950
f 1950/1950/1950 1952/1952/1952 1951/1951/1951
f 1953/1953/1953 1951/1951/1951 1952/1952/1952
f 1946/1946/1946 1954/1954/1954 1942/1942/1942
f 1955/1955/1955 1942/1942/1942 1954/1954/1954
f 1952/1952/1952 1956/1956/1956 1953/1953/1953
f 1955/1955/1955 1954/1954/1954 1956/1956/1956
f 1957/1957/1957 1953/1953/1953 1956/1956/1956
f 1957/1957/1957 1956/1956/1956 1954/1954/1954
f 1960/1960/1960 1959/1959/1959 1958/1958/1958
f 1958/1958/1958 1959/1959/1959 1961/1961/1961
f 1962/1962/1962 1959/1959/1959 1960/1960/1960
f 1961/1961/1961 1959/1959/1959 1963/1963/1963
f 1964/1964/1964 1959/1959/1959 1962/1962/1962
f 1963/1963/1963 1959/1959/1959 1965/1965/1965
f 1966/1966/1966 1959/1959/1959 1964/1964/1964
f 1965/1965/1965 1959/1959/1959 1966/1966/1966
f 1969/1969/1969 1968/1968/1968 1967/1967/1967
f 1967/1967/1967 1968/1968/1968 1970/1970/1970
f 1971/1971/1971 1968/1968/1968 1969/1969/1969
f 1970/1970/1970 1968/1968/1968 1972/1972/1972
f 1973/1973/1973 1968/1968/1968 1971/1971/1971
f 1972/1972/1972 1968/1968/1968 1974/1974/1974
f 1975/1975/1975 1968/1968/1968 1973/1973/1973
f 1974/1974/1974 1968/1968/1968 1975/1975/1975
f 1978/1978/1978 1977/1977/1977 1976/1976/1976
f 1979/1979/1979 1976/1976/1976 1977/1977/1977
f 1976/1976/1976 1980/1980/1980 1978/1978/1978
f 1977/1977/1977 1981/1981/1981 1979/1979/1979
f 1982/1982/1982 1978/1978/1978 1980/1980/1980
f 1983/1983/1983 1979/1979/1979 1981/1981/1981
f 1980/1980/1980 1984/1984/1984 1982/1982/1982
f 1981/1981/1981 1985/1985/1985 1983/1983/1983
f 1986/1986/1986 1982/1982/1982 1984/1984/1984
f 1987/1987/1987 1983/1983/1983 1985/1985/1985
f 1984/1984/1984 1988/1988/1988 1986/1986/1986
f 1985/1985/1985 1989/1989/1989 1987/1987/1987
f 1990/1990/1990 1986/1986/1986 1988/1988/1988
f 1991/1991/1991 1987/1987/1987 1989/1989/1989
f 1988/1988/1988 1991/1991/1991 1990/1990/1990
f 1989/1989/1989 1990/1990/1990 1991/1991/1991
f 1994/1994/1994 1993/1993/1993 1992/1992/1992
f 1995/1995/1995 1992/1992/1992 1993/1993/1993
f 1992/1992/1992 1996/1996/1996 1994/1994/1994
f 1993/1993/1993 1997/1997/1997 1995/1995/1995
f 1998/1998/1998 1994/1994/1994 1996/1996/1996
f 1999/1999/1999 1995/1995/1995 1997/1997/1997
f 1996/1996/1996 2000/2000/2000 1998/1998/1998
f 1997/1997/1997 2001/2001/2001 1999/1999/1999
f 2002/2002/2002 1998/1998/1998 2000/2000/2000
f 2003/2003/2003 1999/1999/1999 2001/2001/2001
f 2000/2000/2000 2004/2004/2004 2002/2002/2002
f 2001/2001/2001 2005/2005/2005 2003/2003/2003
f 2006/2006/2006 2002/2002/2002 2004/2004/2004
f 2007/2007/2007 2003/2003/2003 2005/2005/2005
f 2004/2004/2004 2007/2007/2007 2006/2006/2006
f 2005/2005/2005 2006/2006/2006 2007/2007/2007
f 2010/2010/2010 2009/2009/2009 2008/2008/2008
f 2011/2011/2011 2008/2008/2008 2009/2009/2009
f 2008/2008/2008 2012/2012/2012 2010/2010/2010
f 2009/2009/2009 2013/2013/2013 2011/2011/2011
f 2014/2014/2014 2010/2010/2010 2012/2012/2012
f 2015/2015/2015 2011/2011/2011 2013/2013/2013
f 2012/2012/2012 2016/2016/2016 2014/2014/2014
f 2013/2013/2013 2017/2017/2017 2015/2015/2015
f 2018/2018/2018 2014/2014/2014 2016/2016/2016
f 2019/2019/2019 2015/2015/2015 2017/2017/2017
f 2016/2016/2016 2020/2020/2020 2018/2018/2018
f 2017/2017/2017 2021/2021/2021 2019/2019/2019
f 2022/2022/2022 2018/2018/2018 2020/2020/2020
f 2023/2023/2023 2019/2019/2019 2021/2021/2021
f 2020/2020/2020 2023/2023/2023 2022/2022/2022
f 2021/2021/2021 2022/2022/2022 2023/2023/2023
f 2026/2026/2026 2025/2025/2025 2024/2024/2024
f 2027/2027/2027 2024/2024/2024 2025/2025/2025
f 2024/2024/2024 2028/2028/2028 2026/2026/2026
f 2025/2025/2025 2029/2029/2029 2027/2027/2027
f 2030/2030/2030 2026/2026/2026 2028/2028/2028
f 2031/2031/2031 2027/2027/2027 2029/2029/2029
f 2028/2028/2028 2032/2032/2032 2030/2030/2030
f 2029/2029/2029 2033/2033/2033 2031/2031/2031
f 2034/2034/2034 2030/2030/2030 2032/2032/2032
f 2035/2035/2035 2031/2031/2031 2033/2033/2033
f 2032/2032/2032 2036/2036/2036 2034/2034/2034
f 2033/2033/2033 2037/2037/2037 2035/2035/2035
f 2038/2038/2038 2034/2034/2034 2036/2036/2036
f 2039/2039/2039 2035/2035/2035 2037/2037/2037
f 2036/2036/2036 2039/2039/2039 2038/2038/2038
f 2037/2037/2037 2038/2038/2038 2039/2039/2039
f 2042/2042/2042 2041/2041/2041 2040/2040/2040
f 2043/2043/2043 2040/2040/2040 2041/2041/2041
f 2040/2040/2040 2044/2044/2044 2042/2042/2042
f 2041/2041/2041 2045/2045/2045 2043/2043/2043
f 2046/2046/2046 2042/2042/2042 2044/2044/2044
f 2047/2047/2047 2043/2043/2043 2045/2045/2045
f 2044/2044/2044 2048/2048/2048 2046/2046/2046
f 2045/2045/2045 2049/2049/2049 2047/2047/2047
f 2049/2049/2049 2046/2046/2046 2048/2048/2048
f 2048/2048/2048 2047/2047/2047 2049/2049/2049
f 2052/2052/2052 2051/2051/2051 2050/2050/2050
f 2053/2053/2053 2050/2050/2050 2051/2051/2051
f 2050/2050/2050 2054/2054/2054 2052/2052/2052
f 2051/2051/2051 2055/2055/2055 2053/2053/2053
f 2056/2056/2056 2052/2052/2052 2054/2054/2054
f 2057/2057/2057 2053/2053/2053 2055/2055/2055
f 2054/2054/2054 2058/2058/2058 2056/2056/2056
f 2055/2055/2055 2059/2059/2059 2057/2057/2057
f 2059/2059/2059 2056/2056/2056 2058/2058/2058
f 2058/2058/2058 2057/2057/2057 2059/2059/2059
f 2062/2062/2062 2061/2061/2061 2060/2060/2060
f 2063/2063/2063 2060/2060/2060 2061/2061/2061
f 2061/2061/2061 2064/2064/2064 2063/2063/2063
f 2065/2065/2065 2063/2063/2063 2064/2064/2064
f 2064/2064/2064 2066/2066/2066 2065/2065/2065
f 2067/2067/2067 2065/2065/2065 2066/2066/2066
f 2066/2066/2066 2068/2068/2068 2067/2067/2067
f 2060/2060/2060 2069/2069/2069 2062/2062/2062
f 2070/2070/2070 2062/2062/2062 2069/2069/2069
f 2060/2060/2060 2071/2071/2071 2069/2069/2069
f 2072/2072/2072 2067/2067/2067 2068/2068/2068
f 2068/2068/2068 2073/2073/2073 2072/2072/2072
f 2067/2067/2067 2072/2072/2072 2074/2074/2074
f 2069/2069/2069 2075/2075/2075 2070/2070/2070
f 2076/2076/2076 2070/2070/2070 2075/2075/2075
f 2077/2077/2077 2069/2069/2069 2071/2071/2071
f 2073/2073/2073 2076/2076/2076 2078/2078/2078
f 2078/2078/2078 2072/2072/2072 2073/2073/2073
f 2075/2075/2075 2078/2078/2078 2076/2076/2076
f 2075/2075/2075 2079/2079/2079 2078/2078/2078
f 2080/2080/2080 2074/2074/2074 2072/2072/2072
f 2081/2081/2081 2078/2078/2078 2079/2079/2079
f 2077/2077/2077 2071/2071/2071 2082/2082/2082
f 2082/2082/2082 2083/2083/2083 2077/2077/2077
f 2079/2079/2079 2077/2077/2077 2083/2083/2083
f 2084/2084/2084 2082/2082/2082 2071/2071/2071
f 2083/2083/2083 2085/2085/2085 2079/2079/2079
f 2081/2081/2081 2079/2079/2079 2085/2085/2085
f 2071/2071/2071 2086/2086/2086 2084/2084/2084
f 2085/2085/2085 2087/2087/2087 2081/2081/2081
f 2080/2080/2080 2081/2081/2081 2087/2087/2087
f 2088/2088/2088 2084/2084/2084 2086/2086/2086
f 2087/2087/2087 2089/2089/2089 2080/2080/2080
f 2074/2074/2074 2080/2080/2080 2089/2089/2089
f 2086/2086/2086 2090/2090/2090 2088/2088/2088
f 2089/2089/2089 2091/2091/2091 2074/2074/2074
f 2091/2091/2091 2088/2088/2088 2090/2090/2090
f 2090/2090/2090 2074/2074/2074 2091/2091/2091
f 2094/2094/2094 2093/2093/2093 2092/2092/2092
f 2095/2095/2095 2092/2092/2092 2093/2093/2093
f 2092/2092/2092 2096/2096/2096 2094/2094/2094
f 2093/2093/2093 2097/2097/2097 2095/2095/2095
f 2098/2098/2098 2094/2094/2094 2096/2096/2096
f 2099/2099/2099 2095/2095/2095 2097/2097/2097
f 2096/2096/2096 2100/2100/2100 2098/2098/2098
f 2097/2097/2097 2101/2101/2101 2099/2099/2099
f 2102/2102/2102 2098/2098/2098 2100/2100/2100
f 2103/2103/2103 2099/2099/2099 2101/2101/2101
f 2100/2100/2100 2104/2104/2104 2102/2102/2102
f 2101/2101/2101 2105/2105/2105 2103/2103/2103
f 2106/2106/2106 2102/2102/2102 2104/2104/2104
f 2107/2107/2107 2103/2103/2103 2105/2105/2105
f 2104/2104/2104 2107/2107/2107 2106/2106/2106
f 2105/2105/2105 2106/2106/2106 2107/2107/2107
f 2110/2110/2110 2109/2109/2109 2108/2108/2108
f 2111/2111/2111 2108/2108/2108 2109/2109/2109
f 2108/2108/2108 2112/2112/2112 2110/2110/2110
f 2109/2109/2109 2113/2113/2113 2111/2111/2111
f 2114/2114/2114 2110/2110/2110 2112/2112/2112
f 2115/2115/2115 2111/2111/2111 2113/2113/2113
f 2112/2112/2112 2116/2116/2116 2114/2114/2114
f 2113/2113/2113 2117/2117/2117 2115/2115/2115
f 2118/2118/2118 2114/2114/2114 2116/2116/2116
f 2119/2119/2119 2115/2115/2115 2117/2117/2117
f 2116/2116/2116 2120/2120/2120 2118/2118/2118
f 2117/2117/2117 2121/2121/2121 2119/2119/2119
f 2122/2122/2122 2118/2118/2118 2120/2120/2120
f 2123/2123/2123 2119/2119/2119 2121/2121/2121
f 2120/2120/2120 2123/2123/2123 2122/2122/2122
f 2121/2121/2121 2122/2122/2122 2123/2123/2123
f 2126/2126/2126 2125/2125/2125 2124/2124/2124
f 2127/2127/2127 2124/2124/2124 2125/2125/2125
f 2124/2124/2124 2128/2128/2128 2126/2126/2126
f 2125/2125/2125 2129/2129/2129 2127/2127/2127
f 2130/2130/2130 2126/2126/2126 2128/2128/2128
f 2131/2131/2131 2127/2127/2127 2129/2129/2129
f 2128/2128/2128 2132/2132/2132 2130/2130/2130
f 2129/2129/2129 2133/2133/2133 2131/2131/2131
f 2134/2134/2134 2130/2130/2130 2132/2132/2132
f 2135/2135/2135 2131/2131/2131 2133/2133/2133
f 2132/2132/2132 2136/2136/2136 2134/2134/2134
f 2133/2133/2133 2137/2137/2137 2135/2135/2135
f 2138/2138/2138 2134/2134/2134 2136/2136/2136
f 2139/2139/2139 2135/2135/2135 2137/2137/2137
f 2136/2136/2136 2139/2139/2139 2138/2138/2138
f 2137/2137/2137 2138/2138/2138 2139/2139/2139
f 2142/2142/2142 2141/2141/2141 2140/2140/2140
f 2143/2143/2143 2140/2140/2140 2141/2141/2141
f 2140/2140/2140 2144/2144/2144 2142/2142/2142
f 2141/2141/2141 2145/2145/2145 2143/2143/2143
f 2146/2146/2146 2142/2142/2142 2144/2144/2144
f 2147/2147/2147 2143/2143/2143 2145/2145/2145
f 2144/2144/2144 2148/2148/2148 2146/2146/2146
f 2145/2145/2145 2149/2149/2149 2147/2147/2147
f 2150/2150/2150 2146/2146/2146 2148/2148/2148
f 2151/2151/2151 2147/2147/2147 2149/2149/2149
f 2148/2148/2148 2152/2152/2152 2150/2150/2150
f 2149/2149/2149 2153/2153/2153 2151/2151/2151
f 2154/2154/2154 2150/2150/2150 2152/2152/2152
f 2155/2155/2155 2151/2151/2151 2153/2153/2153
f 2152/2152/2152 2155/2155/2155 2154/2154/2154
f 2153/2153/2153 2154/2154/2154 2155/2155/2155
f 2158/2158/2158 2157/2157/2157 2156/2156/2156
f 2159/2159/2159 2156/2156/2156 2157/2157/2157
f 2156/2156/2156 2160/2160/2160 2158/2158/2158
f 2157/2157/2157 2161/2161/2161 2159/2159/2159
f 2162/2162/2162 2158/2158/2158 2160/2160/2160
f 2163/2163/2163 2159/2159/2159 2161/2161/2161
f 2160/2160/2160 2164/2164/2164 2162/2162/2162
f 2161/2161/2161 2165/2165/2165 2163/2163/2163
f 2166/2166/2166 2162/2162/2162 2164/2164/2164
f 2167/2167/2167 2163/2163/2163 2165/2165/2165
f 2164/2164/2164 2168/2168/2168 2166/2166/2166
f 2165/2165/2165 2169/2169/2169 2167/2167/2167
f 2169/2169/2169 2166/2166/2166 2168/2168/2168
f 2168/2168/2168 2167/2167/2167 2169/2169/2169
f 2172/2172/2172 2171/2171/2171 2170/2170/2170
f 2173/2173/2173 2170/2170/2170 2171/2171/2171
f 2171/2171/2171 2172/2172/2172 2174/2174/2174
f 2170/2170/2170 2173/2173/2173 2175/2175/2175
f 2176/2176/2176 2174/2174/2174 2172/2172/2172
f 2177/2177/2177 2175/2175/2175 2173/2173/2173
f 2174/2174/2174 2176/2176/2176 2178/2178/2178
f 2175/2175/2175 2177/2177/2177 2179/2179/2179
f 2180/2180/2180 2178/2178/2178 2176/2176/2176
f 2181/2181/2181 2179/2179/2179 2177/2177/2177
f 2178/2178/2178 2180/2180/2180 2182/2182/2182
f 2179/2179/2179 2181/2181/2181 2183/2183/2183
f 2183/2183/2183 2182/2182/2182 2180/2180/2180
f 2182/2182/2182 2183/2183/2183 2181/2181/2181
f 2186/2186/2186 2185/2185/2185 2184/2184/2184
f 2187/2187/2187 2184/2184/2184 2185/2185/2185
f 2185/2185/2185 2186/2186/2186 2188/2188/2188
f 2184/2184/2184 2187/2187/2187 2189/2189/2189
f 2190/2190/2190 2188/2188/2188 2186/2186/2186
f 2191/2191/2191 2189/2189/2189 2187/2187/2187
f 2188/2188/2188 2190/2190/2190 2191/2191/2191
f 2189/2189/2189 2191/2191/2191 2190/2190/2190
f 2194/2194/2194 2193/2193/2193 2192/2192/2192
f 2195/2195/2195 2192/2192/2192 2193/2193/2193
f 2193/2193/2193 2194/2194/2194 2196/2196/2196
f 2192/2192/2192 2195/2195/2195 2197/2197/2197
f 2198/2198/2198 2196/2196/2196 2194/2194/2194
f 2199/2199/2199 2197/2197/2197 2195/2195/2195
f 2196/2196/2196 2198/2198/2198 2200/2200/2200
f 2197/2197/2197 2199/2199/2199 2201/2201/2201
f 2202/2202/2202 2200/2200/2200 2198/2198/2198
f 2203/2203/2203 2201/2201/2201 2199/2199/2199
f 2200/2200/2200 2202/2202/2202 2204/2204/2204
f 2201/2201/2201 2203/2203/2203 2205/2205/2205
f 2206/2206/2206 2204/2204/2204 2202/2202/2202
f 2207/2207/2207 2205/2205/2205 2203/2203/2203
f 2204/2204/2204 2206/2206/2206 2207/2207/2207
f 2205/2205/2205 2207/2207/2207 2206/2206/2206
f 2210/2210/2210 2209/2209/2209 2208/2208/2208
f 2211/2211/2211 2208/2208/2208 2209/2209/2209
f 2209/2209/2209 2210/2210/2210 2212/2212/2212
f 2208/2208/2208 2211/2211/2211 2213/2213/2213
f 2214/2214/2214 2212/2212/2212 2210/2210/2210
f 2215/2215/2215 2213/2213/2213 2211/2211/2211
f 2212/2212/2212 2214/2214/2214 2216/2216/2216
f 2213/2213/2213 2215/2215/2215 2217/2217/2217
f 2218/2218/2218 2216/2216/2216 2214/2214/2214
f 2219/2219/2219 2217/2217/2217 2215/2215/2215
f 2216/2216/2216 2218/2218/2218 2220/2220/2220
f 2217/2217/2217 2219/2219/2219 2221/2221/2221
f 2222/2222/2222 2220/2220/2220 2218/2218/2218
f 2223/2223/2223 2221/2221/2221 2219/2219/2219
f 2220/2220/2220 2222/2222/2222 2223/2223/2223
f 2221/2221/2221 2223/2223/2223 2222/2222/2222
f 2226/2226/2226 2225/2225/2225 2224/2224/2224
f 2227/2227/2227 2224/2224/2224 2225/2225/2225
f 2225/2225/2225 2226/2226/2226 2228/2228/2228
f 2224/2224/2224 2227/2227/2227 2229/2229/2229
f 2230/2230/2230 2228/2228/2228 2226/2226/2226
f 2231/2231/2231 2229/2229/2229 2227/2227/2227
f 2228/2228/2228 2230/2230/2230 2232/2232/2232
f 2229/2229/2229 2231/2231/2231 2233/2233/2233
f 2234/2234/2234 2232/2232/2232 2230/2230/2230
f 2235/2235/2235 2233/2233/2233 2231/2231/2231
f 2232/2232/2232 2234/2234/2234 2236/2236/2236
f 2233/2233/2233 2235/2235/2235 2237/2237/2237
f 2238/2238/2238 2236/2236/2236 2234/2234/2234
f 2239/2239/2239 2237/2237/2237 2235/2235/2235
f 2236/2236/2236 2238/2238/2238 2239/2239/2239
f 2237/2237/2237 2239/2239/2239 2238/2238/2238
f 2242/2242/2242 2241/2241/2241 2240/2240/2240
f 2242/2242/2242 2240/2240/2240 2243/2243/2243
f 2242/2242/2242 2243/2243/2243 2241/2241/2241
f 2244/2244/2244 2243/2243/2243 2240/2240/2240
f 2245/2245/2245 2241/2241/2241 2243/2243/2243
f 2243/2243/2243 2244/2244/2244 2245/2245/2245
f 2246/2246/2246 2240/2240/2240 2241/2241/2241
f 2240/2240/2240 2247/2247/2247 2244/2244/2244
f 2247/2247/2247 2240/2240/2240 2246/2246/2246
f 2246/2246/2246 2241/2241/2241 2248/2248/2248
f 2241/2241/2241 2245/2245/2245 2249/2249/2249
f 2249/2249/2249 2248/2248/2248 2241/2241/2241
f 2250/2250/2250 2247/2247/2247 2246/2246/2246
f 2250/2250/2250 2246/2246/2246 2248/2248/2248
f 2250/2250/2250 2251/2251/2251 2247/2247/2247
f 2250/2250/2250 2248/2248/2248 2251/2251/2251
f 2252/2252/2252 2244/2244/2244 2247/2247/2247
f 2252/2252/2252 2247/2247/2247 2251/2251/2251
f 2244/2244/2244 2252/2252/2252 2253/2253/2253
f 2253/2253/2253 2245/2245/2245 2244/2244/2244
f 2253/2253/2253 2252/2252/2252 2251/2251/2251
f 2254/2254/2254 2251/2251/2251 2248/2248/2248
f 2248/2248/2248 2249/2249/2249 2254/2254/2254
f 2254/2254/2254 2253/2253/2253 2251/2251/2251
f 2255/2255/2255 2249/2249/2249 2245/2245/2245
f 2245/2245/2245 2253/2253/2253 2255/2255/2255
f 2255/2255/2255 2254/2254/2254 2249/2249/2249
f 2254/2254/2254 2255/2255/2255 2253/2253/2253
f 2258/2258/2258 2257/2257/2257 2256/2256/2256
f 2259/2259/2259 2256/2256/2256 2257/2257/2257
f 2256/2256/2256 2260/2260/2260 2258/2258/2258
f 2260/2260/2260 2259/2259/2259 2261/2261/2261
f 2257/2257/2257 2261/2261/2261 2259/2259/2259
f 2261/2261/2261 2258/2258/2258 2260/2260/2260
f 2257/2257/2257 2258/2258/2258 2262/2262/2262
f 2263/2263/2263 2262/2262/2262 2258/2258/2258
f 2258/2258/2258 2261/2261/2261 2263/2263/2263
f 2262/2262/2262 2264/2264/2264 2257/2257/2257
f 2264/2264/2264 2263/2263/2263 2261/2261/2261
f 2261/2261/2261 2257/2257/2257 2264/2264/2264
f 2267/2267/2267 2266/2266/2266 2265/2265/2265
f 2268/2268/2268 2265/2265/2265 2266/2266/2266
f 2265/2265/2265 2269/2269/2269 2267/2267/2267
f 2269/2269/2269 2268/2268/2268 2270/2270/2270
f 2266/2266/2266 2270/2270/2270 2268/2268/2268
f 2270/2270/2270 2267/2267/2267 2269/2269/2269
f 2266/2266/2266 2267/2267/2267 2271/2271/2271
f 2272/2272/2272 2271/2271/2271 2267/2267/2267
f 2267/2267/2267 2270/2270/2270 2272/2272/2272
f 2271/2271/2271 2273/2273/2273 2266/2266/2266
f 2273/2273/2273 2272/2272/2272 2270/2270/2270
f 2270/2270/2270 2266/2266/2266 2273/2273/2273
f 2276/2276/2276 2275/2275/2275 2274/2274/2274
f 2277/2277/2277 2274/2274/2274 2275/2275/2275
f 2274/2274/2274 2278/2278/2278 2276/2276/2276
f 2278/2278/2278 2277/2277/2277 2279/2279/2279
f 2275/2275/2275 2279/2279/2279 2277/2277/2277
f 2279/2279/2279 2276/2276/2276 2278/2278/2278
f 2275/2275/2275 2276/2276/2276 2280/2280/2280
f 2281/2281/2281 2280/2280/2280 2276/2276/2276
f 2276/2276/2276 2279/2279/2279 2281/2281/2281
f 2280/2280/2280 2282/2282/2282 2275/2275/2275
f 2282/2282/2282 2281/2281/2281 2279/2279/2279
f 2279/2279/2279 2275/2275/2275 2282/2282/2282
f 2285/2285/2285 2284/2284/2284 2283/2283/2283
f 2286/2286/2286 2283/2283/2283 2284/2284/2284
f 2283/2283/2283 2287/2287/2287 2285/2285/2285
f 2287/2287/2287 2286/2286/2286 2288/2288/2288
f 2284/2284/2284 2288/2288/2288 2286/2286/2286
f 2288/2288/2288 2285/2285/2285 2287/2287/2287
f 2284/2284/2284 2285/2285/2285 2289/2289/2289
f 2290/2290/2290 2289/2289/2289 2285/2285/2285
f 2285/2285/2285 2288/2288/2288 2290/2290/2290
f 2289/2289/2289 2291/2291/2291 2284/2284/2284
f 2291/2291/2291 2290/2290/2290 2288/2288/2288
f 2288/2288/2288 2284/2284/2284 2291/2291/2291
f 2294/2294/2294 2293/2293/2293 2292/2292/2292
f 2295/2295/2295 2292/2292/2292 2293/2293/2293
f 2292/2292/2292 2296/2296/2296 2294/2294/2294
f 2296/2296/2296 2295/2295/2295 2297/2297/2297
f 2293/2293/2293 2297/2297/2297 2295/2295/2295
f 2297/2297/2297 2294/2294/2294 2296/2296/2296
f 2293/2293/2293 2294/2294/2294 2298/2298/2298
f 2299/2299/2299 2298/2298/2298 2294/2294/2294
f 2294/2294/2294 2297/2297/2297 2299/2299/2299
f 2298/2298/2298 2300/2300/2300 2293/2293/2293
f 2300/2300/2300 2299/2299/2299 2297/2297/2297
f 2297/2297/2297 2293/2293/2293 2300/2300/2300
f 2303/2303/2303 2302/2302/2302 2301/2301/2301
f 2304/2304/2304 2301/2301/2301 2302/2302/2302
f 2301/2301/2301 2305/2305/2305 2303/2303/2303
f 2305/2305/2305 2304/2304/2304 2306/2306/2306
f 2302/2302/2302 2306/2306/2306 2304/2304/2304
f 2306/2306/2306 2303/2303/2303 2305/2305/2305
f 2302/2302/2302 2303/2303/2303 2307/2307/2307
f 2308/2308/2308 2307/2307/2307 2303/2303/2303
f 2303/2303/2303 2306/2306/2306 2308/2308/2308
f 2307/2307/2307 2309/2309/2309 2302/2302/2302
f 2309/2309/2309 2308/2308/2308 2306/2306/2306
f 2306/2306/2306 2302/2302/2302 2309/2309/2309
f 2312/2312/2312 2311/2311/2311 2310/2310/2310
f 2313/2313/2313 2310/2310/2310 2311/2311/2311
f 2310/2310/2310 2314/2314/2314 2312/2312/2312
f 2314/2314/2314 2313/2313/2313 2315/2315/2315
f 2311/2311/2311 2315/2315/2315 2313/2313/2313
f 2315/2315/2315 2312/2312/2312 2314/2314/2314
f 2311/2311/2311 2312/2312/2312 2316/2316/2316
f 2317/2317/2317 2316/2316/2316 2312/2312/2312
f 2312/2312/2312 2315/2315/2315 2317/2317/2317
f 2316/2316/2316 2318/2318/2318 2311/2311/2311
f 2318/2318/2318 2317/2317/2317 2315/2315/2315
f 2315/2315/2315 2311/2311/2311 2318/2318/2318
f 2321/2321/2321 2320/2320/2320 2319/2319/2319
f 2322/2322/2322 2319/2319/2319 2320/2320/2320
f 2319/2319/2319 2323/2323/2323 2321/2321/2321
f 2323/2323/2323 2322/2322/2322 2324/2324/2324
f 2320/2320/2320 2324/2324/2324 2322/2322/2322
f 2324/2324/2324 2321/2321/2321 2323/2323/2323
f 2320/2320/2320 2321/2321/2321 2325/2325/2325
f 2326/2326/2326 2325/2325/2325 2321/2321/2321
f 2321/2321/2321 2324/2324/2324 2326/2326/2326
f 2325/2325/2325 2327/2327/2327 2320/2320/2320
f 2327/2327/2327 2326/2326/2326 2324/2324/2324
f 2324/2324/2324 2320/2320/2320 2327/2327/2327
f 2330/2330/2330 2329/2329/2329 2328/2328/2328
f 2331/2331/2331 2328/2328/2328 2329/2329/2329
f 2328/2328/2328 2331/2331/2331 2332/2332/2332
f 2332/2332/2332 2333/2333/2333 2330/2330/2330
f 2329/2329/2329 2330/2330/2330 2333/2333/2333
f 2333/2333/2333 2332/2332/2332 2331/2331/2331
f 2331/2331/2331 2329/2329/2329 2334/2334/2334
f 2329/2329/2329 2333/2333/2333 2335/2335/2335
f 2335/2335/2335 2334/2334/2334 2329/2329/2329
f 2333/2333/2333 2331/2331/2331 2336/2336/2336
f 2334/2334/2334 2336/2336/2336 2331/2331/2331
f 2336/2336/2336 2335/2335/2335 2333/2333/2333
f 2334/2334/2334 2335/2335/2335 2337/2337/2337
f 2338/2338/2338 2337/2337/2337 2335/2335/2335
f 2335/2335/2335 2336/2336/2336 2338/2338/2338
f 2337/2337/2337 2339/2339/2339 2334/2334/2334
f 2339/2339/2339 2338/2338/2338 2336/2336/2336
f 2336/2336/2336 2334/2334/2334 2339/2339/2339
f 2342/2342/2342 2341/2341/2341 2340/2340/2340
f 2343/2343/2343 2340/2340/2340 2341/2341/2341
f 2340/2340/2340 2343/2343/2343 2344/2344/2344
f 2344/2344/2344 2345/2345/2345 2342/2342/2342
f 2341/2341/2341 2342/2342/2342 2345/2345/2345
f 2345/2345/2345 2344/2344/2344 2343/2343/2343
f 2341/2341/2341 2346/2346/2346 2343/2343/2343
f 2345/2345/2345 2347/2347/2347 2341/2341/2341
f 2346/2346/2346 2341/2341/2341 2347/2347/2347
f 2343/2343/2343 2348/2348/2348 2345/2345/2345
f 2347/2347/2347 2345/2345/2345 2348/2348/2348
f 2348/2348/2348 2343/2343/2343 2346/2346/2346
f 2346/2346/2346 2347/2347/2347 2349/2349/2349
f 2348/2348/2348 2346/2346/2346 2350/2350/2350
f 2349/2349/2349 2350/2350/2350 2346/2346/2346
f 2347/2347/2347 2348/2348/2348 2351/2351/2351
f 2350/2350/2350 2351/2351/2351 2348/2348/2348
f 2351/2351/2351 2349/2349/2349 2347/2347/2347
f 2350/2350/2350 2349/2349/2349 2352/2352/2352
f 2353/2353/2353 2352/2352/2352 2349/2349/2349
f 2349/2349/2349 2351/2351/2351 2353/2353/2353
f 2352/2352/2352 2354/2354/2354 2350/2350/2350
f 2354/2354/2354 2353/2353/2353 2351/2351/2351
f 2351/2351/2351 2350/2350/2350 2354/2354/2354
f 2357/2357/2357 2356/2356/2356 2355/2355/2355
f 2358/2358/2358 2355/2355/2355 2356/2356/2356
f 2356/2356/2356 2357/2357/2357 2359/2359/2359
f 2355/2355/2355 2358/2358/2358 2360/2360/2360
f 2361/2361/2361 2359/2359/2359 2357/2357/2357
f 2362/2362/2362 2360/2360/2360 2358/2358/2358
f 2359/2359/2359 2361/2361/2361 2363/2363/2363
f 2360/2360/2360 2362/2362/2362 2364/2364/2364
f 2365/2365/2365 2363/2363/2363 2361/2361/2361
f 2366/2366/2366 2364/2364/2364 2362/2362/2362
f 2363/2363/2363 2365/2365/2365 2367/2367/2367
f 2364/2364/2364 2366/2366/2366 2368/2368/2368
f 2369/2369/2369 2367/2367/2367 2365/2365/2365
f 2370/2370/2370 2368/2368/2368 2366/2366/2366
f 2367/2367/2367 2369/2369/2369 2370/2370/2370
f 2368/2368/2368 2370/2370/2370 2369/2369/2369
f 2373/2373/2373 2372/2372/2372 2371/2371/2371
f 2374/2374/2374 2371/2371/2371 2372/2372/2372
f 2375/2375/2375 2373/2373/2373 2371/2371/2371
f 2373/2373/2373 2376/2376/2376 2372/2372/2372
f 2375/2375/2375 2377/2377/2377 2373/2373/2373
f 2376/2376/2376 2373/2373/2373 2377/2377/2377
f 2378/2378/2378 2372/2372/2372 2376/2376/2376
f 2372/2372/2372 2379/2379/2379 2374/2374/2374
f 2372/2372/2372 2378/2378/2378 2379/2379/2379
f 2377/2377/2377 2380/2380/2380 2376/2376/2376
f 2376/2376/2376 2380/2380/2380 2378/2378/2378
f 2381/2381/2381 2379/2379/2379 2378/2378/2378
f 2379/2379/2379 2382/2382/2382 2374/2374/2374
f 2379/2379/2379 2381/2381/2381 2382/2382/2382
f 2378/2378/2378 2383/2383/2383 2381/2381/2381
f 2383/2383/2383 2378/2378/2378 2380/2380/2380
f 2380/2380/2380 2371/2371/2371 2383/2383/2383
f 2374/2374/2374 2383/2383/2383 2371/2371/2371
f 2381/2381/2381 2383/2383/2383 2384/2384/2384
f 2384/2384/2384 2382/2382/2382 2381/2381/2381
f 2371/2371/2371 2380/2380/2380 2385/2385/2385
f 2371/2371/2371 2385/2385/2385 2375/2375/2375
f 2380/2380/2380 2377/2377/2377 2386/2386/2386
f 2386/2386/2386 2385/2385/2385 2380/2380/2380
f 2383/2383/2383 2374/2374/2374 2387/2387/2387
f 2387/2387/2387 2384/2384/2384 2383/2383/2383
f 2388/2388/2388 2374/2374/2374 2382/2382/2382
f 2388/2388/2388 2387/2387/2387 2374/2374/2374
f 2385/2385/2385 2386/2386/2386 2388/2388/2388
f 2387/2387/2387 2388/2388/2388 2386/2386/2386
f 2377/2377/2377 2375/2375/2375 2389/2389/2389
f 2389/2389/2389 2386/2386/2386 2377/2377/2377
f 2382/2382/2382 2384/2384/2384 2390/2390/2390
f 2382/2382/2382 2390/2390/2390 2388/2388/2388
f 2391/2391/2391 2375/2375/2375 2385/2385/2385
f 2391/2391/2391 2389/2389/2389 2375/2375/2375
f 2392/2392/2392 2386/2386/2386 2389/2389/2389
f 2386/2386/2386 2392/2392/2392 2387/2387/2387
f 2389/2389/2389 2391/2391/2391 2392/2392/2392
f 2384/2384/2384 2387/2387/2387 2393/2393/2393
f 2393/2393/2393 2390/2390/2390 2384/2384/2384
f 2393/2393/2393 2387/2387/2387 2392/2392/2392
f 2390/2390/2390 2394/2394/2394 2388/2388/2388
f 2385/2385/2385 2388/2388/2388 2394/2394/2394
f 2394/2394/2394 2391/2391/2391 2385/2385/2385
f 2394/2394/2394 2392/2392/2392 2391/2391/2391
f 2392/2392/2392 2394/2394/2394 2393/2393/2393
f 2390/2390/2390 2393/2393/2393 2394/2394/2394
